Workbook

Sheet CS2
A1: Cầu số 1 | B1: Triều Lên | C1: HCM_NM_CS1_L | G1: Nơi thực hiện | H1: Vị trí quan trắc | I1: Số lượng mẫu | J1: Số lượng mẫu QC | K1: Ngày | L1: Ký hiệu
A2: Lê Văn Sỹ | B2: Triều Lên | C2: HCM_NM_LVS_L | G2: TBNM15 | H2: Triều Lên | I2: 1 | K2: 4 | L2: {=INDEX($A$1:$C$172,MATCH(1,($G2=$A$1:$A$172)*($H2=$B$1:$B$172),0),3)} -> HCM_NM_TBNM15_L
A3: Hải Đức | B3: Triều Lên | C3: HCM_NM_HĐ_L | G3: TBNM5 | H3: Triều Lên | I3: 1 | K3: 4 | L3: {=INDEX($A$1:$C$172,MATCH(1,($G3=$A$1:$A$172)*($H3=$B$1:$B$172),0),3)} -> HCM_NM_TBNM5_L
A4: Điện Biên Phủ | B4: Triều Lên | C4: HCM_NM_ĐBP_L | G4: Cầu Tân Thái | H4: Triều Lên | I4: 1 | K4: 4 | L4: {=INDEX($A$1:$C$172,MATCH(1,($G4=$A$1:$A$172)*($H4=$B$1:$B$172),0),3)} -> HCM_NM_CTT_L
A5: Bùi Đình Túy | B5: Triều Lên | C5: HCM_NM_BĐT_L | G5: TBNM14 | H5: Triều Lên | I5: 1 | K5: 4 | L5: {=INDEX($A$1:$C$172,MATCH(1,($G5=$A$1:$A$172)*($H5=$B$1:$B$172),0),3)} -> HCM_NM_TBNM14_L
A6: Cầu Đỏ | B6: Triều Lên | C6: HCM_NM_CĐ_L | G6: TBNM15 | H6: Triều Xuống | I6: 1 | K6: 4 | L6: {=INDEX($A$1:$C$172,MATCH(1,($G6=$A$1:$A$172)*($H6=$B$1:$B$172),0),3)} -> HCM_NM_TBNM15_X
A7: Thị Nghè 2 | B7: Triều Lên | C7: HCM_NM_TN2_L | G7: TBNM5 | H7: Triều Xuống | I7: 1 | K7: 4 | L7: {=INDEX($A$1:$C$172,MATCH(1,($G7=$A$1:$A$172)*($H7=$B$1:$B$172),0),3)} -> HCM_NM_TBNM5_X
A8: Bùi Hữu Nghĩa | B8: Triều Lên | C8: HCM_NM_BHN_L | G8: Cầu Tân Thái | H8: Triều Xuống | I8: 1 | J8: 1 | K8: 4 | L8: {=INDEX($A$1:$C$172,MATCH(1,($G8=$A$1:$A$172)*($H8=$B$1:$B$172),0),3)} -> HCM_NM_CTT_X
A9: Cầu Văn Thánh | B9: Triều Lên | C9: HCM_NM_RVT_L | G9: TBNM14 | H9: Triều Xuống | I9: 1 | K9: 4 | L9: {=INDEX($A$1:$C$172,MATCH(1,($G9=$A$1:$A$172)*($H9=$B$1:$B$172),0),3)} -> HCM_NM_TBNM14_X
A10: Cầu Văn Thánh 2 | B10: Triều Lên | C10: HCM_NM_RVT2_L | G10: TBNM9 | H10: Triều Lên | I10: 1 | J10: 1 | K10: 4 | L10: {=INDEX($A$1:$C$172,MATCH(1,($G10=$A$1:$A$172)*($H10=$B$1:$B$172),0),3)} -> HCM_NM_TBNM9_L
A11: Cầu số 1 | B11: Triều Xuống | C11: HCM_NM_CS1_X | G11: TBNM11 | H11: Triều Lên | I11: 1 | K11: 4 | L11: {=INDEX($A$1:$C$172,MATCH(1,($G11=$A$1:$A$172)*($H11=$B$1:$B$172),0),3)} -> HCM_NM_TBNM11_L
A12: Lê Văn Sỹ | B12: Triều Xuống | C12: HCM_NM_LVS_X | G12: TBNM1 | H12: Triều Lên | I12: 1 | K12: 4 | L12: {=INDEX($A$1:$C$172,MATCH(1,($G12=$A$1:$A$172)*($H12=$B$1:$B$172),0),3)} -> HCM_NM_TBNM1_L
A13: Hải Đức | B13: Triều Xuống | C13: HCM_NM_HĐ_X | G13: Thầy Cai | H13: Triều Lên | I13: 1 | K13: 4 | L13: {=INDEX($A$1:$C$172,MATCH(1,($G13=$A$1:$A$172)*($H13=$B$1:$B$172),0),3)} -> HCM_NM_TCa_L
A14: Điện Biên Phủ | B14: Triều Xuống | C14: HCM_NM_ĐBP_X | G14: TBNM9 | H14: Triều Xuống | I14: 1 | K14: 4 | L14: {=INDEX($A$1:$C$172,MATCH(1,($G14=$A$1:$A$172)*($H14=$B$1:$B$172),0),3)} -> HCM_NM_TBNM9_X
A15: Bùi Đình Túy | B15: Triều Xuống | C15: HCM_NM_BĐT_X | G15: TBNM11 | H15: Triều Xuống | I15: 1 | K15: 4 | L15: {=INDEX($A$1:$C$172,MATCH(1,($G15=$A$1:$A$172)*($H15=$B$1:$B$172),0),3)} -> HCM_NM_TBNM11_X
A16: Cầu Đỏ | B16: Triều Xuống | C16: HCM_NM_CĐ_X | G16: TBNM1 | H16: Triều Xuống | I16: 1 | K16: 4 | L16: {=INDEX($A$1:$C$172,MATCH(1,($G16=$A$1:$A$172)*($H16=$B$1:$B$172),0),3)} -> HCM_NM_TBNM1_X
A17: Thị Nghè 2 | B17: Triều Xuống | C17: HCM_NM_TN2_X | G17: Thầy Cai | H17: Triều Xuống | I17: 1 | K17: 4 | L17: {=INDEX($A$1:$C$172,MATCH(1,($G17=$A$1:$A$172)*($H17=$B$1:$B$172),0),3)} -> HCM_NM_TCa_X
A18: Bùi Hữu Nghĩa | B18: Triều Xuống | C18: HCM_NM_BHN_X | G18: Cầu Chữ Y | H18: Triều Lên | I18: 1 | K18: 5 | L18: {=INDEX($A$1:$C$172,MATCH(1,($G18=$A$1:$A$172)*($H18=$B$1:$B$172),0),3)} -> HCM_NM_CCY_L
A19: Cầu Văn Thánh | B19: Triều Xuống | C19: HCM_NM_RVT_X | G19: Chà Và | H19: Triều Lên | I19: 1 | K19: 5 | L19: {=INDEX($A$1:$C$172,MATCH(1,($G19=$A$1:$A$172)*($H19=$B$1:$B$172),0),3)} -> HCM_NM_CV_L
A20: Cầu Văn Thánh 2 | B20: Triều Xuống | C20: HCM_NM_RVT2_X | G20: Chánh Hưng | H20: Triều Lên | I20: 1 | K20: 5 | L20: {=INDEX($A$1:$C$172,MATCH(1,($G20=$A$1:$A$172)*($H20=$B$1:$B$172),0),3)} -> HCM_NM_CH_L
A21: TBNM15 | B21: Triều Lên | C21: HCM_NM_TBNM15_L | G21: Nhị Thiên Đường | H21: Triều Lên | I21: 1 | K21: 5 | L21: {=INDEX($A$1:$C$172,MATCH(1,($G21=$A$1:$A$172)*($H21=$B$1:$B$172),0),3)} -> HCM_NM_NTĐ_L
A22: TBNM5 | B22: Triều Lên | C22: HCM_NM_TBNM5_L | G22: Cầu Chữ Y | H22: Triều Xuống | I22: 1 | K22: 5 | L22: {=INDEX($A$1:$C$172,MATCH(1,($G22=$A$1:$A$172)*($H22=$B$1:$B$172),0),3)} -> HCM_NM_CCY_X
... A30: TBNM5 | B30: Triều Xuống | C30: HCM_NM_TBNM5_X | G30: Tân Thuận | H30: Triều Xuống | I30: 1 | K30: 5 | L30: {=INDEX($A$1:$C$172,MATCH(1,($G30=$A$1:$A$172)*($H30=$B$1:$B$172),0),3)} -> HCM_NM_TThu_X
A31: Cầu Tân Thái | B31: Triều Xuống | C31: HCM_NM_CTT_X | G31: Kênh Tẻ | H31: Triều Xuống | I31: 1 | J31: 2 | K31: 5 | L31: {=INDEX($A$1:$C$172,MATCH(1,($G31=$A$1:$A$172)*($H31=$B$1:$B$172),0),3)} -> HCM_NM_KT_X
A32: TBNM14 | B32: Triều Xuống | C32: HCM_NM_TBNM14_X | G32: Kênh N46 | H32: Triều Lên | I32: 1 | K32: 6 | L32: {=INDEX($A$1:$C$172,MATCH(1,($G32=$A$1:$A$172)*($H32=$B$1:$B$172),0),3)} -> HCM_NM_N46_L
A33: TBNM9 | B33: Triều Xuống | C33: HCM_NM_TBNM9_X | G33: Tân Phú Trung | H33: Triều Lên | I33: 1 | K33: 6 | L33: {=INDEX($A$1:$C$172,MATCH(1,($G33=$A$1:$A$172)*($H33=$B$1:$B$172),0),3)} -> HCM_NM_TPT_L
A34: TBNM11 | B34: Triều Xuống | C34: HCM_NM_TBNM11_X | G34: TC18A | H34: Triều Lên | I34: 1 | K34: 6 | L34: {=INDEX($A$1:$C$172,MATCH(1,($G34=$A$1:$A$172)*($H34=$B$1:$B$172),0),3)} -> HCM_NM_TC18A_L
A35: TBNM1 | B35: Triều Xuống | C35: HCM_NM_TBNM1_X | G35: An Hạ 1 | H35: Triều Lên | I35: 1 | J35: 1 | K35: 6 | L35: {=INDEX($A$1:$C$172,MATCH(1,($G35=$A$1:$A$172)*($H35=$B$1:$B$172),0),3)} -> HCM_NM_AH1_L
A36: Thầy Cai | B36: Triều Xuống | C36: HCM_NM_TCa_X | G36: Kênh N46 | H36: Triều Xuống | I36: 1 | K36: 6 | L36: {=INDEX($A$1:$C$172,MATCH(1,($G36=$A$1:$A$172)*($H36=$B$1:$B$172),0),3)} -> HCM_NM_N46_X
A37: Kênh N46 | B37: Triều Lên | C37: HCM_NM_N46_L | G37: Tân Phú Trung | H37: Triều Xuống | I37: 1 | J37: 1 | K37: 6 | L37: {=INDEX($A$1:$C$172,MATCH(1,($G37=$A$1:$A$172)*($H37=$B$1:$B$172),0),3)} -> HCM_NM_TPT_X
A38: Tân Phú Trung | B38: Triều Lên | C38: HCM_NM_TPT_L | G38: TC18A | H38: Triều Xuống | I38: 1 | K38: 6 | L38: {=INDEX($A$1:$C$172,MATCH(1,($G38=$A$1:$A$172)*($H38=$B$1:$B$172),0),3)} -> HCM_NM_TC18A_X
A39: TC18A | B39: Triều Lên | C39: HCM_NM_TC18A_L | G39: An Hạ 1 | H39: Triều Xuống | I39: 1 | K39: 6 | L39: {=INDEX($A$1:$C$172,MATCH(1,($G39=$A$1:$A$172)*($H39=$B$1:$B$172),0),3)} -> HCM_NM_AH1_X
A40: An Hạ 1 | B40: Triều Lên | C40: HCM_NM_AH1_L | G40: Cầu Đường A | H40: Triều Lên | I40: 1 | K40: 7 | L40: {=INDEX($A$1:$C$172,MATCH(1,($G40=$A$1:$A$172)*($H40=$B$1:$B$172),0),3)} -> HCM_NM_CĐA_L
A41: Cầu TL9 | B41: Triều Lên | C41: HCM_NM_CTL9_L | G41: Trung Tâm | H41: Triều Lên | I41: 1 | K41: 7 | L41: {=INDEX($A$1:$C$172,MATCH(1,($G41=$A$1:$A$172)*($H41=$B$1:$B$172),0),3)} -> HCM_NM_TrT_L
A42: Xuân Thới Sơn | B42: Triều Lên | C42: HCM_NM_XTS_L | G42: Nước Lên | H42: Triều Lên | I42: 1 | K42: 7 | L42: {=INDEX($A$1:$C$172,MATCH(1,($G42=$A$1:$A$172)*($H42=$B$1:$B$172),0),3)} -> HCM_NM_NL_L
A43: Cầu Lớn | B43: Triều Lên | C43: HCM_NM_CLo_L | G43: Lương Bèo | H43: Triều Lên | I43: 1 | K43: 7 | L43: {=INDEX($A$1:$C$172,MATCH(1,($G43=$A$1:$A$172)*($H43=$B$1:$B$172),0),3)} -> HCM_NM_LB_L
A44: An Hạ | B44: Triều Lên | C44: HCM_NM_AH_L | G44: Cầu Đường A | H44: Triều Xuống | I44: 1 | K44: 7 | L44: {=INDEX($A$1:$C$172,MATCH(1,($G44=$A$1:$A$172)*($H44=$B$1:$B$172),0),3)} -> HCM_NM_CĐA_X
A45: Rau Răm | B45: Triều Lên | C45: HCM_NM_RR_L | G45: Trung Tâm | H45: Triều Xuống | I45: 1 | K45: 7 | L45: {=INDEX($A$1:$C$172,MATCH(1,($G45=$A$1:$A$172)*($H45=$B$1:$B$172),0),3)} -> HCM_NM_TrT_X
A46: Kênh N46 | B46: Triều Xuống | C46: HCM_NM_N46_X | G46: Nước Lên | H46: Triều Xuống | I46: 1 | K46: 7 | L46: {=INDEX($A$1:$C$172,MATCH(1,($G46=$A$1:$A$172)*($H46=$B$1:$B$172),0),3)} -> HCM_NM_NL_X
A47: Tân Phú Trung | B47: Triều Xuống | C47: HCM_NM_TPT_X | G47: Lương Bèo | H47: Triều Xuống | I47: 1 | K47: 7 | L47: {=INDEX($A$1:$C$172,MATCH(1,($G47=$A$1:$A$172)*($H47=$B$1:$B$172),0),3)} -> HCM_NM_LB_X
A48: TC18A | B48: Triều Xuống | C48: HCM_NM_TC18A_X | G48: Phú Định | H48: Triều Lên | I48: 1 | K48: 8 | L48: {=INDEX($A$1:$C$172,MATCH(1,($G48=$A$1:$A$172)*($H48=$B$1:$B$172),0),3)} -> HCM_NM_PĐ_L
A49: An Hạ 1 | B49: Triều Xuống | C49: HCM_NM_AH1_X | G49: Phú Định | H49: Triều Xuống | I49: 1 | K49: 8 | L49: {=INDEX($A$1:$C$172,MATCH(1,($G49=$A$1:$A$172)*($H49=$B$1:$B$172),0),3)} -> HCM_NM_PĐ_X
A50: Cầu TL9 | B50: Triều Xuống | C50: HCM_NM_CTL9_X | G50: Hòa Bình | H50: Triều Lên | I50: 1 | J50: 1 | K50: 8 | L50: {=INDEX($A$1:$C$172,MATCH(1,($G50=$A$1:$A$172)*($H50=$B$1:$B$172),0),3)} -> HCM_NM_HB_L
A51: Xuân Thới Sơn | B51: Triều Xuống | C51: HCM_NM_XTS_X | G51: Ông Buông | H51: Triều Lên | I51: 1 | K51: 8 | L51: {=INDEX($A$1:$C$172,MATCH(1,($G51=$A$1:$A$172)*($H51=$B$1:$B$172),0),3)} -> HCM_NM_OB_L
A52: Cầu Lớn | B52: Triều Xuống | C52: HCM_NM_CLo_X | G52: Rạch Ngựa | H52: Triều Lên | I52: 1 | K52: 8 | L52: {=INDEX($A$1:$C$172,MATCH(1,($G52=$A$1:$A$172)*($H52=$B$1:$B$172),0),3)} -> HCM_NM_RN_L
A53: An Hạ | B53: Triều Xuống | C53: HCM_NM_AH_X | G53: Hòa Bình | H53: Triều Xuống | I53: 1 | K53: 8 | L53: {=INDEX($A$1:$C$172,MATCH(1,($G53=$A$1:$A$172)*($H53=$B$1:$B$172),0),3)} -> HCM_NM_HB_X
A54: Rau Răm | B54: Triều Xuống | C54: HCM_NM_RR_X | G54: Ông Buông | H54: Triều Xuống | I54: 1 | K54: 8 | L54: {=INDEX($A$1:$C$172,MATCH(1,($G54=$A$1:$A$172)*($H54=$B$1:$B$172),0),3)} -> HCM_NM_OB_X
A55: Cầu Mống | B55: Triều Lên | C55: HCM_NM_CMo_L | G55: Rạch Ngựa | H55: Triều Xuống | I55: 1 | K55: 8 | L55: {=INDEX($A$1:$C$172,MATCH(1,($G55=$A$1:$A$172)*($H55=$B$1:$B$172),0),3)} -> HCM_NM_RN_X
A56: Tân Thuận | B56: Triều Lên | C56: HCM_NM_TThu_L | G56: ĐPNM1 | H56: Triều Lên | I56: 1 | J56: 1 | K56: 11 | L56: {=INDEX($A$1:$C$172,MATCH(1,($G56=$A$1:$A$172)*($H56=$B$1:$B$172),0),3)} -> HCM_NM_ĐPNM1_L
A57: Kênh Tẻ | B57: Triều Lên | C57: HCM_NM_KT_L | G57: ĐPNM4 | H57: Triều Lên | I57: 1 | K57: 11 | L57: {=INDEX($A$1:$C$172,MATCH(1,($G57=$A$1:$A$172)*($H57=$B$1:$B$172),0),3)} -> HCM_NM_ĐPNM4_L
A58: Cầu Chữ Y | B58: Triều Lên | C58: HCM_NM_CCY_L | G58: ĐPNM5 | H58: Triều Lên | I58: 1 | K58: 11 | L58: {=INDEX($A$1:$C$172,MATCH(1,($G58=$A$1:$A$172)*($H58=$B$1:$B$172),0),3)} -> HCM_NM_ĐPNM5_L
A59: Chà Và | B59: Triều Lên | C59: HCM_NM_CV_L | G59: ĐPNM8 | H59: Triều Lên | I59: 1 | K59: 11 | L59: {=INDEX($A$1:$C$172,MATCH(1,($G59=$A$1:$A$172)*($H59=$B$1:$B$172),0),3)} -> HCM_NM_ĐPNM8_L
A60: Chánh Hưng | B60: Triều Lên | C60: HCM_NM_CH_L | G60: ĐPNM1 | H60: Triều Xuống | I60: 1 | K60: 11 | L60: {=INDEX($A$1:$C$172,MATCH(1,($G60=$A$1:$A$172)*($H60=$B$1:$B$172),0),3)} -> HCM_NM_ĐPNM1_X
A61: Nhị Thiên Đường | B61: Triều Lên | C61: HCM_NM_NTĐ_L | G61: ĐPNM4 | H61: Triều Xuống | I61: 1 | K61: 11 | L61: {=INDEX($A$1:$C$172,MATCH(1,($G61=$A$1:$A$172)*($H61=$B$1:$B$172),0),3)} -> HCM_NM_ĐPNM4_X
A62: Cầu Mống | B62: Triều Xuống | C62: HCM_NM_CMo_X | G62: ĐPNM5 | H62: Triều Xuống | I62: 1 | K62: 11 | L62: {=INDEX($A$1:$C$172,MATCH(1,($G62=$A$1:$A$172)*($H62=$B$1:$B$172),0),3)} -> HCM_NM_ĐPNM5_X
A63: Tân Thuận | B63: Triều Xuống | C63: HCM_NM_TThu_X | G63: ĐPNM8 | H63: Triều Xuống | I63: 1 | K63: 11 | L63: {=INDEX($A$1:$C$172,MATCH(1,($G63=$A$1:$A$172)*($H63=$B$1:$B$172),0),3)} -> HCM_NM_ĐPNM8_X
A64: Kênh Tẻ | B64: Triều Xuống | C64: HCM_NM_KT_X | G64: Bà Lào | H64: Triều Lên | I64: 1 | J64: 1 | K64: 11 | L64: {=INDEX($A$1:$C$172,MATCH(1,($G64=$A$1:$A$172)*($H64=$B$1:$B$172),0),3)} -> HCM_NM_BLa_L
A65: Cầu Chữ Y | B65: Triều Xuống | C65: HCM_NM_CCY_X | G65: Long Hậu Tân Kim | H65: Triều Lên | I65: 1 | K65: 11 | L65: {=INDEX($A$1:$C$172,MATCH(1,($G65=$A$1:$A$172)*($H65=$B$1:$B$172),0),3)} -> HCM_NM_LHTK_L
A66: Chà Và | B66: Triều Xuống | C66: HCM_NM_CV_X | G66: Phú Xuân | H66: Triều Lên | I66: 1 | K66: 11 | L66: {=INDEX($A$1:$C$172,MATCH(1,($G66=$A$1:$A$172)*($H66=$B$1:$B$172),0),3)} -> HCM_NM_PX_L
A67: Chánh Hưng | B67: Triều Xuống | C67: HCM_NM_CH_X | G67: Hiệp Phước | H67: Triều Lên | I67: 1 | K67: 11 | L67: {=INDEX($A$1:$C$172,MATCH(1,($G67=$A$1:$A$172)*($H67=$B$1:$B$172),0),3)} -> HCM_NM_HPh_L
A68: Nhị Thiên Đường | B68: Triều Xuống | C68: HCM_NM_NTĐ_X | G68: Bà Lào | H68: Triều Xuống | I68: 1 | K68: 11 | L68: {=INDEX($A$1:$C$172,MATCH(1,($G68=$A$1:$A$172)*($H68=$B$1:$B$172),0),3)} -> HCM_NM_BLa_X
A69: Hòa Bình | B69: Triều Lên | C69: HCM_NM_HB_L | G69: Long Hậu Tân Kim | H69: Triều Xuống | I69: 1 | K69: 11 | L69: {=INDEX($A$1:$C$172,MATCH(1,($G69=$A$1:$A$172)*($H69=$B$1:$B$172),0),3)} -> HCM_NM_LHTK_X
A70: Ông Buông | B70: Triều Lên | C70: HCM_NM_OB_L | G70: Phú Xuân | H70: Triều Xuống | I70: 1 | K70: 11 | L70: {=INDEX($A$1:$C$172,MATCH(1,($G70=$A$1:$A$172)*($H70=$B$1:$B$172),0),3)} -> HCM_NM_PX_X
A71: Rạch Ngựa | B71: Triều Lên | C71: HCM_NM_RN_L | G71: Hiệp Phước | H71: Triều Xuống | I71: 1 | K71: 11 | L71: {=INDEX($A$1:$C$172,MATCH(1,($G71=$A$1:$A$172)*($H71=$B$1:$B$172),0),3)} -> HCM_NM_HPh_X
A72: Phú Định | B72: Triều Lên | C72: HCM_NM_PĐ_L | G72: Cầu số 1 | H72: Triều Lên | I72: 1 | K72: 12 | L72: {=INDEX($A$1:$C$172,MATCH(1,($G72=$A$1:$A$172)*($H72=$B$1:$B$172),0),3)} -> HCM_NM_CS1_L
A73: Hồ Ngọc Lãm | B73: Triều Lên | C73: HCM_NM_HNL_L | G73: Lê Văn Sỹ | H73: Triều Lên | I73: 1 | K73: 12 | L73: {=INDEX($A$1:$C$172,MATCH(1,($G73=$A$1:$A$172)*($H73=$B$1:$B$172),0),3)} -> HCM_NM_LVS_L
A74: Bình Ðiền | B74: Triều Lên | C74: HCM_NM_BĐ_L | G74: Hải Đức | H74: Triều Lên | I74: 1 | K74: 12 | L74: {=INDEX($A$1:$C$172,MATCH(1,($G74=$A$1:$A$172)*($H74=$B$1:$B$172),0),3)} -> HCM_NM_HĐ_L
A75: Chợ Đệm | B75: Triều Lên | C75: HCM_NM_CĐe_L | G75: Điện Biên Phủ | H75: Triều Lên | I75: 1 | K75: 12 | L75: {=INDEX($A$1:$C$172,MATCH(1,($G75=$A$1:$A$172)*($H75=$B$1:$B$172),0),3)} -> HCM_NM_ĐBP_L
A76: Hòa Bình | B76: Triều Xuống | C76: HCM_NM_HB_X | G76: Bùi Hữu Nghĩa | H76: Triều Lên | I76: 1 | K76: 12 | L76: {=INDEX($A$1:$C$172,MATCH(1,($G76=$A$1:$A$172)*($H76=$B$1:$B$172),0),3)} -> HCM_NM_BHN_L
A77: Ông Buông | B77: Triều Xuống | C77: HCM_NM_OB_X | G77: Cầu số 1 | H77: Triều Xuống | I77: 1 | J77: 2 | K77: 12 | L77: {=INDEX($A$1:$C$172,MATCH(1,($G77=$A$1:$A$172)*($H77=$B$1:$B$172),0),3)} -> HCM_NM_CS1_X
A78: Rạch Ngựa | B78: Triều Xuống | C78: HCM_NM_RN_X | G78: Lê Văn Sỹ | H78: Triều Xuống | I78: 1 | K78: 12 | L78: {=INDEX($A$1:$C$172,MATCH(1,($G78=$A$1:$A$172)*($H78=$B$1:$B$172),0),3)} -> HCM_NM_LVS_X
A79: Phú Định | B79: Triều Xuống | C79: HCM_NM_PĐ_X | G79: Hải Đức | H79: Triều Xuống | I79: 1 | K79: 12 | L79: {=INDEX($A$1:$C$172,MATCH(1,($G79=$A$1:$A$172)*($H79=$B$1:$B$172),0),3)} -> HCM_NM_HĐ_X
A80: Hồ Ngọc Lãm | B80: Triều Xuống | C80: HCM_NM_HNL_X | G80: Điện Biên Phủ | H80: Triều Xuống | I80: 1 | K80: 12 | L80: {=INDEX($A$1:$C$172,MATCH(1,($G80=$A$1:$A$172)*($H80=$B$1:$B$172),0),3)} -> HCM_NM_ĐBP_X
A81: Bình Ðiền | B81: Triều Xuống | C81: HCM_NM_BĐ_X | G81: Bùi Hữu Nghĩa | H81: Triều Xuống | I81: 1 | K81: 12 | L81: {=INDEX($A$1:$C$172,MATCH(1,($G81=$A$1:$A$172)*($H81=$B$1:$B$172),0),3)} -> HCM_NM_BHN_X
A82: Chợ Đệm | B82: Triều Xuống | C82: HCM_NM_CĐe_X | G82: Cầu Đỏ | H82: Triều Lên | I82: 1 | K82: 12 | L82: {=INDEX($A$1:$C$172,MATCH(1,($G82=$A$1:$A$172)*($H82=$B$1:$B$172),0),3)} -> HCM_NM_CĐ_L
A83: Cầu Rạch Ngang | B83: Triều Lên | C83: HCM_NM_CRN_L | G83: Thị Nghè 2 | H83: Triều Lên | I83: 1 | K83: 12 | L83: {=INDEX($A$1:$C$172,MATCH(1,($G83=$A$1:$A$172)*($H83=$B$1:$B$172),0),3)} -> HCM_NM_TN2_L
A84: Xóm Củi | B84: Triều Lên | C84: HCM_NM_XC_L | G84: Bùi Đình Túy | H84: Triều Lên | I84: 1 | K84: 12 | L84: {=INDEX($A$1:$C$172,MATCH(1,($G84=$A$1:$A$172)*($H84=$B$1:$B$172),0),3)} -> HCM_NM_BĐT_L
A85: Ông Lớn | B85: Triều Lên | C85: HCM_NM_OL_L | G85: Cầu Văn Thánh | H85: Triều Lên | I85: 1 | K85: 12 | L85: {=INDEX($A$1:$C$172,MATCH(1,($G85=$A$1:$A$172)*($H85=$B$1:$B$172),0),3)} -> HCM_NM_RVT_L
A86: Cần Giuộc | B86: Triều Lên | C86: HCM_NM_CG_L | G86: Cầu Văn Thánh 2 | H86: Triều Lên | I86: 1 | K86: 12 | L86: {=INDEX($A$1:$C$172,MATCH(1,($G86=$A$1:$A$172)*($H86=$B$1:$B$172),0),3)} -> HCM_NM_RVT2_L
A87: Bà Lào | B87: Triều Lên | C87: HCM_NM_BLa_L | G87: Cầu Đỏ | H87: Triều Xuống | I87: 1 | J87: 1 | K87: 12 | L87: {=INDEX($A$1:$C$172,MATCH(1,($G87=$A$1:$A$172)*($H87=$B$1:$B$172),0),3)} -> HCM_NM_CĐ_X
A88: Long Hậu Tân Kim | B88: Triều Lên | C88: HCM_NM_LHTK_L | G88: Thị Nghè 2 | H88: Triều Xuống | I88: 1 | K88: 12 | L88: {=INDEX($A$1:$C$172,MATCH(1,($G88=$A$1:$A$172)*($H88=$B$1:$B$172),0),3)} -> HCM_NM_TN2_X
A89: Hiệp Phước | B89: Triều Lên | C89: HCM_NM_HPh_L | G89: Bùi Đình Túy | H89: Triều Xuống | I89: 1 | K89: 12 | L89: {=INDEX($A$1:$C$172,MATCH(1,($G89=$A$1:$A$172)*($H89=$B$1:$B$172),0),3)} -> HCM_NM_BĐT_X
A90: Cầu Rạch Ngang | B90: Triều Xuống | C90: HCM_NM_CRN_X | G90: Cầu Văn Thánh | H90: Triều Xuống | I90: 1 | K90: 12 | L90: {=INDEX($A$1:$C$172,MATCH(1,($G90=$A$1:$A$172)*($H90=$B$1:$B$172),0),3)} -> HCM_NM_RVT_X
A91: Xóm Củi | B91: Triều Xuống | C91: HCM_NM_XC_X | G91: Cầu Văn Thánh 2 | H91: Triều Xuống | I91: 1 | K91: 12 | L91: {=INDEX($A$1:$C$172,MATCH(1,($G91=$A$1:$A$172)*($H91=$B$1:$B$172),0),3)} -> HCM_NM_RVT2_X
A92: Ông Lớn | B92: Triều Xuống | C92: HCM_NM_OL_X | G92: Cầu TL9 | H92: Triều Lên | I92: 1 | K92: 13 | L92: {=INDEX($A$1:$C$172,MATCH(1,($G92=$A$1:$A$172)*($H92=$B$1:$B$172),0),3)} -> HCM_NM_CTL9_L
A93: Cần Giuộc | B93: Triều Xuống | C93: HCM_NM_CG_X | G93: Xuân Thới Sơn | H93: Triều Lên | I93: 1 | K93: 13 | L93: {=INDEX($A$1:$C$172,MATCH(1,($G93=$A$1:$A$172)*($H93=$B$1:$B$172),0),3)} -> HCM_NM_XTS_L
A94: Bà Lào | B94: Triều Xuống | C94: HCM_NM_BLa_X | G94: Cầu Lớn | H94: Triều Lên | I94: 1 | K94: 13 | L94: {=INDEX($A$1:$C$172,MATCH(1,($G94=$A$1:$A$172)*($H94=$B$1:$B$172),0),3)} -> HCM_NM_CLo_L
A95: Long Hậu Tân Kim | B95: Triều Xuống | C95: HCM_NM_LHTK_X | G95: An Hạ | H95: Triều Lên | I95: 1 | K95: 13 | L95: {=INDEX($A$1:$C$172,MATCH(1,($G95=$A$1:$A$172)*($H95=$B$1:$B$172),0),3)} -> HCM_NM_AH_L
A96: Hiệp Phước | B96: Triều Xuống | C96: HCM_NM_HPh_X | G96: Rau Răm | H96: Triều Lên | I96: 1 | K96: 13 | L96: {=INDEX($A$1:$C$172,MATCH(1,($G96=$A$1:$A$172)*($H96=$B$1:$B$172),0),3)} -> HCM_NM_RR_L
A97: Cống Vàm Thuật | B97: Triều Lên | C97: HCM_NM_VT_L | G97: Cầu TL9 | H97: Triều Xuống | I97: 1 | K97: 13 | L97: {=INDEX($A$1:$C$172,MATCH(1,($G97=$A$1:$A$172)*($H97=$B$1:$B$172),0),3)} -> HCM_NM_CTL9_X
A98: An Lộc | B98: Triều Lên | C98: HCM_NM_AL_L | G98: Xuân Thới Sơn | H98: Triều Xuống | I98: 1 | K98: 13 | L98: {=INDEX($A$1:$C$172,MATCH(1,($G98=$A$1:$A$172)*($H98=$B$1:$B$172),0),3)} -> HCM_NM_XTS_X
A99: Bến Cát | B99: Triều Lên | C99: HCM_NM_BCa_L | G99: Cầu Lớn | H99: Triều Xuống | I99: 1 | K99: 13 | L99: {=INDEX($A$1:$C$172,MATCH(1,($G99=$A$1:$A$172)*($H99=$B$1:$B$172),0),3)} -> HCM_NM_CLo_X
A100: Trường Đai | B100: Triều Lên | C100: HCM_NM_TĐ_L | G100: An Hạ | H100: Triều Xuống | I100: 1 | K100: 13 | L100: {=INDEX($A$1:$C$172,MATCH(1,($G100=$A$1:$A$172)*($H100=$B$1:$B$172),0),3)} -> HCM_NM_AH_X
A101: Chợ Cầu | B101: Triều Lên | C101: HCM_NM_CC_L | G101: Rau Răm | H101: Triều Xuống | I101: 1 | J101: 1 | K101: 13 | L101: {=INDEX($A$1:$C$172,MATCH(1,($G101=$A$1:$A$172)*($H101=$B$1:$B$172),0),3)} -> HCM_NM_RR_X
A102: Tham Lương | B102: Triều Lên | C102: HCM_NM_TL_L | G102: Cống Vàm Thuật | H102: Triều Lên | I102: 1 | J102: 1 | K102: 14 | L102: {=INDEX($A$1:$C$172,MATCH(1,($G102=$A$1:$A$172)*($H102=$B$1:$B$172),0),3)} -> HCM_NM_VT_L
A103: Cầu Bưng | B103: Triều Lên | C103: HCM_NM_CB_L | G103: An Lộc | H103: Triều Lên | I103: 1 | K103: 14 | L103: {=INDEX($A$1:$C$172,MATCH(1,($G103=$A$1:$A$172)*($H103=$B$1:$B$172),0),3)} -> HCM_NM_AL_L
A104: CN1 | B104: Triều Lên | C104: HCM_NM_CN1_L | G104: Bến Cát | H104: Triều Lên | I104: 1 | K104: 14 | L104: {=INDEX($A$1:$C$172,MATCH(1,($G104=$A$1:$A$172)*($H104=$B$1:$B$172),0),3)} -> HCM_NM_BCa_L
A105: Cống Vàm Thuật | B105: Triều Xuống | C105: HCM_NM_VT_X | G105: Trường Đai | H105: Triều Lên | I105: 1 | K105: 14 | L105: {=INDEX($A$1:$C$172,MATCH(1,($G105=$A$1:$A$172)*($H105=$B$1:$B$172),0),3)} -> HCM_NM_TĐ_L
A106: An Lộc | B106: Triều Xuống | C106: HCM_NM_AL_X | G106: Cống Vàm Thuật | H106: Triều Xuống | I106: 1 | J106: 1 | K106: 14 | L106: {=INDEX($A$1:$C$172,MATCH(1,($G106=$A$1:$A$172)*($H106=$B$1:$B$172),0),3)} -> HCM_NM_VT_X
A107: Bến Cát | B107: Triều Xuống | C107: HCM_NM_BCa_X | G107: An Lộc | H107: Triều Xuống | I107: 1 | K107: 14 | L107: {=INDEX($A$1:$C$172,MATCH(1,($G107=$A$1:$A$172)*($H107=$B$1:$B$172),0),3)} -> HCM_NM_AL_X
...

Sheet CS3
A1: Bình Lợi | B1: Triều Lên | C1: HCM_NM_BL_L | G1: Nơi thực hiện | H1: Vị trí quan trắc | I1: Số lượng mẫu | J1: Số lượng mẫu QC | K1: Ngày | L1: Ký hiệu
A2: Sài Gòn | B2: Triều Lên | C2: HCM_NM_SG_L | G2: Lòng Tàu 1 | H2: Triều Lên | I2: 1 | K2: 25 | L2: {=INDEX($A$1:$C$172,MATCH(1,($G2=$A$1:$A$172)*($H2=$B$1:$B$172),0),3)} -> HCM_NM_LT1_L
A3: Phú Mỹ | B3: Triều Lên | C3: HCM_NM_PM_L | G3: Lòng Tàu | H3: Triều Lên | I3: 1 | K3: 25 | L3: {=INDEX($A$1:$C$172,MATCH(1,($G3=$A$1:$A$172)*($H3=$B$1:$B$172),0),3)} -> HCM_NM_LT_L
A4: Mũi Đèn Đỏ | B4: Triều Lên | C4: HCM_NM_MĐĐ_L | G4: Tam Thôn Hiệp | H4: Triều Lên | I4: 1 | K4: 25 | L4: {=INDEX($A$1:$C$172,MATCH(1,($G4=$A$1:$A$172)*($H4=$B$1:$B$172),0),3)} -> HCM_NM_TTH_L
A5: Nhà Bè | B5: Triều Lên | C5: HCM_NM_NB_L | G5: Đồng Tranh 1 | H5: Triều Lên | I5: 1 | K5: 25 | L5: {=INDEX($A$1:$C$172,MATCH(1,($G5=$A$1:$A$172)*($H5=$B$1:$B$172),0),3)} -> HCM_NM_ĐT1_L
A6: Bình Lợi | B6: Triều Xuống | C6: HCM_NM_BL_X | G6: Lòng Tàu 1 | H6: Triều Xuống | I6: 1 | K6: 25 | L6: {=INDEX($A$1:$C$172,MATCH(1,($G6=$A$1:$A$172)*($H6=$B$1:$B$172),0),3)} -> HCM_NM_LT1_X
A7: Sài Gòn | B7: Triều Xuống | C7: HCM_NM_SG_X | G7: Lòng Tàu | H7: Triều Xuống | I7: 1 | K7: 25 | L7: {=INDEX($A$1:$C$172,MATCH(1,($G7=$A$1:$A$172)*($H7=$B$1:$B$172),0),3)} -> HCM_NM_LT_X
A8: Phú Mỹ | B8: Triều Xuống | C8: HCM_NM_PM_X | G8: Tam Thôn Hiệp | H8: Triều Xuống | I8: 1 | K8: 25 | L8: {=INDEX($A$1:$C$172,MATCH(1,($G8=$A$1:$A$172)*($H8=$B$1:$B$172),0),3)} -> HCM_NM_TTH_X
A9: Mũi Đèn Đỏ | B9: Triều Xuống | C9: HCM_NM_MĐĐ_X | G9: Đồng Tranh 1 | H9: Triều Xuống | I9: 1 | K9: 25 | L9: {=INDEX($A$1:$C$172,MATCH(1,($G9=$A$1:$A$172)*($H9=$B$1:$B$172),0),3)} -> HCM_NM_ĐT1_X
A10: Nhà Bè | B10: Triều Xuống | C10: HCM_NM_NB_X | G10: Bình Lợi | H10: Triều Lên | I10: 1 | K10: 25 | L10: {=INDEX($A$1:$C$172,MATCH(1,($G10=$A$1:$A$172)*($H10=$B$1:$B$172),0),3)} -> HCM_NM_BL_L
A11: Long Phước | B11: Triều Lên | C11: HCM_NM_LP_L | G11: Sài Gòn | H11: Triều Lên | I11: 1 | K11: 25 | L11: {=INDEX($A$1:$C$172,MATCH(1,($G11=$A$1:$A$172)*($H11=$B$1:$B$172),0),3)} -> HCM_NM_SG_L
A12: Cát Lái | B12: Triều Lên | C12: HCM_NM_CL_L | G12: Bình Lợi | H12: Triều Xuống | I12: 1 | K12: 25 | L12: {=INDEX($A$1:$C$172,MATCH(1,($G12=$A$1:$A$172)*($H12=$B$1:$B$172),0),3)} -> HCM_NM_BL_X
A13: Lòng Tàu | B13: Triều Lên | C13: HCM_NM_LT_L | G13: Sài Gòn | H13: Triều Xuống | I13: 1 | J13: 1 | K13: 25 | L13: {=INDEX($A$1:$C$172,MATCH(1,($G13=$A$1:$A$172)*($H13=$B$1:$B$172),0),3)} -> HCM_NM_SG_X
A14: Tam Thôn Hiệp | B14: Triều Lên | C14: HCM_NM_TTH_L | G14: Ngã Bảy | H14: Triều Lên | I14: 1 | K14: 26 | L14: {=INDEX($A$1:$C$172,MATCH(1,($G14=$A$1:$A$172)*($H14=$B$1:$B$172),0),3)} -> HCM_NM_N7_L
A15: Đồng Tranh 1 | B15: Triều Lên | C15: HCM_NM_ĐT1_L | G15: Vàm Sát | H15: Triều Lên | I15: 1 | K15: 26 | L15: {=INDEX($A$1:$C$172,MATCH(1,($G15=$A$1:$A$172)*($H15=$B$1:$B$172),0),3)} -> HCM_NM_VS_L
A16: Long Phước | B16: Triều Xuống | C16: HCM_NM_LP_X | G16: Đồng Tranh | H16: Triều Lên | I16: 1 | K16: 26 | L16: {=INDEX($A$1:$C$172,MATCH(1,($G16=$A$1:$A$172)*($H16=$B$1:$B$172),0),3)} -> HCM_NM_ĐT_L
A17: Cát Lái | B17: Triều Xuống | C17: HCM_NM_CL_X | G17: Ngã Bảy | H17: Triều Xuống | I17: 1 | K17: 26 | L17: {=INDEX($A$1:$C$172,MATCH(1,($G17=$A$1:$A$172)*($H17=$B$1:$B$172),0),3)} -> HCM_NM_N7_X
A18: Lòng Tàu | B18: Triều Xuống | C18: HCM_NM_LT_X | G18: Vàm Sát | H18: Triều Xuống | I18: 1 | K18: 26 | L18: {=INDEX($A$1:$C$172,MATCH(1,($G18=$A$1:$A$172)*($H18=$B$1:$B$172),0),3)} -> HCM_NM_VS_X
A19: Tam Thôn Hiệp | B19: Triều Xuống | C19: HCM_NM_TTH_X | G19: Đồng Tranh | H19: Triều Xuống | I19: 1 | K19: 26 | L19: {=INDEX($A$1:$C$172,MATCH(1,($G19=$A$1:$A$172)*($H19=$B$1:$B$172),0),3)} -> HCM_NM_ĐT_X
A20: Đồng Tranh 1 | B20: Triều Xuống | C20: HCM_NM_ĐT1_X | G20: Long Phước | H20: Triều Lên | I20: 1 | K20: 26 | L20: {=INDEX($A$1:$C$172,MATCH(1,($G20=$A$1:$A$172)*($H20=$B$1:$B$172),0),3)} -> HCM_NM_LP_L
A21: Lòng Tàu 1 | B21: Triều Lên | C21: HCM_NM_LT1_L | G21: Cát Lái | H21: Triều Lên | I21: 1 | K21: 26 | L21: {=INDEX($A$1:$C$172,MATCH(1,($G21=$A$1:$A$172)*($H21=$B$1:$B$172),0),3)} -> HCM_NM_CL_L
A22: Ngã Bảy | B22: Triều Lên | C22: HCM_NM_N7_L | G22: Long Phước | H22: Triều Xuống | I22: 1 | K22: 26 | L22: {=INDEX($A$1:$C$172,MATCH(1,($G22=$A$1:$A$172)*($H22=$B$1:$B$172),0),3)} -> HCM_NM_LP_X
A23: Vàm Sát | B23: Triều Lên | C23: HCM_NM_VS_L | G23: Cát Lái | H23: Triều Xuống | I23: 1 | K23: 26 | L23: {=INDEX($A$1:$C$172,MATCH(1,($G23=$A$1:$A$172)*($H23=$B$1:$B$172),0),3)} -> HCM_NM_CL_X
A24: Đồng Tranh | B24: Triều Lên | C24: HCM_NM_ĐT_L | G24: Mũi Đèn Đỏ | H24: Triều Lên | I24: 1 | K24: 27 | L24: {=INDEX($A$1:$C$172,MATCH(1,($G24=$A$1:$A$172)*($H24=$B$1:$B$172),0),3)} -> HCM_NM_MĐĐ_L
A25: Lòng Tàu 1 | B25: Triều Xuống | C25: HCM_NM_LT1_X | G25: Nhà Bè | H25: Triều Lên | I25: 1 | K25: 27 | L25: {=INDEX($A$1:$C$172,MATCH(1,($G25=$A$1:$A$172)*($H25=$B$1:$B$172),0),3)} -> HCM_NM_NB_L
... A28: Đồng Tranh | B28: Triều Xuống | C28: HCM_NM_ĐT_X | G28: Nhà Bè | H28: Triều Xuống | I28: 1 | K28: 27 | L28: {=INDEX($A$1:$C$172,MATCH(1,($G28=$A$1:$A$172)*($H28=$B$1:$B$172),0),3)} -> HCM_NM_NB_X
G29: Phú Mỹ | H29: Triều Xuống | I29: 1 | K29: 27 | L29: {=INDEX($A$1:$C$172,MATCH(1,($G29=$A$1:$A$172)*($H29=$B$1:$B$172),0),3)} -> HCM_NM_PM_X

Sheet CS2 NEW
A1: Cầu số 1 | B1: Triều Lên | C1: HCM_NM_CS1_L | E1: Năm | F1: Tháng | G1: Nơi thực hiện | H1: Vị trí quan trắc | I1: Số lượng mẫu | J1: Số lượng mẫu QC | K1: Ngày | L1: Ký hiệu | M1: Ký hiệu
A2: Lê Văn Sỹ | B2: Triều Lên | C2: HCM_NM_LVS_L | E2: 26 | F2: 05 | G2: ĐPNM1 - HCM_NM_ĐPNM1 - 01 | H2: ĐPNM1 - 01 | I2: 1 | K2: 11 | L2: =M2&"."&$E$2&"."&$F$2&"."&K2&INDEX('TONG HOP DIA DIEM'!$A$1:$L$181,MATCH('CS2 NEW'!$G2,'TONG HOP DIA DIEM'!$G$1:$G$181,0),3) -> HCM_NM_ĐPNM1.26.05.11.01 | M2: =INDEX('TONG HOP DIA DIEM'!$A$1:$L$181,MATCH('CS2 NEW'!$G2,'TONG HOP DIA DIEM'!$G$1:$G$181,0),4) -> HCM_NM_ĐPNM1
A3: Hải Đức | B3: Triều Lên | C3: HCM_NM_HĐ_L | G3: ĐPNM4 - HCM_NM_ĐPNM4 - 01 | H3: ĐPNM4 - 01 | I3: 1 | K3: 11 | L3: =M3&"."&$E$2&"."&$F$2&"."&K3&INDEX('TONG HOP DIA DIEM'!$A$1:$L$181,MATCH('CS2 NEW'!$G3,'TONG HOP DIA DIEM'!$G$1:$G$181,0),3) -> HCM_NM_ĐPNM4.26.05.11.01 | M3: =INDEX('TONG HOP DIA DIEM'!$A$1:$L$181,MATCH('CS2 NEW'!$G3,'TONG HOP DIA DIEM'!$G$1:$G$181,0),4) -> HCM_NM_ĐPNM4
A4: Điện Biên Phủ | B4: Triều Lên | C4: HCM_NM_ĐBP_L | G4: ĐPNM5 - HCM_NM_ĐPNM5 - 01 | H4: ĐPNM5 - 01 | I4: 1 | K4: 11 | L4: =M4&"."&$E$2&"."&$F$2&"."&K4&INDEX('TONG HOP DIA DIEM'!$A$1:$L$181,MATCH('CS2 NEW'!$G4,'TONG HOP DIA DIEM'!$G$1:$G$181,0),3) -> HCM_NM_ĐPNM5.26.05.11.01 | M4: =INDEX('TONG HOP DIA DIEM'!$A$1:$L$181,MATCH('CS2 NEW'!$G4,'TONG HOP DIA DIEM'!$G$1:$G$181,0),4) -> HCM_NM_ĐPNM5
A5: Bùi Đình Túy | B5: Triều Lên | C5: HCM_NM_BĐT_L | G5: ĐPNM8 - HCM_NM_ĐPNM8 - 01 | H5: ĐPNM8 - 01 | I5: 1 | K5: 11 | L5: =M5&"."&$E$2&"."&$F$2&"."&K5&INDEX('TONG HOP DIA DIEM'!$A$1:$L$181,MATCH('CS2 NEW'!$G5,'TONG HOP DIA DIEM'!$G$1:$G$181,0),3) -> HCM_NM_ĐPNM8.26.05.11.01 | M5: =INDEX('TONG HOP DIA DIEM'!$A$1:$L$181,MATCH('CS2 NEW'!$G5,'TONG HOP DIA DIEM'!$G$1:$G$181,0),4) -> HCM_NM_ĐPNM8
A6: Cầu Đỏ | B6: Triều Lên | C6: HCM_NM_CĐ_L | G6: ĐPNM1 - HCM_NM_ĐPNM1 - 02 | H6: ĐPNM1 - 02 | I6: 1 | K6: 11 | L6: =M6&"."&$E$2&"."&$F$2&"."&K6&INDEX('TONG HOP DIA DIEM'!$A$1:$L$181,MATCH('CS2 NEW'!$G6,'TONG HOP DIA DIEM'!$G$1:$G$181,0),3) -> HCM_NM_ĐPNM1.26.05.11.02 | M6: =INDEX('TONG HOP DIA DIEM'!$A$1:$L$181,MATCH('CS2 NEW'!$G6,'TONG HOP DIA DIEM'!$G$1:$G$181,0),4) -> HCM_NM_ĐPNM1
A7: Thị Nghè 2 | B7: Triều Lên | C7: HCM_NM_TN2_L | G7: ĐPNM4 - HCM_NM_ĐPNM4 - 02 | H7: ĐPNM4 - 02 | I7: 1 | K7: 11 | L7: =M7&"."&$E$2&"."&$F$2&"."&K7&INDEX('TONG HOP DIA DIEM'!$A$1:$L$181,MATCH('CS2 NEW'!$G7,'TONG HOP DIA DIEM'!$G$1:$G$181,0),3) -> HCM_NM_ĐPNM4.26.05.11.02 | M7: =INDEX('TONG HOP DIA DIEM'!$A$1:$L$181,MATCH('CS2 NEW'!$G7,'TONG HOP DIA DIEM'!$G$1:$G$181,0),4) -> HCM_NM_ĐPNM4
A8: Bùi Hữu Nghĩa | B8: Triều Lên | C8: HCM_NM_BHN_L | G8: ĐPNM5 - HCM_NM_ĐPNM5 - 02 | H8: ĐPNM5 - 02 | I8: 1 | K8: 11 | L8: =M8&"."&$E$2&"."&$F$2&"."&K8&INDEX('TONG HOP DIA DIEM'!$A$1:$L$181,MATCH('CS2 NEW'!$G8,'TONG HOP DIA DIEM'!$G$1:$G$181,0),3) -> HCM_NM_ĐPNM5.26.05.11.02 | M8: =INDEX('TONG HOP DIA DIEM'!$A$1:$L$181,MATCH('CS2 NEW'!$G8,'TONG HOP DIA DIEM'!$G$1:$G$181,0),4) -> HCM_NM_ĐPNM5
A9: Cầu Văn Thánh | B9: Triều Lên | C9: HCM_NM_RVT_L | G9: ĐPNM8 - HCM_NM_ĐPNM8 - 02 | H9: ĐPNM8 - 02 | I9: 1 | K9: 11 | L9: =M9&"."&$E$2&"."&$F$2&"."&K9&INDEX('TONG HOP DIA DIEM'!$A$1:$L$181,MATCH('CS2 NEW'!$G9,'TONG HOP DIA DIEM'!$G$1:$G$181,0),3) -> HCM_NM_ĐPNM8.26.05.11.02 | M9: =INDEX('TONG HOP DIA DIEM'!$A$1:$L$181,MATCH('CS2 NEW'!$G9,'TONG HOP DIA DIEM'!$G$1:$G$181,0),4) -> HCM_NM_ĐPNM8
A10: Cầu Văn Thánh 2 | B10: Triều Lên | C10: HCM_NM_RVT2_L | G10: Bà Lào - HCM_NM_BLa - Triều Lên | H10: Bà Lào - Triều Lên | I10: 1 | J10: 1 | K10: 11 | L10: =M10&"."&$E$2&"."&$F$2&"."&K10&INDEX('TONG HOP DIA DIEM'!$A$1:$L$181,MATCH('CS2 NEW'!$G10,'TONG HOP DIA DIEM'!$G$1:$G$181,0),3) -> HCM_NM_BLa.26.05.11.L | M10: =INDEX('TONG HOP DIA DIEM'!$A$1:$L$181,MATCH('CS2 NEW'!$G10,'TONG HOP DIA DIEM'!$G$1:$G$181,0),4) -> HCM_NM_BLa
A11: Cầu số 1 | B11: Triều Xuống | C11: HCM_NM_CS1_X | G11: Long Hậu Tân Kim - HCM_NM_LHTK - Triều Lên | H11: Long Hậu Tân Kim - Triều Lên | I11: 1 | K11: 11 | L11: =M11&"."&$E$2&"."&$F$2&"."&K11&INDEX('TONG HOP DIA DIEM'!$A$1:$L$181,MATCH('CS2 NEW'!$G11,'TONG HOP DIA DIEM'!$G$1:$G$181,0),3) -> HCM_NM_LHTK.26.05.11.L | M11: =INDEX('TONG HOP DIA DIEM'!$A$1:$L$181,MATCH('CS2 NEW'!$G11,'TONG HOP DIA DIEM'!$G$1:$G$181,0),4) -> HCM_NM_LHTK
A12: Lê Văn Sỹ | B12: Triều Xuống | C12: HCM_NM_LVS_X | G12: Phú Xuân - HCM_NM_PX - Triều Lên | H12: Phú Xuân - Triều Lên | I12: 1 | K12: 11 | L12: =M12&"."&$E$2&"."&$F$2&"."&K12&INDEX('TONG HOP DIA DIEM'!$A$1:$L$181,MATCH('CS2 NEW'!$G12,'TONG HOP DIA DIEM'!$G$1:$G$181,0),3) -> HCM_NM_PX.26.05.11.L | M12: =INDEX('TONG HOP DIA DIEM'!$A$1:$L$181,MATCH('CS2 NEW'!$G12,'TONG HOP DIA DIEM'!$G$1:$G$181,0),4) -> HCM_NM_PX
A13: Hải Đức | B13: Triều Xuống | C13: HCM_NM_HĐ_X | G13: Hiệp Phước - HCM_NM_HPh - Triều Lên | H13: Hiệp Phước - Triều Lên | I13: 1 | K13: 11 | L13: =M13&"."&$E$2&"."&$F$2&"."&K13&INDEX('TONG HOP DIA DIEM'!$A$1:$L$181,MATCH('CS2 NEW'!$G13,'TONG HOP DIA DIEM'!$G$1:$G$181,0),3) -> HCM_NM_HPh.26.05.11.L | M13: =INDEX('TONG HOP DIA DIEM'!$A$1:$L$181,MATCH('CS2 NEW'!$G13,'TONG HOP DIA DIEM'!$G$1:$G$181,0),4) -> HCM_NM_HPh
A14: Điện Biên Phủ | B14: Triều Xuống | C14: HCM_NM_ĐBP_X | G14: Bà Lào - HCM_NM_BLa - Triều Xuống | H14: Bà Lào - Triều Xuống | I14: 1 | K14: 11 | L14: =M14&"."&$E$2&"."&$F$2&"."&K14&INDEX('TONG HOP DIA DIEM'!$A$1:$L$181,MATCH('CS2 NEW'!$G14,'TONG HOP DIA DIEM'!$G$1:$G$181,0),3) -> HCM_NM_BLa.26.05.11.X | M14: =INDEX('TONG HOP DIA DIEM'!$A$1:$L$181,MATCH('CS2 NEW'!$G14,'TONG HOP DIA DIEM'!$G$1:$G$181,0),4) -> HCM_NM_BLa
A15: Bùi Đình Túy | B15: Triều Xuống | C15: HCM_NM_BĐT_X | G15: Long Hậu Tân Kim - HCM_NM_LHTK - Triều Xuống | H15: Long Hậu Tân Kim - Triều Xuống | I15: 1 | K15: 11 | L15: =M15&"."&$E$2&"."&$F$2&"."&K15&INDEX('TONG HOP DIA DIEM'!$A$1:$L$181,MATCH('CS2 NEW'!$G15,'TONG HOP DIA DIEM'!$G$1:$G$181,0),3) -> HCM_NM_LHTK.26.05.11.X | M15: =INDEX('TONG HOP DIA DIEM'!$A$1:$L$181,MATCH('CS2 NEW'!$G15,'TONG HOP DIA DIEM'!$G$1:$G$181,0),4) -> HCM_NM_LHTK
A16: Cầu Đỏ | B16: Triều Xuống | C16: HCM_NM_CĐ_X | G16: Phú Xuân - HCM_NM_PX - Triều Xuống | H16: Phú Xuân - Triều Xuống | I16: 1 | K16: 11 | L16: =M16&"."&$E$2&"."&$F$2&"."&K16&INDEX('TONG HOP DIA DIEM'!$A$1:$L$181,MATCH('CS2 NEW'!$G16,'TONG HOP DIA DIEM'!$G$1:$G$181,0),3) -> HCM_NM_PX.26.05.11.X | M16: =INDEX('TONG HOP DIA DIEM'!$A$1:$L$181,MATCH('CS2 NEW'!$G16,'TONG HOP DIA DIEM'!$G$1:$G$181,0),4) -> HCM_NM_PX
A17: Thị Nghè 2 | B17: Triều Xuống | C17: HCM_NM_TN2_X | G17: Hiệp Phước - HCM_NM_HPh - Triều Xuống | H17: Hiệp Phước - Triều Xuống | I17: 1 | K17: 11 | L17: =M17&"."&$E$2&"."&$F$2&"."&K17&INDEX('TONG HOP DIA DIEM'!$A$1:$L$181,MATCH('CS2 NEW'!$G17,'TONG HOP DIA DIEM'!$G$1:$G$181,0),3) -> HCM_NM_HPh.26.05.11.X | M17: =INDEX('TONG HOP DIA DIEM'!$A$1:$L$181,MATCH('CS2 NEW'!$G17,'TONG HOP DIA DIEM'!$G$1:$G$181,0),4) -> HCM_NM_HPh
A18: Bùi Hữu Nghĩa | B18: Triều Xuống | C18: HCM_NM_BHN_X | G18: Cầu số 1 - HCM_NM_CS1 - Triều Lên | H18: Cầu số 1 - Triều Lên | I18: 1 | K18: 12 | L18: =M18&"."&$E$2&"."&$F$2&"."&K18&INDEX('TONG HOP DIA DIEM'!$A$1:$L$181,MATCH('CS2 NEW'!$G18,'TONG HOP DIA DIEM'!$G$1:$G$181,0),3) -> HCM_NM_CS1.26.05.12.L | M18: =INDEX('TONG HOP DIA DIEM'!$A$1:$L$181,MATCH('CS2 NEW'!$G18,'TONG HOP DIA DIEM'!$G$1:$G$181,0),4) -> HCM_NM_CS1
A19: Cầu Văn Thánh | B19: Triều Xuống | C19: HCM_NM_RVT_X | G19: Lê Văn Sỹ - HCM_NM_LVS - Triều Lên | H19: Lê Văn Sỹ - Triều Lên | I19: 1 | K19: 12 | L19: =M19&"."&$E$2&"."&$F$2&"."&K19&INDEX('TONG HOP DIA DIEM'!$A$1:$L$181,MATCH('CS2 NEW'!$G19,'TONG HOP DIA DIEM'!$G$1:$G$181,0),3) -> HCM_NM_LVS.26.05.12.L | M19: =INDEX('TONG HOP DIA DIEM'!$A$1:$L$181,MATCH('CS2 NEW'!$G19,'TONG HOP DIA DIEM'!$G$1:$G$181,0),4) -> HCM_NM_LVS
A20: Cầu Văn Thánh 2 | B20: Triều Xuống | C20: HCM_NM_RVT2_X | G20: Hải Đức - HCM_NM_HĐ - Triều Lên | H20: Hải Đức - Triều Lên | I20: 1 | K20: 12 | L20: =M20&"."&$E$2&"."&$F$2&"."&K20&INDEX('TONG HOP DIA DIEM'!$A$1:$L$181,MATCH('CS2 NEW'!$G20,'TONG HOP DIA DIEM'!$G$1:$G$181,0),3) -> HCM_NM_HĐ.26.05.12.L | M20: =INDEX('TONG HOP DIA DIEM'!$A$1:$L$181,MATCH('CS2 NEW'!$G20,'TONG HOP DIA DIEM'!$G$1:$G$181,0),4) -> HCM_NM_HĐ
A21: TBNM15 | B21: Triều Lên | C21: HCM_NM_TBNM15_L | G21: Điện Biên Phủ - HCM_NM_ĐBP - Triều Lên | H21: Điện Biên Phủ - Triều Lên | I21: 1 | K21: 12 | L21: =M21&"."&$E$2&"."&$F$2&"."&K21&INDEX('TONG HOP DIA DIEM'!$A$1:$L$181,MATCH('CS2 NEW'!$G21,'TONG HOP DIA DIEM'!$G$1:$G$181,0),3) -> HCM_NM_ĐBP.26.05.12.L | M21: =INDEX('TONG HOP DIA DIEM'!$A$1:$L$181,MATCH('CS2 NEW'!$G21,'TONG HOP DIA DIEM'!$G$1:$G$181,0),4) -> HCM_NM_ĐBP
A22: TBNM5 | B22: Triều Lên | C22: HCM_NM_TBNM5_L | G22: Bùi Hữu Nghĩa - HCM_NM_BHN - Triều Lên | H22: Bùi Hữu Nghĩa - Triều Lên | I22: 1 | K22: 12 | L22: =M22&"."&$E$2&"."&$F$2&"."&K22&INDEX('TONG HOP DIA DIEM'!$A$1:$L$181,MATCH('CS2 NEW'!$G22,'TONG HOP DIA DIEM'!$G$1:$G$181,0),3) -> HCM_NM_BHN.26.05.12.L | M22: =INDEX('TONG HOP DIA DIEM'!$A$1:$L$181,MATCH('CS2 NEW'!$G22,'TONG HOP DIA DIEM'!$G$1:$G$181,0),4) -> HCM_NM_BHN
A23: Cầu Tân Thái | B23: Triều Lên | C23: HCM_NM_CTT_L | G23: Cầu số 1 - HCM_NM_CS1 - Triều Xuống | H23: Cầu số 1 - Triều Xuống | I23: 1 | J23: 3 | K23: 12 | L23: =M23&"."&$E$2&"."&$F$2&"."&K23&INDEX('TONG HOP DIA DIEM'!$A$1:$L$181,MATCH('CS2 NEW'!$G23,'TONG HOP DIA DIEM'!$G$1:$G$181,0),3) -> HCM_NM_CS1.26.05.12.X | M23: =INDEX('TONG HOP DIA DIEM'!$A$1:$L$181,MATCH('CS2 NEW'!$G23,'TONG HOP DIA DIEM'!$G$1:$G$181,0),4) -> HCM_NM_CS1
A24: TBNM14 | B24: Triều Lên | C24: HCM_NM_TBNM14_L | G24: Lê Văn Sỹ - HCM_NM_LVS - Triều Xuống | H24: Lê Văn Sỹ - Triều Xuống | I24: 1 | K24: 12 | L24: =M24&"."&$E$2&"."&$F$2&"."&K24&INDEX('TONG HOP DIA DIEM'!$A$1:$L$181,MATCH('CS2 NEW'!$G24,'TONG HOP DIA DIEM'!$G$1:$G$181,0),3) -> HCM_NM_LVS.26.05.12.X | M24: =INDEX('TONG HOP DIA DIEM'!$A$1:$L$181,MATCH('CS2 NEW'!$G24,'TONG HOP DIA DIEM'!$G$1:$G$181,0),4) -> HCM_NM_LVS
A25: TBNM9 | B25: Triều Lên | C25: HCM_NM_TBNM9_L | G25: Hải Đức - HCM_NM_HĐ - Triều Xuống | H25: Hải Đức - Triều Xuống | I25: 1 | K25: 12 | L25: =M25&"."&$E$2&"."&$F$2&"."&K25&INDEX('TONG HOP DIA DIEM'!$A$1:$L$181,MATCH('CS2 NEW'!$G25,'TONG HOP DIA DIEM'!$G$1:$G$181,0),3) -> HCM_NM_HĐ.26.05.12.X | M25: =INDEX('TONG HOP DIA DIEM'!$A$1:$L$181,MATCH('CS2 NEW'!$G25,'TONG HOP DIA DIEM'!$G$1:$G$181,0),4) -> HCM_NM_HĐ
A26: TBNM11 | B26: Triều Lên | C26: HCM_NM_TBNM11_L | G26: Điện Biên Phủ - HCM_NM_ĐBP - Triều Xuống | H26: Điện Biên Phủ - Triều Xuống | I26: 1 | K26: 12 | L26: =M26&"."&$E$2&"."&$F$2&"."&K26&INDEX('TONG HOP DIA DIEM'!$A$1:$L$181,MATCH('CS2 NEW'!$G26,'TONG HOP DIA DIEM'!$G$1:$G$181,0),3) -> HCM_NM_ĐBP.26.05.12.X | M26: =INDEX('TONG HOP DIA DIEM'!$A$1:$L$181,MATCH('CS2 NEW'!$G26,'TONG HOP DIA DIEM'!$G$1:$G$181,0),4) -> HCM_NM_ĐBP
A27: TBNM1 | B27: Triều Lên | C27: HCM_NM_TBNM1_L | G27: Bùi Hữu Nghĩa - HCM_NM_BHN - Triều Xuống | H27: Bùi Hữu Nghĩa - Triều Xuống | I27: 1 | K27: 12 | L27: =M27&"."&$E$2&"."&$F$2&"."&K27&INDEX('TONG HOP DIA DIEM'!$A$1:$L$181,MATCH('CS2 NEW'!$G27,'TONG HOP DIA DIEM'!$G$1:$G$181,0),3) -> HCM_NM_BHN.26.05.12.X | M27: =INDEX('TONG HOP DIA DIEM'!$A$1:$L$181,MATCH('CS2 NEW'!$G27,'TONG HOP DIA DIEM'!$G$1:$G$181,0),4) -> HCM_NM_BHN
A28: Thầy Cai | B28: Triều Lên | C28: HCM_NM_TCa_L | G28: Cầu Đỏ - HCM_NM_CĐ - Triều Lên | H28: Cầu Đỏ - Triều Lên | I28: 1 | K28: 12 | L28: =M28&"."&$E$2&"."&$F$2&"."&K28&INDEX('TONG HOP DIA DIEM'!$A$1:$L$181,MATCH('CS2 NEW'!$G28,'TONG HOP DIA DIEM'!$G$1:$G$181,0),3) -> HCM_NM_CĐ.26.05.12.L | M28: =INDEX('TONG HOP DIA DIEM'!$A$1:$L$181,MATCH('CS2 NEW'!$G28,'TONG HOP DIA DIEM'!$G$1:$G$181,0),4) -> HCM_NM_CĐ
A29: TBNM15 | B29: Triều Xuống | C29: HCM_NM_TBNM15_X | G29: Thị Nghè 2 - HCM_NM_TN2 - Triều Lên | H29: Thị Nghè 2 - Triều Lên | I29: 1 | K29: 12 | L29: =M29&"."&$E$2&"."&$F$2&"."&K29&INDEX('TONG HOP DIA DIEM'!$A$1:$L$181,MATCH('CS2 NEW'!$G29,'TONG HOP DIA DIEM'!$G$1:$G$181,0),3) -> HCM_NM_TN2.26.05.12.L | M29: =INDEX('TONG HOP DIA DIEM'!$A$1:$L$181,MATCH('CS2 NEW'!$G29,'TONG HOP DIA DIEM'!$G$1:$G$181,0),4) -> HCM_NM_TN2
A30: TBNM5 | B30: Triều Xuống | C30: HCM_NM_TBNM5_X | G30: Bùi Đình Túy - HCM_NM_BĐT - Triều Lên | H30: Bùi Đình Túy - Triều Lên | I30: 1 | K30: 12 | L30: =M30&"."&$E$2&"."&$F$2&"."&K30&INDEX('TONG HOP DIA DIEM'!$A$1:$L$181,MATCH('CS2 NEW'!$G30,'TONG HOP DIA DIEM'!$G$1:$G$181,0),3) -> HCM_NM_BĐT.26.05.12.L | M30: =INDEX('TONG HOP DIA DIEM'!$A$1:$L$181,MATCH('CS2 NEW'!$G30,'TONG HOP DIA DIEM'!$G$1:$G$181,0),4) -> HCM_NM_BĐT
A31: Cầu Tân Thái | B31: Triều Xuống | C31: HCM_NM_CTT_X | G31: Cầu Văn Thánh - HCM_NM_RVT - Triều Lên | H31: Cầu Văn Thánh - Triều Lên | I31: 1 | K31: 12 | L31: =M31&"."&$E$2&"."&$F$2&"."&K31&INDEX('TONG HOP DIA DIEM'!$A$1:$L$181,MATCH('CS2 NEW'!$G31,'TONG HOP DIA DIEM'!$G$1:$G$181,0),3) -> HCM_NM_RVT.26.05.12.L | M31: =INDEX('TONG HOP DIA DIEM'!$A$1:$L$181,MATCH('CS2 NEW'!$G31,'TONG HOP DIA DIEM'!$G$1:$G$181,0),4) -> HCM_NM_RVT
A32: TBNM14 | B32: Triều Xuống | C32: HCM_NM_TBNM14_X | G32: Cầu Văn Thánh 2 - HCM_NM_RVT2 - Triều Lên | H32: Cầu Văn Thánh 2 - Triều Lên | I32: 1 | K32: 12 | L32: =M32&"."&$E$2&"."&$F$2&"."&K32&INDEX('TONG HOP DIA DIEM'!$A$1:$L$181,MATCH('CS2 NEW'!$G32,'TONG HOP DIA DIEM'!$G$1:$G$181,0),3) -> HCM_NM_RVT2.26.05.12.L | M32: =INDEX('TONG HOP DIA DIEM'!$A$1:$L$181,MATCH('CS2 NEW'!$G32,'TONG HOP DIA DIEM'!$G$1:$G$181,0),4) -> HCM_NM_RVT2
A33: TBNM9 | B33: Triều Xuống | C33: HCM_NM_TBNM9_X | G33: Cầu Đỏ - HCM_NM_CĐ - Triều Xuống | H33: Cầu Đỏ - Triều Xuống | I33: 1 | J33: 1 | K33: 12 | L33: =M33&"."&$E$2&"."&$F$2&"."&K33&INDEX('TONG HOP DIA DIEM'!$A$1:$L$181,MATCH('CS2 NEW'!$G33,'TONG HOP DIA DIEM'!$G$1:$G$181,0),3) -> HCM_NM_CĐ.26.05.12.X | M33: =INDEX('TONG HOP DIA DIEM'!$A$1:$L$181,MATCH('CS2 NEW'!$G33,'TONG HOP DIA DIEM'!$G$1:$G$181,0),4) -> HCM_NM_CĐ
A34: TBNM11 | B34: Triều Xuống | C34: HCM_NM_TBNM11_X | G34: Thị Nghè 2 - HCM_NM_TN2 - Triều Xuống | H34: Thị Nghè 2 - Triều Xuống | I34: 1 | K34: 12 | L34: =M34&"."&$E$2&"."&$F$2&"."&K34&INDEX('TONG HOP DIA DIEM'!$A$1:$L$181,MATCH('CS2 NEW'!$G34,'TONG HOP DIA DIEM'!$G$1:$G$181,0),3) -> HCM_NM_TN2.26.05.12.X | M34: =INDEX('TONG HOP DIA DIEM'!$A$1:$L$181,MATCH('CS2 NEW'!$G34,'TONG HOP DIA DIEM'!$G$1:$G$181,0),4) -> HCM_NM_TN2
A35: TBNM1 | B35: Triều Xuống | C35: HCM_NM_TBNM1_X | G35: Bùi Đình Túy - HCM_NM_BĐT - Triều Xuống | H35: Bùi Đình Túy - Triều Xuống | I35: 1 | K35: 12 | L35: =M35&"."&$E$2&"."&$F$2&"."&K35&INDEX('TONG HOP DIA DIEM'!$A$1:$L$181,MATCH('CS2 NEW'!$G35,'TONG HOP DIA DIEM'!$G$1:$G$181,0),3) -> HCM_NM_BĐT.26.05.12.X | M35: =INDEX('TONG HOP DIA DIEM'!$A$1:$L$181,MATCH('CS2 NEW'!$G35,'TONG HOP DIA DIEM'!$G$1:$G$181,0),4) -> HCM_NM_BĐT
A36: Thầy Cai | B36: Triều Xuống | C36: HCM_NM_TCa_X | G36: Cầu Văn Thánh - HCM_NM_RVT - Triều Xuống | H36: Cầu Văn Thánh - Triều Xuống | I36: 1 | K36: 12 | L36: =M36&"."&$E$2&"."&$F$2&"."&K36&INDEX('TONG HOP DIA DIEM'!$A$1:$L$181,MATCH('CS2 NEW'!$G36,'TONG HOP DIA DIEM'!$G$1:$G$181,0),3) -> HCM_NM_RVT.26.05.12.X | M36: =INDEX('TONG HOP DIA DIEM'!$A$1:$L$181,MATCH('CS2 NEW'!$G36,'TONG HOP DIA DIEM'!$G$1:$G$181,0),4) -> HCM_NM_RVT
A37: Kênh N46 | B37: Triều Lên | C37: HCM_NM_N46_L | G37: Cầu Văn Thánh 2 - HCM_NM_RVT2 - Triều Xuống | H37: Cầu Văn Thánh 2 - Triều Xuống | I37: 1 | K37: 12 | L37: =M37&"."&$E$2&"."&$F$2&"."&K37&INDEX('TONG HOP DIA DIEM'!$A$1:$L$181,MATCH('CS2 NEW'!$G37,'TONG HOP DIA DIEM'!$G$1:$G$181,0),3) -> HCM_NM_RVT2.26.05.12.X | M37: =INDEX('TONG HOP DIA DIEM'!$A$1:$L$181,MATCH('CS2 NEW'!$G37,'TONG HOP DIA DIEM'!$G$1:$G$181,0),4) -> HCM_NM_RVT2
A38: Tân Phú Trung | B38: Triều Lên | C38: HCM_NM_TPT_L | G38: Cầu TL9 - HCM_NM_CTL9 - Triều Lên | H38: Cầu TL9 - Triều Lên | I38: 1 | K38: 13 | L38: =M38&"."&$E$2&"."&$F$2&"."&K38&INDEX('TONG HOP DIA DIEM'!$A$1:$L$181,MATCH('CS2 NEW'!$G38,'TONG HOP DIA DIEM'!$G$1:$G$181,0),3) -> HCM_NM_CTL9.26.05.13.L | M38: =INDEX('TONG HOP DIA DIEM'!$A$1:$L$181,MATCH('CS2 NEW'!$G38,'TONG HOP DIA DIEM'!$G$1:$G$181,0),4) -> HCM_NM_CTL9
A39: TC18A | B39: Triều Lên | C39: HCM_NM_TC18A_L | G39: Xuân Thới Sơn - HCM_NM_XTS - Triều Lên | H39: Xuân Thới Sơn - Triều Lên | I39: 1 | K39: 13 | L39: =M39&"."&$E$2&"."&$F$2&"."&K39&INDEX('TONG HOP DIA DIEM'!$A$1:$L$181,MATCH('CS2 NEW'!$G39,'TONG HOP DIA DIEM'!$G$1:$G$181,0),3) -> HCM_NM_XTS.26.05.13.L | M39: =INDEX('TONG HOP DIA DIEM'!$A$1:$L$181,MATCH('CS2 NEW'!$G39,'TONG HOP DIA DIEM'!$G$1:$G$181,0),4) -> HCM_NM_XTS
A40: An Hạ 1 | B40: Triều Lên | C40: HCM_NM_AH1_L | G40: Cầu Lớn - HCM_NM_CLo - Triều Lên | H40: Cầu Lớn - Triều Lên | I40: 1 | K40: 13 | L40: =M40&"."&$E$2&"."&$F$2&"."&K40&INDEX('TONG HOP DIA DIEM'!$A$1:$L$181,MATCH('CS2 NEW'!$G40,'TONG HOP DIA DIEM'!$G$1:$G$181,0),3) -> HCM_NM_CLo.26.05.13.L | M40: =INDEX('TONG HOP DIA DIEM'!$A$1:$L$181,MATCH('CS2 NEW'!$G40,'TONG HOP DIA DIEM'!$G$1:$G$181,0),4) -> HCM_NM_CLo
A41: Cầu TL9 | B41: Triều Lên | C41: HCM_NM_CTL9_L | G41: An Hạ - HCM_NM_AH - Triều Lên | H41: An Hạ - Triều Lên | I41: 1 | K41: 13 | L41: =M41&"."&$E$2&"."&$F$2&"."&K41&INDEX('TONG HOP DIA DIEM'!$A$1:$L$181,MATCH('CS2 NEW'!$G41,'TONG HOP DIA DIEM'!$G$1:$G$181,0),3) -> HCM_NM_AH.26.05.13.L | M41: =INDEX('TONG HOP DIA DIEM'!$A$1:$L$181,MATCH('CS2 NEW'!$G41,'TONG HOP DIA DIEM'!$G$1:$G$181,0),4) -> HCM_NM_AH
A42: Xuân Thới Sơn | B42: Triều Lên | C42: HCM_NM_XTS_L | G42: Rau Răm - HCM_NM_RR - Triều Lên | H42: Rau Răm - Triều Lên | I42: 1 | K42: 13 | L42: =M42&"."&$E$2&"."&$F$2&"."&K42&INDEX('TONG HOP DIA DIEM'!$A$1:$L$181,MATCH('CS2 NEW'!$G42,'TONG HOP DIA DIEM'!$G$1:$G$181,0),3) -> HCM_NM_RR.26.05.13.L | M42: =INDEX('TONG HOP DIA DIEM'!$A$1:$L$181,MATCH('CS2 NEW'!$G42,'TONG HOP DIA DIEM'!$G$1:$G$181,0),4) -> HCM_NM_RR
A43: Cầu Lớn | B43: Triều Lên | C43: HCM_NM_CLo_L | G43: Cầu TL9 - HCM_NM_CTL9 - Triều Xuống | H43: Cầu TL9 - Triều Xuống | I43: 1 | K43: 13 | L43: =M43&"."&$E$2&"."&$F$2&"."&K43&INDEX('TONG HOP DIA DIEM'!$A$1:$L$181,MATCH('CS2 NEW'!$G43,'TONG HOP DIA DIEM'!$G$1:$G$181,0),3) -> HCM_NM_CTL9.26.05.13.X | M43: =INDEX('TONG HOP DIA DIEM'!$A$1:$L$181,MATCH('CS2 NEW'!$G43,'TONG HOP DIA DIEM'!$G$1:$G$181,0),4) -> HCM_NM_CTL9
A44: An Hạ | B44: Triều Lên | C44: HCM_NM_AH_L | G44: Xuân Thới Sơn - HCM_NM_XTS - Triều Xuống | H44: Xuân Thới Sơn - Triều Xuống | I44: 1 | K44: 13 | L44: =M44&"."&$E$2&"."&$F$2&"."&K44&INDEX('TONG HOP DIA DIEM'!$A$1:$L$181,MATCH('CS2 NEW'!$G44,'TONG HOP DIA DIEM'!$G$1:$G$181,0),3) -> HCM_NM_XTS.26.05.13.X | M44: =INDEX('TONG HOP DIA DIEM'!$A$1:$L$181,MATCH('CS2 NEW'!$G44,'TONG HOP DIA DIEM'!$G$1:$G$181,0),4) -> HCM_NM_XTS
A45: Rau Răm | B45: Triều Lên | C45: HCM_NM_RR_L | G45: Cầu Lớn - HCM_NM_CLo - Triều Xuống | H45: Cầu Lớn - Triều Xuống | I45: 1 | K45: 13 | L45: =M45&"."&$E$2&"."&$F$2&"."&K45&INDEX('TONG HOP DIA DIEM'!$A$1:$L$181,MATCH('CS2 NEW'!$G45,'TONG HOP DIA DIEM'!$G$1:$G$181,0),3) -> HCM_NM_CLo.26.05.13.X | M45: =INDEX('TONG HOP DIA DIEM'!$A$1:$L$181,MATCH('CS2 NEW'!$G45,'TONG HOP DIA DIEM'!$G$1:$G$181,0),4) -> HCM_NM_CLo
A46: Kênh N46 | B46: Triều Xuống | C46: HCM_NM_N46_X | G46: An Hạ - HCM_NM_AH - Triều Xuống | H46: An Hạ - Triều Xuống | I46: 1 | K46: 13 | L46: =M46&"."&$E$2&"."&$F$2&"."&K46&INDEX('TONG HOP DIA DIEM'!$A$1:$L$181,MATCH('CS2 NEW'!$G46,'TONG HOP DIA DIEM'!$G$1:$G$181,0),3) -> HCM_NM_AH.26.05.13.X | M46: =INDEX('TONG HOP DIA DIEM'!$A$1:$L$181,MATCH('CS2 NEW'!$G46,'TONG HOP DIA DIEM'!$G$1:$G$181,0),4) -> HCM_NM_AH
A47: Tân Phú Trung | B47: Triều Xuống | C47: HCM_NM_TPT_X | G47: Rau Răm - HCM_NM_RR - Triều Xuống | H47: Rau Răm - Triều Xuống | I47: 1 | J47: 1 | K47: 13 | L47: =M47&"."&$E$2&"."&$F$2&"."&K47&INDEX('TONG HOP DIA DIEM'!$A$1:$L$181,MATCH('CS2 NEW'!$G47,'TONG HOP DIA DIEM'!$G$1:$G$181,0),3) -> HCM_NM_RR.26.05.13.X | M47: =INDEX('TONG HOP DIA DIEM'!$A$1:$L$181,MATCH('CS2 NEW'!$G47,'TONG HOP DIA DIEM'!$G$1:$G$181,0),4) -> HCM_NM_RR
A48: TC18A | B48: Triều Xuống | C48: HCM_NM_TC18A_X | G48: Cống Vàm Thuật - HCM_NM_VT - Triều Lên | H48: Cống Vàm Thuật - Triều Lên | I48: 1 | J48: 2 | K48: 14 | L48: =M48&"."&$E$2&"."&$F$2&"."&K48&INDEX('TONG HOP DIA DIEM'!$A$1:$L$181,MATCH('CS2 NEW'!$G48,'TONG HOP DIA DIEM'!$G$1:$G$181,0),3) -> HCM_NM_VT.26.05.14.L | M48: =INDEX('TONG HOP DIA DIEM'!$A$1:$L$181,MATCH('CS2 NEW'!$G48,'TONG HOP DIA DIEM'!$G$1:$G$181,0),4) -> HCM_NM_VT
A49: An Hạ 1 | B49: Triều Xuống | C49: HCM_NM_AH1_X | G49: An Lộc - HCM_NM_AL - Triều Lên | H49: An Lộc - Triều Lên | I49: 1 | K49: 14 | L49: =M49&"."&$E$2&"."&$F$2&"."&K49&INDEX('TONG HOP DIA DIEM'!$A$1:$L$181,MATCH('CS2 NEW'!$G49,'TONG HOP DIA DIEM'!$G$1:$G$181,0),3) -> HCM_NM_AL.26.05.14.L | M49: =INDEX('TONG HOP DIA DIEM'!$A$1:$L$181,MATCH('CS2 NEW'!$G49,'TONG HOP DIA DIEM'!$G$1:$G$181,0),4) -> HCM_NM_AL
A50: Cầu TL9 | B50: Triều Xuống | C50: HCM_NM_CTL9_X | G50: Bến Cát - HCM_NM_BCa - Triều Lên | H50: Bến Cát - Triều Lên | I50: 1 | K50: 14 | L50: =M50&"."&$E$2&"."&$F$2&"."&K50&INDEX('TONG HOP DIA DIEM'!$A$1:$L$181,MATCH('CS2 NEW'!$G50,'TONG HOP DIA DIEM'!$G$1:$G$181,0),3) -> HCM_NM_BCa.26.05.14.L | M50: =INDEX('TONG HOP DIA DIEM'!$A$1:$L$181,MATCH('CS2 NEW'!$G50,'TONG HOP DIA DIEM'!$G$1:$G$181,0),4) -> HCM_NM_BCa
A51: Xuân Thới Sơn | B51: Triều Xuống | C51: HCM_NM_XTS_X | G51: Trường Đai - HCM_NM_TĐ - Triều Lên | H51: Trường Đai - Triều Lên | I51: 1 | K51: 14 | L51: =M51&"."&$E$2&"."&$F$2&"."&K51&INDEX('TONG HOP DIA DIEM'!$A$1:$L$181,MATCH('CS2 NEW'!$G51,'TONG HOP DIA DIEM'!$G$1:$G$181,0),3) -> HCM_NM_TĐ.26.05.14.L | M51: =INDEX('TONG HOP DIA DIEM'!$A$1:$L$181,MATCH('CS2 NEW'!$G51,'TONG HOP DIA DIEM'!$G$1:$G$181,0),4) -> HCM_NM_TĐ
A52: Cầu Lớn | B52: Triều Xuống | C52: HCM_NM_CLo_X | G52: Cống Vàm Thuật - HCM_NM_VT - Triều Xuống | H52: Cống Vàm Thuật - Triều Xuống | I52: 1 | J52: 1 | K52: 14 | L52: =M52&"."&$E$2&"."&$F$2&"."&K52&INDEX('TONG HOP DIA DIEM'!$A$1:$L$181,MATCH('CS2 NEW'!$G52,'TONG HOP DIA DIEM'!$G$1:$G$181,0),3) -> HCM_NM_VT.26.05.14.X | M52: =INDEX('TONG HOP DIA DIEM'!$A$1:$L$181,MATCH('CS2 NEW'!$G52,'TONG HOP DIA DIEM'!$G$1:$G$181,0),4) -> HCM_NM_VT
A53: An Hạ | B53: Triều Xuống | C53: HCM_NM_AH_X | G53: An Lộc - HCM_NM_AL - Triều Xuống | H53: An Lộc - Triều Xuống | I53: 1 | K53: 14 | L53: =M53&"."&$E$2&"."&$F$2&"."&K53&INDEX('TONG HOP DIA DIEM'!$A$1:$L$181,MATCH('CS2 NEW'!$G53,'TONG HOP DIA DIEM'!$G$1:$G$181,0),3) -> HCM_NM_AL.26.05.14.X | M53: =INDEX('TONG HOP DIA DIEM'!$A$1:$L$181,MATCH('CS2 NEW'!$G53,'TONG HOP DIA DIEM'!$G$1:$G$181,0),4) -> HCM_NM_AL
A54: Rau Răm | B54: Triều Xuống | C54: HCM_NM_RR_X | G54: Bến Cát - HCM_NM_BCa - Triều Xuống | H54: Bến Cát - Triều Xuống | I54: 1 | K54: 14 | L54: =M54&"."&$E$2&"."&$F$2&"."&K54&INDEX('TONG HOP DIA DIEM'!$A$1:$L$181,MATCH('CS2 NEW'!$G54,'TONG HOP DIA DIEM'!$G$1:$G$181,0),3) -> HCM_NM_BCa.26.05.14.X | M54: =INDEX('TONG HOP DIA DIEM'!$A$1:$L$181,MATCH('CS2 NEW'!$G54,'TONG HOP DIA DIEM'!$G$1:$G$181,0),4) -> HCM_NM_BCa
A55: Cầu Mống | B55: Triều Lên | C55: HCM_NM_CMo_L | G55: Trường Đai - HCM_NM_TĐ - Triều Xuống | H55: Trường Đai - Triều Xuống | I55: 1 | K55: 14 | L55: =M55&"."&$E$2&"."&$F$2&"."&K55&INDEX('TONG HOP DIA DIEM'!$A$1:$L$181,MATCH('CS2 NEW'!$G55,'TONG HOP DIA DIEM'!$G$1:$G$181,0),3) -> HCM_NM_TĐ.26.05.14.X | M55: =INDEX('TONG HOP DIA DIEM'!$A$1:$L$181,MATCH('CS2 NEW'!$G55,'TONG HOP DIA DIEM'!$G$1:$G$181,0),4) -> HCM_NM_TĐ
A56: Tân Thuận | B56: Triều Lên | C56: HCM_NM_TThu_L | G56: Chợ Cầu - HCM_NM_CC - Triều Lên | H56: Chợ Cầu - Triều Lên | I56: 1 | J56: 2 | K56: 15 | L56: =M56&"."&$E$2&"."&$F$2&"."&K56&INDEX('TONG HOP DIA DIEM'!$A$1:$L$181,MATCH('CS2 NEW'!$G56,'TONG HOP DIA DIEM'!$G$1:$G$181,0),3) -> HCM_NM_CC.26.05.15.L | M56: =INDEX('TONG HOP DIA DIEM'!$A$1:$L$181,MATCH('CS2 NEW'!$G56,'TONG HOP DIA DIEM'!$G$1:$G$181,0),4) -> HCM_NM_CC
A57: Kênh Tẻ | B57: Triều Lên | C57: HCM_NM_KT_L | G57: Tham Lương - HCM_NM_TL - Triều Lên | H57: Tham Lương - Triều Lên | I57: 1 | K57: 15 | L57: =M57&"."&$E$2&"."&$F$2&"."&K57&INDEX('TONG HOP DIA DIEM'!$A$1:$L$181,MATCH('CS2 NEW'!$G57,'TONG HOP DIA DIEM'!$G$1:$G$181,0),3) -> HCM_NM_TL.26.05.15.L | M57: =INDEX('TONG HOP DIA DIEM'!$A$1:$L$181,MATCH('CS2 NEW'!$G57,'TONG HOP DIA DIEM'!$G$1:$G$181,0),4) -> HCM_NM_TL
A58: Cầu Chữ Y | B58: Triều Lên | C58: HCM_NM_CCY_L | G58: Cầu Bưng - HCM_NM_CB - Triều Lên | H58: Cầu Bưng - Triều Lên | I58: 1 | K58: 15 | L58: =M58&"."&$E$2&"."&$F$2&"."&K58&INDEX('TONG HOP DIA DIEM'!$A$1:$L$181,MATCH('CS2 NEW'!$G58,'TONG HOP DIA DIEM'!$G$1:$G$181,0),3) -> HCM_NM_CB.26.05.15.L | M58: =INDEX('TONG HOP DIA DIEM'!$A$1:$L$181,MATCH('CS2 NEW'!$G58,'TONG HOP DIA DIEM'!$G$1:$G$181,0),4) -> HCM_NM_CB
A59: Chà Và | B59: Triều Lên | C59: HCM_NM_CV_L | G59: CN1 - HCM_NM_CN1 - Triều Lên | H59: CN1 - Triều Lên | I59: 1 | J59: 1 | K59: 15 | L59: =M59&"."&$E$2&"."&$F$2&"."&K59&INDEX('TONG HOP DIA DIEM'!$A$1:$L$181,MATCH('CS2 NEW'!$G59,'TONG HOP DIA DIEM'!$G$1:$G$181,0),3) -> HCM_NM_CN1.26.05.15.L | M59: =INDEX('TONG HOP DIA DIEM'!$A$1:$L$181,MATCH('CS2 NEW'!$G59,'TONG HOP DIA DIEM'!$G$1:$G$181,0),4) -> HCM_NM_CN1
A60: Chánh Hưng | B60: Triều Lên | C60: HCM_NM_CH_L | G60: Chợ Cầu - HCM_NM_CC - Triều Xuống | H60: Chợ Cầu - Triều Xuống | I60: 1 | K60: 15 | L60: =M60&"."&$E$2&"."&$F$2&"."&K60&INDEX('TONG HOP DIA DIEM'!$A$1:$L$181,MATCH('CS2 NEW'!$G60,'TONG HOP DIA DIEM'!$G$1:$G$181,0),3) -> HCM_NM_CC.26.05.15.X | M60: =INDEX('TONG HOP DIA DIEM'!$A$1:$L$181,MATCH('CS2 NEW'!$G60,'TONG HOP DIA DIEM'!$G$1:$G$181,0),4) -> HCM_NM_CC
A61: Nhị Thiên Đường | B61: Triều Lên | C61: HCM_NM_NTĐ_L | G61: Tham Lương - HCM_NM_TL - Triều Xuống | H61: Tham Lương - Triều Xuống | I61: 1 | K61: 15 | L61: =M61&"."&$E$2&"."&$F$2&"."&K61&INDEX('TONG HOP DIA DIEM'!$A$1:$L$181,MATCH('CS2 NEW'!$G61,'TONG HOP DIA DIEM'!$G$1:$G$181,0),3) -> HCM_NM_TL.26.05.15.X | M61: =INDEX('TONG HOP DIA DIEM'!$A$1:$L$181,MATCH('CS2 NEW'!$G61,'TONG HOP DIA DIEM'!$G$1:$G$181,0),4) -> HCM_NM_TL
A62: Cầu Mống | B62: Triều Xuống | C62: HCM_NM_CMo_X | G62: Cầu Bưng - HCM_NM_CB - Triều Xuống | H62: Cầu Bưng - Triều Xuống | I62: 1 | K62: 15 | L62: =M62&"."&$E$2&"."&$F$2&"."&K62&INDEX('TONG HOP DIA DIEM'!$A$1:$L$181,MATCH('CS2 NEW'!$G62,'TONG HOP DIA DIEM'!$G$1:$G$181,0),3) -> HCM_NM_CB.26.05.15.X | M62: =INDEX('TONG HOP DIA DIEM'!$A$1:$L$181,MATCH('CS2 NEW'!$G62,'TONG HOP DIA DIEM'!$G$1:$G$181,0),4) -> HCM_NM_CB
A63: Tân Thuận | B63: Triều Xuống | C63: HCM_NM_TThu_X | G63: CN1 - HCM_NM_CN1 - Triều Xuống | H63: CN1 - Triều Xuống | I63: 1 | K63: 15 | L63: =M63&"."&$E$2&"."&$F$2&"."&K63&INDEX('TONG HOP DIA DIEM'!$A$1:$L$181,MATCH('CS2 NEW'!$G63,'TONG HOP DIA DIEM'!$G$1:$G$181,0),3) -> HCM_NM_CN1.26.05.15.X | M63: =INDEX('TONG HOP DIA DIEM'!$A$1:$L$181,MATCH('CS2 NEW'!$G63,'TONG HOP DIA DIEM'!$G$1:$G$181,0),4) -> HCM_NM_CN1
A64: Kênh Tẻ | B64: Triều Xuống | C64: HCM_NM_KT_X | G64: GCNM2 - HCM_NM_GCNM2 - 01 | H64: GCNM2 - 01 | I64: 1 | K64: 19 | L64: =M64&"."&$E$2&"."&$F$2&"."&K64&INDEX('TONG HOP DIA DIEM'!$A$1:$L$181,MATCH('CS2 NEW'!$G64,'TONG HOP DIA DIEM'!$G$1:$G$181,0),3) -> HCM_NM_GCNM2.26.05.19.01 | M64: =INDEX('TONG HOP DIA DIEM'!$A$1:$L$181,MATCH('CS2 NEW'!$G64,'TONG HOP DIA DIEM'!$G$1:$G$181,0),4) -> HCM_NM_GCNM2
A65: Cầu Chữ Y | B65: Triều Xuống | C65: HCM_NM_CCY_X | G65: GCNM3 - HCM_NM_GCNM3 - 01 | H65: GCNM3 - 01 | I65: 1 | K65: 19 | L65: =M65&"."&$E$2&"."&$F$2&"."&K65&INDEX('TONG HOP DIA DIEM'!$A$1:$L$181,MATCH('CS2 NEW'!$G65,'TONG HOP DIA DIEM'!$G$1:$G$181,0),3) -> HCM_NM_GCNM3.26.05.19.01 | M65: =INDEX('TONG HOP DIA DIEM'!$A$1:$L$181,MATCH('CS2 NEW'!$G65,'TONG HOP DIA DIEM'!$G$1:$G$181,0),4) -> HCM_NM_GCNM3
A66: Chà Và | B66: Triều Xuống | C66: HCM_NM_CV_X | G66: Cầu Bình Thuận - HCM_NM_BT2 - Triều Lên | H66: Cầu Bình Thuận - Triều Lên | I66: 1 | K66: 19 | L66: =M66&"."&$E$2&"."&$F$2&"."&K66&INDEX('TONG HOP DIA DIEM'!$A$1:$L$181,MATCH('CS2 NEW'!$G66,'TONG HOP DIA DIEM'!$G$1:$G$181,0),3) -> HCM_NM_BT2.26.05.19.L | M66: =INDEX('TONG HOP DIA DIEM'!$A$1:$L$181,MATCH('CS2 NEW'!$G66,'TONG HOP DIA DIEM'!$G$1:$G$181,0),4) -> HCM_NM_BT2
A67: Chánh Hưng | B67: Triều Xuống | C67: HCM_NM_CH_X | G67: Nước Đen - HCM_NM_NĐ - Triều Lên | H67: Nước Đen - Triều Lên | I67: 1 | K67: 19 | L67: =M67&"."&$E$2&"."&$F$2&"."&K67&INDEX('TONG HOP DIA DIEM'!$A$1:$L$181,MATCH('CS2 NEW'!$G67,'TONG HOP DIA DIEM'!$G$1:$G$181,0),3) -> HCM_NM_NĐ.26.05.19.L | M67: =INDEX('TONG HOP DIA DIEM'!$A$1:$L$181,MATCH('CS2 NEW'!$G67,'TONG HOP DIA DIEM'!$G$1:$G$181,0),4) -> HCM_NM_NĐ
A68: Nhị Thiên Đường | B68: Triều Xuống | C68: HCM_NM_NTĐ_X | G68: Cầu Sông Chùa - HCM_NM_CSC - Triều Lên | H68: Cầu Sông Chùa - Triều Lên | I68: 1 | K68: 19 | L68: =M68&"."&$E$2&"."&$F$2&"."&K68&INDEX('TONG HOP DIA DIEM'!$A$1:$L$181,MATCH('CS2 NEW'!$G68,'TONG HOP DIA DIEM'!$G$1:$G$181,0),3) -> HCM_NM_CSC.26.05.19.L | M68: =INDEX('TONG HOP DIA DIEM'!$A$1:$L$181,MATCH('CS2 NEW'!$G68,'TONG HOP DIA DIEM'!$G$1:$G$181,0),4) -> HCM_NM_CSC
A69: Hòa Bình | B69: Triều Lên | C69: HCM_NM_HB_L | G69: GCNM2 - HCM_NM_GCNM2 - 02 | H69: GCNM2 - 02 | I69: 1 | K69: 19 | L69: =M69&"."&$E$2&"."&$F$2&"."&K69&INDEX('TONG HOP DIA DIEM'!$A$1:$L$181,MATCH('CS2 NEW'!$G69,'TONG HOP DIA DIEM'!$G$1:$G$181,0),3) -> HCM_NM_GCNM2.26.05.19.02 | M69: =INDEX('TONG HOP DIA DIEM'!$A$1:$L$181,MATCH('CS2 NEW'!$G69,'TONG HOP DIA DIEM'!$G$1:$G$181,0),4) -> HCM_NM_GCNM2
A70: Ông Buông | B70: Triều Lên | C70: HCM_NM_OB_L | G70: GCNM3 - HCM_NM_GCNM3 - 02 | H70: GCNM3 - 02 | I70: 1 | K70: 19 | L70: =M70&"."&$E$2&"."&$F$2&"."&K70&INDEX('TONG HOP DIA DIEM'!$A$1:$L$181,MATCH('CS2 NEW'!$G70,'TONG HOP DIA DIEM'!$G$1:$G$181,0),3) -> HCM_NM_GCNM3.26.05.19.02 | M70: =INDEX('TONG HOP DIA DIEM'!$A$1:$L$181,MATCH('CS2 NEW'!$G70,'TONG HOP DIA DIEM'!$G$1:$G$181,0),4) -> HCM_NM_GCNM3
A71: Rạch Ngựa | B71: Triều Lên | C71: HCM_NM_RN_L | G71: Cầu Bình Thuận - HCM_NM_BT2 - Triều Xuống | H71: Cầu Bình Thuận - Triều Xuống | I71: 1 | K71: 19 | L71: =M71&"."&$E$2&"."&$F$2&"."&K71&INDEX('TONG HOP DIA DIEM'!$A$1:$L$181,MATCH('CS2 NEW'!$G71,'TONG HOP DIA DIEM'!$G$1:$G$181,0),3) -> HCM_NM_BT2.26.05.19.X | M71: =INDEX('TONG HOP DIA DIEM'!$A$1:$L$181,MATCH('CS2 NEW'!$G71,'TONG HOP DIA DIEM'!$G$1:$G$181,0),4) -> HCM_NM_BT2
... A77: Ông Buông | B77: Triều Xuống | C77: HCM_NM_OB_X | G77: Kênh C6 - HCM_NM_KC6 - Triều Lên | H77: Kênh C6 - Triều Lên | I77: 1 | K77: 20 | L77: =M77&"."&$E$2&"."&$F$2&"."&K77&INDEX('TONG HOP DIA DIEM'!$A$1:$L$181,MATCH('CS2 NEW'!$G77,'TONG HOP DIA DIEM'!$G$1:$G$181,0),3) -> HCM_NM_KC6.26.05.20.L | M77: =INDEX('TONG HOP DIA DIEM'!$A$1:$L$181,MATCH('CS2 NEW'!$G77,'TONG HOP DIA DIEM'!$G$1:$G$181,0),4) -> HCM_NM_KC6
A78: Rạch Ngựa | B78: Triều Xuống | C78: HCM_NM_RN_X | G78: Kênh C8 - HCM_NM_KC8 - Triều Lên | H78: Kênh C8 - Triều Lên | I78: 1 | J78: 1 | K78: 20 | L78: =M78&"."&$E$2&"."&$F$2&"."&K78&INDEX('TONG HOP DIA DIEM'!$A$1:$L$181,MATCH('CS2 NEW'!$G78,'TONG HOP DIA DIEM'!$G$1:$G$181,0),3) -> HCM_NM_KC8.26.05.20.L | M78: =INDEX('TONG HOP DIA DIEM'!$A$1:$L$181,MATCH('CS2 NEW'!$G78,'TONG HOP DIA DIEM'!$G$1:$G$181,0),4) -> HCM_NM_KC8
A79: Phú Định | B79: Triều Xuống | C79: HCM_NM_PĐ_X | G79: Cầu Bà Tri - HCM_NM_CBT - Triều Xuống | H79: Cầu Bà Tri - Triều Xuống | I79: 1 | K79: 20 | L79: =M79&"."&$E$2&"."&$F$2&"."&K79&INDEX('TONG HOP DIA DIEM'!$A$1:$L$181,MATCH('CS2 NEW'!$G79,'TONG HOP DIA DIEM'!$G$1:$G$181,0),3) -> HCM_NM_CBT.26.05.20.X | M79: =INDEX('TONG HOP DIA DIEM'!$A$1:$L$181,MATCH('CS2 NEW'!$G79,'TONG HOP DIA DIEM'!$G$1:$G$181,0),4) -> HCM_NM_CBT
A80: Hồ Ngọc Lãm | B80: Triều Xuống | C80: HCM_NM_HNL_X | G80: Tân Tạo - HCM_NM_TTa - Triều Xuống | H80: Tân Tạo - Triều Xuống | I80: 1 | K80: 20 | L80: =M80&"."&$E$2&"."&$F$2&"."&K80&INDEX('TONG HOP DIA DIEM'!$A$1:$L$181,MATCH('CS2 NEW'!$G80,'TONG HOP DIA DIEM'!$G$1:$G$181,0),3) -> HCM_NM_TTa.26.05.20.X | M80: =INDEX('TONG HOP DIA DIEM'!$A$1:$L$181,MATCH('CS2 NEW'!$G80,'TONG HOP DIA DIEM'!$G$1:$G$181,0),4) -> HCM_NM_TTa
A81: Bình Ðiền | B81: Triều Xuống | C81: HCM_NM_BĐ_X | G81: Kênh C - HCM_NM_KC - Triều Xuống | H81: Kênh C - Triều Xuống | I81: 1 | K81: 20 | L81: =M81&"."&$E$2&"."&$F$2&"."&K81&INDEX('TONG HOP DIA DIEM'!$A$1:$L$181,MATCH('CS2 NEW'!$G81,'TONG HOP DIA DIEM'!$G$1:$G$181,0),3) -> HCM_NM_KC.26.05.20.X | M81: =INDEX('TONG HOP DIA DIEM'!$A$1:$L$181,MATCH('CS2 NEW'!$G81,'TONG HOP DIA DIEM'!$G$1:$G$181,0),4) -> HCM_NM_KC
A82: Chợ Đệm | B82: Triều Xuống | C82: HCM_NM_CĐe_X | G82: Kênh C6 - HCM_NM_KC6 - Triều Xuống | H82: Kênh C6 - Triều Xuống | I82: 1 | K82: 20 | L82: =M82&"."&$E$2&"."&$F$2&"."&K82&INDEX('TONG HOP DIA DIEM'!$A$1:$L$181,MATCH('CS2 NEW'!$G82,'TONG HOP DIA DIEM'!$G$1:$G$181,0),3) -> HCM_NM_KC6.26.05.20.X | M82: =INDEX('TONG HOP DIA DIEM'!$A$1:$L$181,MATCH('CS2 NEW'!$G82,'TONG HOP DIA DIEM'!$G$1:$G$181,0),4) -> HCM_NM_KC6
A83: Cầu Rạch Ngang | B83: Triều Lên | C83: HCM_NM_CRN_L | G83: Kênh C8 - HCM_NM_KC8 - Triều Xuống | H83: Kênh C8 - Triều Xuống | I83: 1 | K83: 20 | L83: =M83&"."&$E$2&"."&$F$2&"."&K83&INDEX('TONG HOP DIA DIEM'!$A$1:$L$181,MATCH('CS2 NEW'!$G83,'TONG HOP DIA DIEM'!$G$1:$G$181,0),3) -> HCM_NM_KC8.26.05.20.X | M83: =INDEX('TONG HOP DIA DIEM'!$A$1:$L$181,MATCH('CS2 NEW'!$G83,'TONG HOP DIA DIEM'!$G$1:$G$181,0),4) -> HCM_NM_KC8
A84: Xóm Củi | B84: Triều Lên | C84: HCM_NM_XC_L | G84: Cầu Rạch Ngang - HCM_NM_CRN - Triều Lên | H84: Cầu Rạch Ngang - Triều Lên | I84: 1 | K84: 21 | L84: =M84&"."&$E$2&"."&$F$2&"."&K84&INDEX('TONG HOP DIA DIEM'!$A$1:$L$181,MATCH('CS2 NEW'!$G84,'TONG HOP DIA DIEM'!$G$1:$G$181,0),3) -> HCM_NM_CRN.26.05.21.L | M84: =INDEX('TONG HOP DIA DIEM'!$A$1:$L$181,MATCH('CS2 NEW'!$G84,'TONG HOP DIA DIEM'!$G$1:$G$181,0),4) -> HCM_NM_CRN
A85: Ông Lớn | B85: Triều Lên | C85: HCM_NM_OL_L | G85: Xóm Củi - HCM_NM_XC - Triều Lên | H85: Xóm Củi - Triều Lên | I85: 1 | K85: 21 | L85: =M85&"."&$E$2&"."&$F$2&"."&K85&INDEX('TONG HOP DIA DIEM'!$A$1:$L$181,MATCH('CS2 NEW'!$G85,'TONG HOP DIA DIEM'!$G$1:$G$181,0),3) -> HCM_NM_XC.26.05.21.L | M85: =INDEX('TONG HOP DIA DIEM'!$A$1:$L$181,MATCH('CS2 NEW'!$G85,'TONG HOP DIA DIEM'!$G$1:$G$181,0),4) -> HCM_NM_XC
A86: Cần Giuộc | B86: Triều Lên | C86: HCM_NM_CG_L | G86: Ông Lớn - HCM_NM_OL - Triều Lên | H86: Ông Lớn - Triều Lên | I86: 1 | K86: 21 | L86: =M86&"."&$E$2&"."&$F$2&"."&K86&INDEX('TONG HOP DIA DIEM'!$A$1:$L$181,MATCH('CS2 NEW'!$G86,'TONG HOP DIA DIEM'!$G$1:$G$181,0),3) -> HCM_NM_OL.26.05.21.L | M86: =INDEX('TONG HOP DIA DIEM'!$A$1:$L$181,MATCH('CS2 NEW'!$G86,'TONG HOP DIA DIEM'!$G$1:$G$181,0),4) -> HCM_NM_OL
A87: Bà Lào | B87: Triều Lên | C87: HCM_NM_BLa_L | G87: Cần Giuộc - HCM_NM_CG - Triều Lên | H87: Cần Giuộc - Triều Lên | I87: 1 | K87: 21 | L87: =M87&"."&$E$2&"."&$F$2&"."&K87&INDEX('TONG HOP DIA DIEM'!$A$1:$L$181,MATCH('CS2 NEW'!$G87,'TONG HOP DIA DIEM'!$G$1:$G$181,0),3) -> HCM_NM_CG.26.05.21.L | M87: =INDEX('TONG HOP DIA DIEM'!$A$1:$L$181,MATCH('CS2 NEW'!$G87,'TONG HOP DIA DIEM'!$G$1:$G$181,0),4) -> HCM_NM_CG
A88: Long Hậu Tân Kim | B88: Triều Lên | C88: HCM_NM_LHTK_L | G88: Cầu Rạch Ngang - HCM_NM_CRN - Triều Xuống | H88: Cầu Rạch Ngang - Triều Xuống | I88: 1 | J88: 2 | K88: 21 | L88: =M88&"."&$E$2&"."&$F$2&"."&K88&INDEX('TONG HOP DIA DIEM'!$A$1:$L$181,MATCH('CS2 NEW'!$G88,'TONG HOP DIA DIEM'!$G$1:$G$181,0),3) -> HCM_NM_CRN.26.05.21.X | M88: =INDEX('TONG HOP DIA DIEM'!$A$1:$L$181,MATCH('CS2 NEW'!$G88,'TONG HOP DIA DIEM'!$G$1:$G$181,0),4) -> HCM_NM_CRN
A89: Hiệp Phước | B89: Triều Lên | C89: HCM_NM_HPh_L | G89: Xóm Củi - HCM_NM_XC - Triều Xuống | H89: Xóm Củi - Triều Xuống | I89: 1 | K89: 21 | L89: =M89&"."&$E$2&"."&$F$2&"."&K89&INDEX('TONG HOP DIA DIEM'!$A$1:$L$181,MATCH('CS2 NEW'!$G89,'TONG HOP DIA DIEM'!$G$1:$G$181,0),3) -> HCM_NM_XC.26.05.21.X | M89: =INDEX('TONG HOP DIA DIEM'!$A$1:$L$181,MATCH('CS2 NEW'!$G89,'TONG HOP DIA DIEM'!$G$1:$G$181,0),4) -> HCM_NM_XC
A90: Cầu Rạch Ngang | B90: Triều Xuống | C90: HCM_NM_CRN_X | G90: Ông Lớn - HCM_NM_OL - Triều Xuống | H90: Ông Lớn - Triều Xuống | I90: 1 | K90: 21 | L90: =M90&"."&$E$2&"."&$F$2&"."&K90&INDEX('TONG HOP DIA DIEM'!$A$1:$L$181,MATCH('CS2 NEW'!$G90,'TONG HOP DIA DIEM'!$G$1:$G$181,0),3) -> HCM_NM_OL.26.05.21.X | M90: =INDEX('TONG HOP DIA DIEM'!$A$1:$L$181,MATCH('CS2 NEW'!$G90,'TONG HOP DIA DIEM'!$G$1:$G$181,0),4) -> HCM_NM_OL
A91: Xóm Củi | B91: Triều Xuống | C91: HCM_NM_XC_X | G91: Cần Giuộc - HCM_NM_CG - Triều Xuống | H91: Cần Giuộc - Triều Xuống | I91: 1 | K91: 21 | L91: =M91&"."&$E$2&"."&$F$2&"."&K91&INDEX('TONG HOP DIA DIEM'!$A$1:$L$181,MATCH('CS2 NEW'!$G91,'TONG HOP DIA DIEM'!$G$1:$G$181,0),3) -> HCM_NM_CG.26.05.21.X | M91: =INDEX('TONG HOP DIA DIEM'!$A$1:$L$181,MATCH('CS2 NEW'!$G91,'TONG HOP DIA DIEM'!$G$1:$G$181,0),4) -> HCM_NM_CG
A92: Ông Lớn | B92: Triều Xuống | C92: HCM_NM_OL_X | G92: ĐPNM1 - HCM_NM_ĐPNM1 - 01 | H92: ĐPNM1 - 01 | I92: 1 | K92: 22 | L92: =M92&"."&$E$2&"."&$F$2&"."&K92&INDEX('TONG HOP DIA DIEM'!$A$1:$L$181,MATCH('CS2 NEW'!$G92,'TONG HOP DIA DIEM'!$G$1:$G$181,0),3) -> HCM_NM_ĐPNM1.26.05.22.01 | M92: =INDEX('TONG HOP DIA DIEM'!$A$1:$L$181,MATCH('CS2 NEW'!$G92,'TONG HOP DIA DIEM'!$G$1:$G$181,0),4) -> HCM_NM_ĐPNM1
A93: Cần Giuộc | B93: Triều Xuống | C93: HCM_NM_CG_X | G93: ĐPNM4 - HCM_NM_ĐPNM4 - 01 | H93: ĐPNM4 - 01 | I93: 1 | K93: 22 | L93: =M93&"."&$E$2&"."&$F$2&"."&K93&INDEX('TONG HOP DIA DIEM'!$A$1:$L$181,MATCH('CS2 NEW'!$G93,'TONG HOP DIA DIEM'!$G$1:$G$181,0),3) -> HCM_NM_ĐPNM4.26.05.22.01 | M93: =INDEX('TONG HOP DIA DIEM'!$A$1:$L$181,MATCH('CS2 NEW'!$G93,'TONG HOP DIA DIEM'!$G$1:$G$181,0),4) -> HCM_NM_ĐPNM4
A94: Bà Lào | B94: Triều Xuống | C94: HCM_NM_BLa_X | G94: ĐPNM5 - HCM_NM_ĐPNM5 - 01 | H94: ĐPNM5 - 01 | I94: 1 | K94: 22 | L94: =M94&"."&$E$2&"."&$F$2&"."&K94&INDEX('TONG HOP DIA DIEM'!$A$1:$L$181,MATCH('CS2 NEW'!$G94,'TONG HOP DIA DIEM'!$G$1:$G$181,0),3) -> HCM_NM_ĐPNM5.26.05.22.01 | M94: =INDEX('TONG HOP DIA DIEM'!$A$1:$L$181,MATCH('CS2 NEW'!$G94,'TONG HOP DIA DIEM'!$G$1:$G$181,0),4) -> HCM_NM_ĐPNM5
A95: Long Hậu Tân Kim | B95: Triều Xuống | C95: HCM_NM_LHTK_X | G95: ĐPNM8 - HCM_NM_ĐPNM8 - 01 | H95: ĐPNM8 - 01 | I95: 1 | K95: 22 | L95: =M95&"."&$E$2&"."&$F$2&"."&K95&INDEX('TONG HOP DIA DIEM'!$A$1:$L$181,MATCH('CS2 NEW'!$G95,'TONG HOP DIA DIEM'!$G$1:$G$181,0),3) -> HCM_NM_ĐPNM8.26.05.22.01 | M95: =INDEX('TONG HOP DIA DIEM'!$A$1:$L$181,MATCH('CS2 NEW'!$G95,'TONG HOP DIA DIEM'!$G$1:$G$181,0),4) -> HCM_NM_ĐPNM8
A96: Hiệp Phước | B96: Triều Xuống | C96: HCM_NM_HPh_X | G96: ĐPNM1 - HCM_NM_ĐPNM1 - 02 | H96: ĐPNM1 - 02 | I96: 1 | K96: 22 | L96: =M96&"."&$E$2&"."&$F$2&"."&K96&INDEX('TONG HOP DIA DIEM'!$A$1:$L$181,MATCH('CS2 NEW'!$G96,'TONG HOP DIA DIEM'!$G$1:$G$181,0),3) -> HCM_NM_ĐPNM1.26.05.22.02 | M96: =INDEX('TONG HOP DIA DIEM'!$A$1:$L$181,MATCH('CS2 NEW'!$G96,'TONG HOP DIA DIEM'!$G$1:$G$181,0),4) -> HCM_NM_ĐPNM1
A97: Cống Vàm Thuật | B97: Triều Lên | C97: HCM_NM_VT_L | G97: ĐPNM4 - HCM_NM_ĐPNM4 - 02 | H97: ĐPNM4 - 02 | I97: 1 | K97: 22 | L97: =M97&"."&$E$2&"."&$F$2&"."&K97&INDEX('TONG HOP DIA DIEM'!$A$1:$L$181,MATCH('CS2 NEW'!$G97,'TONG HOP DIA DIEM'!$G$1:$G$181,0),3) -> HCM_NM_ĐPNM4.26.05.22.02 | M97: =INDEX('TONG HOP DIA DIEM'!$A$1:$L$181,MATCH('CS2 NEW'!$G97,'TONG HOP DIA DIEM'!$G$1:$G$181,0),4) -> HCM_NM_ĐPNM4
A98: An Lộc | B98: Triều Lên | C98: HCM_NM_AL_L | G98: ĐPNM5 - HCM_NM_ĐPNM5 - 02 | H98: ĐPNM5 - 02 | I98: 1 | K98: 22 | L98: =M98&"."&$E$2&"."&$F$2&"."&K98&INDEX('TONG HOP DIA DIEM'!$A$1:$L$181,MATCH('CS2 NEW'!$G98,'TONG HOP DIA DIEM'!$G$1:$G$181,0),3) -> HCM_NM_ĐPNM5.26.05.22.02 | M98: =INDEX('TONG HOP DIA DIEM'!$A$1:$L$181,MATCH('CS2 NEW'!$G98,'TONG HOP DIA DIEM'!$G$1:$G$181,0),4) -> HCM_NM_ĐPNM5
A99: Bến Cát | B99: Triều Lên | C99: HCM_NM_BCa_L | G99: ĐPNM8 - HCM_NM_ĐPNM8 - 02 | H99: ĐPNM8 - 02 | I99: 1 | K99: 22 | L99: =M99&"."&$E$2&"."&$F$2&"."&K99&INDEX('TONG HOP DIA DIEM'!$A$1:$L$181,MATCH('CS2 NEW'!$G99,'TONG HOP DIA DIEM'!$G$1:$G$181,0),3) -> HCM_NM_ĐPNM8.26.05.22.02 | M99: =INDEX('TONG HOP DIA DIEM'!$A$1:$L$181,MATCH('CS2 NEW'!$G99,'TONG HOP DIA DIEM'!$G$1:$G$181,0),4) -> HCM_NM_ĐPNM8
A100: Trường Đai | B100: Triều Lên | C100: HCM_NM_TĐ_L | G100: Cầu Gò Công - HCM_NM_CGC - Triều Lên | H100: Cầu Gò Công - Triều Lên | I100: 1 | K100: 26 | L100: =M100&"."&$E$2&"."&$F$2&"."&K100&INDEX('TONG HOP DIA DIEM'!$A$1:$L$181,MATCH('CS2 NEW'!$G100,'TONG HOP DIA DIEM'!$G$1:$G$181,0),3) -> HCM_NM_CGC.26.05.26.L | M100: =INDEX('TONG HOP DIA DIEM'!$A$1:$L$181,MATCH('CS2 NEW'!$G100,'TONG HOP DIA DIEM'!$G$1:$G$181,0),4) -> HCM_NM_CGC
... A118: Cầu Đường A | B118: Triều Lên | C118: HCM_NM_CĐA_L | G118: TBNM11 - HCM_NM_TBNM11 - 02 | H118: TBNM11 - 02 | I118: 1 | K118: 28 | L118: =M118&"."&$E$2&"."&$F$2&"."&K118&INDEX('TONG HOP DIA DIEM'!$A$1:$L$181,MATCH('CS2 NEW'!$G118,'TONG HOP DIA DIEM'!$G$1:$G$181,0),3) -> HCM_NM_TBNM11.26.05.28.02 | M118: =INDEX('TONG HOP DIA DIEM'!$A$1:$L$181,MATCH('CS2 NEW'!$G118,'TONG HOP DIA DIEM'!$G$1:$G$181,0),4) -> HCM_NM_TBNM11
A119: Trung Tâm | B119: Triều Lên | C119: HCM_NM_TrT_L | F119: Code QC | G119: TBNM1 - HCM_NM_TBNM1 - 02 | H119: TBNM1 - 02 | I119: 1 | K119: 28 | L119: =M119&"."&$E$2&"."&$F$2&"."&K119&INDEX('TONG HOP DIA DIEM'!$A$1:$L$181,MATCH('CS2 NEW'!$G119,'TONG HOP DIA DIEM'!$G$1:$G$181,0),3) -> HCM_NM_TBNM1.26.05.28.02 | M119: =INDEX('TONG HOP DIA DIEM'!$A$1:$L$181,MATCH('CS2 NEW'!$G119,'TONG HOP DIA DIEM'!$G$1:$G$181,0),4) -> HCM_NM_TBNM1
A120: Nước Lên | B120: Triều Lên | C120: HCM_NM_NL_L | F120: =IF(RIGHT(H120,8)="Mẫu lặp)","05","0"&RANDBETWEEN(6,8)) -> 05 | G120: =_xlfn.IFNA(INDEX('TONG HOP DIA DIEM'!$A$1:$L$181,MATCH($H120,'TONG HOP DIA DIEM'!$I$1:$I$181,0),7),INDEX('TONG HOP DIA DIEM'!$A$1:$L$181,MATCH($H120,'TONG HOP DIA DIEM'!$J$1:$J$181,0),7)) -> Bà Lào - HCM_NM_BLa - Triều Lên | H120: Bà Lào - Triều Lên (QC - Mẫu lặp) | I120: 1 | K120: =VLOOKUP(G120,$G$1:$M$119,5,0) -> 11 | L120: =VLOOKUP(G120,$G$1:$M$119,6,0)&"."&F120 -> HCM_NM_BLa.26.05.11.L.05
A121: Lương Bèo | B121: Triều Lên | C121: HCM_NM_LB_L | F121: =IF(RIGHT(H121,8)="Mẫu lặp)","05","0"&RANDBETWEEN(6,8)) -> 05 | G121: =_xlfn.IFNA(INDEX('TONG HOP DIA DIEM'!$A$1:$L$181,MATCH($H121,'TONG HOP DIA DIEM'!$I$1:$I$181,0),7),INDEX('TONG HOP DIA DIEM'!$A$1:$L$181,MATCH($H121,'TONG HOP DIA DIEM'!$J$1:$J$181,0),7)) -> Hải Đức - HCM_NM_HĐ - Triều Xuống | H121: Hải Đức - Triều Xuống (QC - Mẫu lặp) | I121: 1 | K121: =VLOOKUP(G121,$G$1:$M$119,5,0) -> 12 | L121: =VLOOKUP(G121,$G$1:$M$119,6,0)&"."&F121 -> HCM_NM_HĐ.26.05.12.X.05
A122: GCNM2 | B122: Triều Xuống | C122: HCM_NM_GCNM2_X | F122: =IF(RIGHT(H122,8)="Mẫu lặp)","05","0"&RANDBETWEEN(6,8)) -> 05 | G122: =_xlfn.IFNA(INDEX('TONG HOP DIA DIEM'!$A$1:$L$181,MATCH($H122,'TONG HOP DIA DIEM'!$I$1:$I$181,0),7),INDEX('TONG HOP DIA DIEM'!$A$1:$L$181,MATCH($H122,'TONG HOP DIA DIEM'!$J$1:$J$181,0),7)) -> Cầu Đỏ - HCM_NM_CĐ - Triều Xuống | H122: Cầu Đỏ - Triều Xuống (QC - Mẫu lặp) | I122: 1 | K122: =VLOOKUP(G122,$G$1:$M$119,5,0) -> 12 | L122: =VLOOKUP(G122,$G$1:$M$119,6,0)&"."&F122 -> HCM_NM_CĐ.26.05.12.X.05
...

Sheet CS3 NEW
A1: Bình Lợi | B1: Triều Lên | C1: HCM_NM_BL_L | E1: Năm | F1: Tháng | G1: Nơi thực hiện | H1: Vị trí quan trắc | I1: Số lượng mẫu | J1: Số lượng mẫu QC | K1: Ngày | L1: Ký hiệu | M1: Ký hiệu
A2: Sài Gòn | B2: Triều Lên | C2: HCM_NM_SG_L | E2: 26 | F2: 05 | G2: Lòng Tàu 1 - HCM_NM_LT1 - Triều Lên | H2: Lòng Tàu 1 - Triều Lên | I2: 1 | K2: 25 | L2: =M2&"."&$E$2&"."&$F$2&"."&K2&INDEX('TONG HOP DIA DIEM'!$A$1:$L$181,MATCH('CS3 NEW'!$G2,'TONG HOP DIA DIEM'!$G$1:$G$181,0),3) -> HCM_NM_LT1.26.05.25.L | M2: =INDEX('TONG HOP DIA DIEM'!$A$1:$L$181,MATCH('CS3 NEW'!$G2,'TONG HOP DIA DIEM'!$G$1:$G$181,0),4) -> HCM_NM_LT1
A3: Phú Mỹ | B3: Triều Lên | C3: HCM_NM_PM_L | G3: Lòng Tàu - HCM_NM_LT - Triều Lên | H3: Lòng Tàu - Triều Lên | I3: 1 | K3: 25 | L3: =M3&"."&$E$2&"."&$F$2&"."&K3&INDEX('TONG HOP DIA DIEM'!$A$1:$L$181,MATCH('CS3 NEW'!$G3,'TONG HOP DIA DIEM'!$G$1:$G$181,0),3) -> HCM_NM_LT.26.05.25.L | M3: =INDEX('TONG HOP DIA DIEM'!$A$1:$L$181,MATCH('CS3 NEW'!$G3,'TONG HOP DIA DIEM'!$G$1:$G$181,0),4) -> HCM_NM_LT
A4: Mũi Đèn Đỏ | B4: Triều Lên | C4: HCM_NM_MĐĐ_L | G4: Tam Thôn Hiệp - HCM_NM_TTH - Triều Lên | H4: Tam Thôn Hiệp - Triều Lên | I4: 1 | K4: 25 | L4: =M4&"."&$E$2&"."&$F$2&"."&K4&INDEX('TONG HOP DIA DIEM'!$A$1:$L$181,MATCH('CS3 NEW'!$G4,'TONG HOP DIA DIEM'!$G$1:$G$181,0),3) -> HCM_NM_TTH.26.05.25.L | M4: =INDEX('TONG HOP DIA DIEM'!$A$1:$L$181,MATCH('CS3 NEW'!$G4,'TONG HOP DIA DIEM'!$G$1:$G$181,0),4) -> HCM_NM_TTH
A5: Nhà Bè | B5: Triều Lên | C5: HCM_NM_NB_L | G5: Đồng Tranh 1 - HCM_NM_ĐT1 - Triều Lên | H5: Đồng Tranh 1 - Triều Lên | I5: 1 | K5: 25 | L5: =M5&"."&$E$2&"."&$F$2&"."&K5&INDEX('TONG HOP DIA DIEM'!$A$1:$L$181,MATCH('CS3 NEW'!$G5,'TONG HOP DIA DIEM'!$G$1:$G$181,0),3) -> HCM_NM_ĐT1.26.05.25.L | M5: =INDEX('TONG HOP DIA DIEM'!$A$1:$L$181,MATCH('CS3 NEW'!$G5,'TONG HOP DIA DIEM'!$G$1:$G$181,0),4) -> HCM_NM_ĐT1
A6: Bình Lợi | B6: Triều Xuống | C6: HCM_NM_BL_X | G6: Lòng Tàu 1 - HCM_NM_LT1 - Triều Xuống | H6: Lòng Tàu 1 - Triều Xuống | I6: 1 | K6: 25 | L6: =M6&"."&$E$2&"."&$F$2&"."&K6&INDEX('TONG HOP DIA DIEM'!$A$1:$L$181,MATCH('CS3 NEW'!$G6,'TONG HOP DIA DIEM'!$G$1:$G$181,0),3) -> HCM_NM_LT1.26.05.25.X | M6: =INDEX('TONG HOP DIA DIEM'!$A$1:$L$181,MATCH('CS3 NEW'!$G6,'TONG HOP DIA DIEM'!$G$1:$G$181,0),4) -> HCM_NM_LT1
A7: Sài Gòn | B7: Triều Xuống | C7: HCM_NM_SG_X | G7: Lòng Tàu - HCM_NM_LT - Triều Xuống | H7: Lòng Tàu - Triều Xuống | I7: 1 | K7: 25 | L7: =M7&"."&$E$2&"."&$F$2&"."&K7&INDEX('TONG HOP DIA DIEM'!$A$1:$L$181,MATCH('CS3 NEW'!$G7,'TONG HOP DIA DIEM'!$G$1:$G$181,0),3) -> HCM_NM_LT.26.05.25.X | M7: =INDEX('TONG HOP DIA DIEM'!$A$1:$L$181,MATCH('CS3 NEW'!$G7,'TONG HOP DIA DIEM'!$G$1:$G$181,0),4) -> HCM_NM_LT
A8: Phú Mỹ | B8: Triều Xuống | C8: HCM_NM_PM_X | G8: Tam Thôn Hiệp - HCM_NM_TTH - Triều Xuống | H8: Tam Thôn Hiệp - Triều Xuống | I8: 1 | K8: 25 | L8: =M8&"."&$E$2&"."&$F$2&"."&K8&INDEX('TONG HOP DIA DIEM'!$A$1:$L$181,MATCH('CS3 NEW'!$G8,'TONG HOP DIA DIEM'!$G$1:$G$181,0),3) -> HCM_NM_TTH.26.05.25.X | M8: =INDEX('TONG HOP DIA DIEM'!$A$1:$L$181,MATCH('CS3 NEW'!$G8,'TONG HOP DIA DIEM'!$G$1:$G$181,0),4) -> HCM_NM_TTH
A9: Mũi Đèn Đỏ | B9: Triều Xuống | C9: HCM_NM_MĐĐ_X | G9: Đồng Tranh 1 - HCM_NM_ĐT1 - Triều Xuống | H9: Đồng Tranh 1 - Triều Xuống | I9: 1 | K9: 25 | L9: =M9&"."&$E$2&"."&$F$2&"."&K9&INDEX('TONG HOP DIA DIEM'!$A$1:$L$181,MATCH('CS3 NEW'!$G9,'TONG HOP DIA DIEM'!$G$1:$G$181,0),3) -> HCM_NM_ĐT1.26.05.25.X | M9: =INDEX('TONG HOP DIA DIEM'!$A$1:$L$181,MATCH('CS3 NEW'!$G9,'TONG HOP DIA DIEM'!$G$1:$G$181,0),4) -> HCM_NM_ĐT1
A10: Nhà Bè | B10: Triều Xuống | C10: HCM_NM_NB_X | G10: Bình Lợi - HCM_NM_BL - Triều Lên | H10: Bình Lợi - Triều Lên | I10: 1 | K10: 25 | L10: =M10&"."&$E$2&"."&$F$2&"."&K10&INDEX('TONG HOP DIA DIEM'!$A$1:$L$181,MATCH('CS3 NEW'!$G10,'TONG HOP DIA DIEM'!$G$1:$G$181,0),3) -> HCM_NM_BL.26.05.25.L | M10: =INDEX('TONG HOP DIA DIEM'!$A$1:$L$181,MATCH('CS3 NEW'!$G10,'TONG HOP DIA DIEM'!$G$1:$G$181,0),4) -> HCM_NM_BL
A11: Long Phước | B11: Triều Lên | C11: HCM_NM_LP_L | G11: Sài Gòn - HCM_NM_SG - Triều Lên | H11: Sài Gòn - Triều Lên | I11: 1 | K11: 25 | L11: =M11&"."&$E$2&"."&$F$2&"."&K11&INDEX('TONG HOP DIA DIEM'!$A$1:$L$181,MATCH('CS3 NEW'!$G11,'TONG HOP DIA DIEM'!$G$1:$G$181,0),3) -> HCM_NM_SG.26.05.25.L | M11: =INDEX('TONG HOP DIA DIEM'!$A$1:$L$181,MATCH('CS3 NEW'!$G11,'TONG HOP DIA DIEM'!$G$1:$G$181,0),4) -> HCM_NM_SG
A12: Cát Lái | B12: Triều Lên | C12: HCM_NM_CL_L | G12: Bình Lợi - HCM_NM_BL - Triều Xuống | H12: Bình Lợi - Triều Xuống | I12: 1 | K12: 25 | L12: =M12&"."&$E$2&"."&$F$2&"."&K12&INDEX('TONG HOP DIA DIEM'!$A$1:$L$181,MATCH('CS3 NEW'!$G12,'TONG HOP DIA DIEM'!$G$1:$G$181,0),3) -> HCM_NM_BL.26.05.25.X | M12: =INDEX('TONG HOP DIA DIEM'!$A$1:$L$181,MATCH('CS3 NEW'!$G12,'TONG HOP DIA DIEM'!$G$1:$G$181,0),4) -> HCM_NM_BL
A13: Lòng Tàu | B13: Triều Lên | C13: HCM_NM_LT_L | G13: Sài Gòn - HCM_NM_SG - Triều Xuống | H13: Sài Gòn - Triều Xuống | I13: 1 | J13: 2 | K13: 25 | L13: =M13&"."&$E$2&"."&$F$2&"."&K13&INDEX('TONG HOP DIA DIEM'!$A$1:$L$181,MATCH('CS3 NEW'!$G13,'TONG HOP DIA DIEM'!$G$1:$G$181,0),3) -> HCM_NM_SG.26.05.25.X | M13: =INDEX('TONG HOP DIA DIEM'!$A$1:$L$181,MATCH('CS3 NEW'!$G13,'TONG HOP DIA DIEM'!$G$1:$G$181,0),4) -> HCM_NM_SG
A14: Tam Thôn Hiệp | B14: Triều Lên | C14: HCM_NM_TTH_L | G14: Ngã Bảy - HCM_NM_N7 - Triều Lên | H14: Ngã Bảy - Triều Lên | I14: 1 | K14: 26 | L14: =M14&"."&$E$2&"."&$F$2&"."&K14&INDEX('TONG HOP DIA DIEM'!$A$1:$L$181,MATCH('CS3 NEW'!$G14,'TONG HOP DIA DIEM'!$G$1:$G$181,0),3) -> HCM_NM_N7.26.05.26.L | M14: =INDEX('TONG HOP DIA DIEM'!$A$1:$L$181,MATCH('CS3 NEW'!$G14,'TONG HOP DIA DIEM'!$G$1:$G$181,0),4) -> HCM_NM_N7
A15: Đồng Tranh 1 | B15: Triều Lên | C15: HCM_NM_ĐT1_L | G15: Vàm Sát - HCM_NM_VS - Triều Lên | H15: Vàm Sát - Triều Lên | I15: 1 | K15: 26 | L15: =M15&"."&$E$2&"."&$F$2&"."&K15&INDEX('TONG HOP DIA DIEM'!$A$1:$L$181,MATCH('CS3 NEW'!$G15,'TONG HOP DIA DIEM'!$G$1:$G$181,0),3) -> HCM_NM_VS.26.05.26.L | M15: =INDEX('TONG HOP DIA DIEM'!$A$1:$L$181,MATCH('CS3 NEW'!$G15,'TONG HOP DIA DIEM'!$G$1:$G$181,0),4) -> HCM_NM_VS
A16: Long Phước | B16: Triều Xuống | C16: HCM_NM_LP_X | G16: Đồng Tranh - HCM_NM_ĐT - Triều Lên | H16: Đồng Tranh - Triều Lên | I16: 1 | K16: 26 | L16: =M16&"."&$E$2&"."&$F$2&"."&K16&INDEX('TONG HOP DIA DIEM'!$A$1:$L$181,MATCH('CS3 NEW'!$G16,'TONG HOP DIA DIEM'!$G$1:$G$181,0),3) -> HCM_NM_ĐT.26.05.26.L | M16: =INDEX('TONG HOP DIA DIEM'!$A$1:$L$181,MATCH('CS3 NEW'!$G16,'TONG HOP DIA DIEM'!$G$1:$G$181,0),4) -> HCM_NM_ĐT
A17: Cát Lái | B17: Triều Xuống | C17: HCM_NM_CL_X | G17: Ngã Bảy - HCM_NM_N7 - Triều Xuống | H17: Ngã Bảy - Triều Xuống | I17: 1 | K17: 26 | L17: =M17&"."&$E$2&"."&$F$2&"."&K17&INDEX('TONG HOP DIA DIEM'!$A$1:$L$181,MATCH('CS3 NEW'!$G17,'TONG HOP DIA DIEM'!$G$1:$G$181,0),3) -> HCM_NM_N7.26.05.26.X | M17: =INDEX('TONG HOP DIA DIEM'!$A$1:$L$181,MATCH('CS3 NEW'!$G17,'TONG HOP DIA DIEM'!$G$1:$G$181,0),4) -> HCM_NM_N7
A18: Lòng Tàu | B18: Triều Xuống | C18: HCM_NM_LT_X | G18: Vàm Sát - HCM_NM_VS - Triều Xuống | H18: Vàm Sát - Triều Xuống | I18: 1 | K18: 26 | L18: =M18&"."&$E$2&"."&$F$2&"."&K18&INDEX('TONG HOP DIA DIEM'!$A$1:$L$181,MATCH('CS3 NEW'!$G18,'TONG HOP DIA DIEM'!$G$1:$G$181,0),3) -> HCM_NM_VS.26.05.26.X | M18: =INDEX('TONG HOP DIA DIEM'!$A$1:$L$181,MATCH('CS3 NEW'!$G18,'TONG HOP DIA DIEM'!$G$1:$G$181,0),4) -> HCM_NM_VS
A19: Tam Thôn Hiệp | B19: Triều Xuống | C19: HCM_NM_TTH_X | G19: Đồng Tranh - HCM_NM_ĐT - Triều Xuống | H19: Đồng Tranh - Triều Xuống | I19: 1 | K19: 26 | L19: =M19&"."&$E$2&"."&$F$2&"."&K19&INDEX('TONG HOP DIA DIEM'!$A$1:$L$181,MATCH('CS3 NEW'!$G19,'TONG HOP DIA DIEM'!$G$1:$G$181,0),3) -> HCM_NM_ĐT.26.05.26.X | M19: =INDEX('TONG HOP DIA DIEM'!$A$1:$L$181,MATCH('CS3 NEW'!$G19,'TONG HOP DIA DIEM'!$G$1:$G$181,0),4) -> HCM_NM_ĐT
A20: Đồng Tranh 1 | B20: Triều Xuống | C20: HCM_NM_ĐT1_X | G20: Long Phước - HCM_NM_LP - Triều Lên | H20: Long Phước - Triều Lên | I20: 1 | K20: 26 | L20: =M20&"."&$E$2&"."&$F$2&"."&K20&INDEX('TONG HOP DIA DIEM'!$A$1:$L$181,MATCH('CS3 NEW'!$G20,'TONG HOP DIA DIEM'!$G$1:$G$181,0),3) -> HCM_NM_LP.26.05.26.L | M20: =INDEX('TONG HOP DIA DIEM'!$A$1:$L$181,MATCH('CS3 NEW'!$G20,'TONG HOP DIA DIEM'!$G$1:$G$181,0),4) -> HCM_NM_LP
A21: Lòng Tàu 1 | B21: Triều Lên | C21: HCM_NM_LT1_L | G21: Cát Lái - HCM_NM_CL - Triều Lên | H21: Cát Lái - Triều Lên | I21: 1 | K21: 26 | L21: =M21&"."&$E$2&"."&$F$2&"."&K21&INDEX('TONG HOP DIA DIEM'!$A$1:$L$181,MATCH('CS3 NEW'!$G21,'TONG HOP DIA DIEM'!$G$1:$G$181,0),3) -> HCM_NM_CL.26.05.26.L | M21: =INDEX('TONG HOP DIA DIEM'!$A$1:$L$181,MATCH('CS3 NEW'!$G21,'TONG HOP DIA DIEM'!$G$1:$G$181,0),4) -> HCM_NM_CL
A22: Ngã Bảy | B22: Triều Lên | C22: HCM_NM_N7_L | G22: Long Phước - HCM_NM_LP - Triều Xuống | H22: Long Phước - Triều Xuống | I22: 1 | K22: 26 | L22: =M22&"."&$E$2&"."&$F$2&"."&K22&INDEX('TONG HOP DIA DIEM'!$A$1:$L$181,MATCH('CS3 NEW'!$G22,'TONG HOP DIA DIEM'!$G$1:$G$181,0),3) -> HCM_NM_LP.26.05.26.X | M22: =INDEX('TONG HOP DIA DIEM'!$A$1:$L$181,MATCH('CS3 NEW'!$G22,'TONG HOP DIA DIEM'!$G$1:$G$181,0),4) -> HCM_NM_LP
A23: Vàm Sát | B23: Triều Lên | C23: HCM_NM_VS_L | G23: Cát Lái - HCM_NM_CL - Triều Xuống | H23: Cát Lái - Triều Xuống | I23: 1 | K23: 26 | L23: =M23&"."&$E$2&"."&$F$2&"."&K23&INDEX('TONG HOP DIA DIEM'!$A$1:$L$181,MATCH('CS3 NEW'!$G23,'TONG HOP DIA DIEM'!$G$1:$G$181,0),3) -> HCM_NM_CL.26.05.26.X | M23: =INDEX('TONG HOP DIA DIEM'!$A$1:$L$181,MATCH('CS3 NEW'!$G23,'TONG HOP DIA DIEM'!$G$1:$G$181,0),4) -> HCM_NM_CL
A24: Đồng Tranh | B24: Triều Lên | C24: HCM_NM_ĐT_L | G24: Mũi Đèn Đỏ - HCM_NM_MĐĐ - Triều Lên | H24: Mũi Đèn Đỏ - Triều Lên | I24: 1 | K24: 27 | L24: =M24&"."&$E$2&"."&$F$2&"."&K24&INDEX('TONG HOP DIA DIEM'!$A$1:$L$181,MATCH('CS3 NEW'!$G24,'TONG HOP DIA DIEM'!$G$1:$G$181,0),3) -> HCM_NM_MĐĐ.26.05.27.L | M24: =INDEX('TONG HOP DIA DIEM'!$A$1:$L$181,MATCH('CS3 NEW'!$G24,'TONG HOP DIA DIEM'!$G$1:$G$181,0),4) -> HCM_NM_MĐĐ
A25: Lòng Tàu 1 | B25: Triều Xuống | C25: HCM_NM_LT1_X | G25: Nhà Bè - HCM_NM_NB - Triều Lên | H25: Nhà Bè - Triều Lên | I25: 1 | K25: 27 | L25: =M25&"."&$E$2&"."&$F$2&"."&K25&INDEX('TONG HOP DIA DIEM'!$A$1:$L$181,MATCH('CS3 NEW'!$G25,'TONG HOP DIA DIEM'!$G$1:$G$181,0),3) -> HCM_NM_NB.26.05.27.L | M25: =INDEX('TONG HOP DIA DIEM'!$A$1:$L$181,MATCH('CS3 NEW'!$G25,'TONG HOP DIA DIEM'!$G$1:$G$181,0),4) -> HCM_NM_NB
... A28: Đồng Tranh | B28: Triều Xuống | C28: HCM_NM_ĐT_X | G28: Nhà Bè - HCM_NM_NB - Triều Xuống | H28: Nhà Bè - Triều Xuống | I28: 1 | K28: 27 | L28: =M28&"."&$E$2&"."&$F$2&"."&K28&INDEX('TONG HOP DIA DIEM'!$A$1:$L$181,MATCH('CS3 NEW'!$G28,'TONG HOP DIA DIEM'!$G$1:$G$181,0),3) -> HCM_NM_NB.26.05.27.X | M28: =INDEX('TONG HOP DIA DIEM'!$A$1:$L$181,MATCH('CS3 NEW'!$G28,'TONG HOP DIA DIEM'!$G$1:$G$181,0),4) -> HCM_NM_NB
F29: Code QC | G29: Phú Mỹ - HCM_NM_PM - Triều Xuống | H29: Phú Mỹ - Triều Xuống | I29: 1 | K29: 27 | L29: =M29&"."&$E$2&"."&$F$2&"."&K29&INDEX('TONG HOP DIA DIEM'!$A$1:$L$181,MATCH('CS3 NEW'!$G29,'TONG HOP DIA DIEM'!$G$1:$G$181,0),3) -> HCM_NM_PM.26.05.27.X | M29: =INDEX('TONG HOP DIA DIEM'!$A$1:$L$181,MATCH('CS3 NEW'!$G29,'TONG HOP DIA DIEM'!$G$1:$G$181,0),4) -> HCM_NM_PM
F30: =IF(RIGHT(H30,8)="Mẫu lặp)","05","0"&RANDBETWEEN(6,8)) -> 05 | G30: =_xlfn.IFNA(INDEX('TONG HOP DIA DIEM'!$A$1:$L$181,MATCH($H30,'TONG HOP DIA DIEM'!$I$1:$I$181,0),7),INDEX('TONG HOP DIA DIEM'!$A$1:$L$181,MATCH($H30,'TONG HOP DIA DIEM'!$J$1:$J$181,0),7)) -> Sài Gòn - HCM_NM_SG - Triều Xuống | H30: Sài Gòn - Triều Xuống (QC - Mẫu lặp) | I30: 1 | K30: =VLOOKUP(G30,$G$1:$M$119,5,0) -> 25 | L30: =VLOOKUP(G30,$G$1:$M$119,6,0)&"."&F30 -> HCM_NM_SG.26.05.25.X.05
F31: =IF(RIGHT(H31,8)="Mẫu lặp)","05","0"&RANDBETWEEN(6,8)) -> 07 | G31: =_xlfn.IFNA(INDEX('TONG HOP DIA DIEM'!$A$1:$L$181,MATCH($H31,'TONG HOP DIA DIEM'!$I$1:$I$181,0),7),INDEX('TONG HOP DIA DIEM'!$A$1:$L$181,MATCH($H31,'TONG HOP DIA DIEM'!$J$1:$J$181,0),7)) -> Sài Gòn - HCM_NM_SG - Triều Xuống | H31: Sài Gòn - Triều Xuống (QC - Mẫu trắng) | I31: 1 | K31: =VLOOKUP(G31,$G$1:$M$119,5,0) -> 25 | L31: =VLOOKUP(G31,$G$1:$M$119,6,0)&"."&F31 -> HCM_NM_SG.26.05.25.X.07

Sheet TONG HOP DIA DIEM
A1: Địa điểm quan trắc | B1: Triều | C1: Ký hiệu Triều | D1: Ký hiệu | E1: Tên viết tắt | F1: Địa chỉ | G1: Tên nơi lấy mẫu | H1: Tên vị trí | I1: Tên vị trí mẫu lặp | J1: Tên vị trí Mẫu trắng | K1: Tên vị trí mẫu trắng vận chuyển | L1: Tên vị trí mẫu trắng thiết bị
A2: Cầu số 1 | B2: Triều Lên | C2: =IF(B2="Triều Lên",".L",IF(B2="Triều Xuống",".X","."&B2)) -> .L | D2: HCM_NM_CS1 | E2: HCM_NM_CS1_L | F2: Khu vực Cầu số 1, đầu tuyến kênh Nhiêu Lộc – Thị Nghè | G2: Cầu số 1 - HCM_NM_CS1 - Triều Lên | H2: Cầu số 1 - Triều Lên | I2: Cầu số 1 - Triều Lên (QC - Mẫu lặp) | J2: Cầu số 1 - Triều Lên (QC - Mẫu trắng) | K2: Cầu số 1 - Triều Lên (QC - Mẫu trắng vận chuyển) | L2: Cầu số 1 - Triều Lên (QC - Mẫu trắng thiết bị)
A3: Lê Văn Sỹ | B3: Triều Lên | C3: =IF(B3="Triều Lên",".L",IF(B3="Triều Xuống",".X","."&B3)) -> .L | D3: HCM_NM_LVS | E3: HCM_NM_LVS_L | F3: Khu vực cầu Lê Văn Sỹ, nối đường Lê Văn Sỹ và đường Trần Quốc Thảo | G3: Lê Văn Sỹ - HCM_NM_LVS - Triều Lên | H3: Lê Văn Sỹ - Triều Lên | I3: Lê Văn Sỹ - Triều Lên (QC - Mẫu lặp) | J3: Lê Văn Sỹ - Triều Lên (QC - Mẫu trắng) | K3: Lê Văn Sỹ - Triều Lên (QC - Mẫu trắng vận chuyển) | L3: Lê Văn Sỹ - Triều Lên (QC - Mẫu trắng thiết bị)
A4: Hải Đức | B4: Triều Lên | C4: =IF(B4="Triều Lên",".L",IF(B4="Triều Xuống",".X","."&B4)) -> .L | D4: HCM_NM_HĐ | E4: HCM_NM_HĐ_L | F4: Đoạn kênh khu vực gần Chùa Hải Đức, phường Cầu Kiệu | G4: Hải Đức - HCM_NM_HĐ - Triều Lên | H4: Hải Đức - Triều Lên | I4: Hải Đức - Triều Lên (QC - Mẫu lặp) | J4: Hải Đức - Triều Lên (QC - Mẫu trắng) | K4: Hải Đức - Triều Lên (QC - Mẫu trắng vận chuyển) | L4: Hải Đức - Triều Lên (QC - Mẫu trắng thiết bị)
A5: Điện Biên Phủ | B5: Triều Lên | C5: =IF(B5="Triều Lên",".L",IF(B5="Triều Xuống",".X","."&B5)) -> .L | D5: HCM_NM_ĐBP | E5: HCM_NM_ĐBP_L | F5: Khu vực cầu Điện Biên Phủ, gần Vòng xoay Điện Biên Phủ | G5: Điện Biên Phủ - HCM_NM_ĐBP - Triều Lên | H5: Điện Biên Phủ - Triều Lên | I5: Điện Biên Phủ - Triều Lên (QC - Mẫu lặp) | J5: Điện Biên Phủ - Triều Lên (QC - Mẫu trắng) | K5: Điện Biên Phủ - Triều Lên (QC - Mẫu trắng vận chuyển) | L5: Điện Biên Phủ - Triều Lên (QC - Mẫu trắng thiết bị)
A6: Bùi Đình Túy | B6: Triều Lên | C6: =IF(B6="Triều Lên",".L",IF(B6="Triều Xuống",".X","."&B6)) -> .L | D6: HCM_NM_BĐT | E6: HCM_NM_BĐT_L | F6: Khu vực gần công viên đường số 4, giáp bờ sông, gần đường Chu Văn An, phường Bình Thạnh | G6: Bùi Đình Túy - HCM_NM_BĐT - Triều Lên | H6: Bùi Đình Túy - Triều Lên | I6: Bùi Đình Túy - Triều Lên (QC - Mẫu lặp) | J6: Bùi Đình Túy - Triều Lên (QC - Mẫu trắng) | K6: Bùi Đình Túy - Triều Lên (QC - Mẫu trắng vận chuyển) | L6: Bùi Đình Túy - Triều Lên (QC - Mẫu trắng thiết bị)
A7: Cầu Đỏ | B7: Triều Lên | C7: =IF(B7="Triều Lên",".L",IF(B7="Triều Xuống",".X","."&B7)) -> .L | D7: HCM_NM_CĐ | E7: HCM_NM_CĐ_L | F7: Khu vực Cầu Đỏ trên đường Nguyễn Xí, đoạn qua rạch Cầu Sơn | G7: Cầu Đỏ - HCM_NM_CĐ - Triều Lên | H7: Cầu Đỏ - Triều Lên | I7: Cầu Đỏ - Triều Lên (QC - Mẫu lặp) | J7: Cầu Đỏ - Triều Lên (QC - Mẫu trắng) | K7: Cầu Đỏ - Triều Lên (QC - Mẫu trắng vận chuyển) | L7: Cầu Đỏ - Triều Lên (QC - Mẫu trắng thiết bị)
A8: Thị Nghè 2 | B8: Triều Lên | C8: =IF(B8="Triều Lên",".L",IF(B8="Triều Xuống",".X","."&B8)) -> .L | D8: HCM_NM_TN2 | E8: HCM_NM_TN2_L | F8: Khu vực cầu Thị Nghè 2 trên đường Nguyễn Hữu Cảnh, gần Thảo Cầm Viên | G8: Thị Nghè 2 - HCM_NM_TN2 - Triều Lên | H8: Thị Nghè 2 - Triều Lên | I8: Thị Nghè 2 - Triều Lên (QC - Mẫu lặp) | J8: Thị Nghè 2 - Triều Lên (QC - Mẫu trắng) | K8: Thị Nghè 2 - Triều Lên (QC - Mẫu trắng vận chuyển) | L8: Thị Nghè 2 - Triều Lên (QC - Mẫu trắng thiết bị)
A9: Bùi Hữu Nghĩa | B9: Triều Lên | C9: =IF(B9="Triều Lên",".L",IF(B9="Triều Xuống",".X","."&B9)) -> .L | D9: HCM_NM_BHN | E9: HCM_NM_BHN_L | F9: Khu vực cầu Bùi Hữu Nghĩa, đoạn rạch Cầu Bông đổ ra kênh Nhiêu Lộc – Thị Nghè | G9: Bùi Hữu Nghĩa - HCM_NM_BHN - Triều Lên | H9: Bùi Hữu Nghĩa - Triều Lên | I9: Bùi Hữu Nghĩa - Triều Lên (QC - Mẫu lặp) | J9: Bùi Hữu Nghĩa - Triều Lên (QC - Mẫu trắng) | K9: Bùi Hữu Nghĩa - Triều Lên (QC - Mẫu trắng vận chuyển) | L9: Bùi Hữu Nghĩa - Triều Lên (QC - Mẫu trắng thiết bị)
A10: Cầu Văn Thánh | B10: Triều Lên | C10: =IF(B10="Triều Lên",".L",IF(B10="Triều Xuống",".X","."&B10)) -> .L | D10: HCM_NM_RVT | E10: HCM_NM_RVT_L | F10: Khu vực cầu Văn Thánh trên đường Điện Biên Phủ | G10: Cầu Văn Thánh - HCM_NM_RVT - Triều Lên | H10: Cầu Văn Thánh - Triều Lên | I10: Cầu Văn Thánh - Triều Lên (QC - Mẫu lặp) | J10: Cầu Văn Thánh - Triều Lên (QC - Mẫu trắng) | K10: Cầu Văn Thánh - Triều Lên (QC - Mẫu trắng vận chuyển) | L10: Cầu Văn Thánh - Triều Lên (QC - Mẫu trắng thiết bị)
A11: Cầu Văn Thánh 2 | B11: Triều Lên | C11: =IF(B11="Triều Lên",".L",IF(B11="Triều Xuống",".X","."&B11)) -> .L | D11: HCM_NM_RVT2 | E11: HCM_NM_RVT2_L | F11: Khu vực cầu Văn Thánh 2 trên đường Nguyễn Hữu Cảnh, đoạn qua rạch Văn Thánh | G11: Cầu Văn Thánh 2 - HCM_NM_RVT2 - Triều Lên | H11: Cầu Văn Thánh 2 - Triều Lên | I11: Cầu Văn Thánh 2 - Triều Lên (QC - Mẫu lặp) | J11: Cầu Văn Thánh 2 - Triều Lên (QC - Mẫu trắng) | K11: Cầu Văn Thánh 2 - Triều Lên (QC - Mẫu trắng vận chuyển) | L11: Cầu Văn Thánh 2 - Triều Lên (QC - Mẫu trắng thiết bị)
A12: Cầu số 1 | B12: Triều Xuống | C12: =IF(B12="Triều Lên",".L",IF(B12="Triều Xuống",".X","."&B12)) -> .X | D12: HCM_NM_CS1 | E12: HCM_NM_CS1_X | F12: Khu vực Cầu số 1, đầu tuyến kênh Nhiêu Lộc – Thị Nghè | G12: Cầu số 1 - HCM_NM_CS1 - Triều Xuống | H12: Cầu số 1 - Triều Xuống | I12: Cầu số 1 - Triều Xuống (QC - Mẫu lặp) | J12: Cầu số 1 - Triều Xuống (QC - Mẫu trắng) | K12: Cầu số 1 - Triều Xuống (QC - Mẫu trắng vận chuyển) | L12: Cầu số 1 - Triều Xuống (QC - Mẫu trắng thiết bị)
A13: Lê Văn Sỹ | B13: Triều Xuống | C13: =IF(B13="Triều Lên",".L",IF(B13="Triều Xuống",".X","."&B13)) -> .X | D13: HCM_NM_LVS | E13: HCM_NM_LVS_X | F13: Khu vực cầu Lê Văn Sỹ, nối đường Lê Văn Sỹ và đường Trần Quốc Thảo | G13: Lê Văn Sỹ - HCM_NM_LVS - Triều Xuống | H13: Lê Văn Sỹ - Triều Xuống | I13: Lê Văn Sỹ - Triều Xuống (QC - Mẫu lặp) | J13: Lê Văn Sỹ - Triều Xuống (QC - Mẫu trắng) | K13: Lê Văn Sỹ - Triều Xuống (QC - Mẫu trắng vận chuyển) | L13: Lê Văn Sỹ - Triều Xuống (QC - Mẫu trắng thiết bị)
... A181: Đồng Tranh | B181: Triều Xuống | C181: =IF(B181="Triều Lên",".L",IF(B181="Triều Xuống",".X","."&B181)) -> .X | D181: HCM_NM_ĐT | E181: HCM_NM_ĐT_X | F181: Xã Cần Giờ - Gần cửa sông Đồng Tranh 2 km. | G181: Đồng Tranh - HCM_NM_ĐT - Triều Xuống | H181: Đồng Tranh - Triều Xuống | I181: Đồng Tranh - Triều Xuống (QC - Mẫu lặp) | J181: Đồng Tranh - Triều Xuống (QC - Mẫu trắng) | K181: Đồng Tranh - Triều Xuống (QC - Mẫu trắng vận chuyển) | L181: Đồng Tranh - Triều Xuống (QC - Mẫu trắng thiết bị)

Sheet TONG HOP DIA DIEM (3 MAU TRANG)
A1: Địa điểm quan trắc | B1: Triều | C1: Ký hiệu Triều | D1: Ký hiệu | E1: Tên viết tắt | F1: Địa chỉ | G1: Tên nơi lấy mẫu | H1: Tên vị trí | I1: Tên vị trí mẫu lặp | J1: Tên vị trí mẫu trắng hiện trường | K1: Tên vị trí mẫu trắng vận chuyển | L1: Tên vị trí mẫu trắng thiết bị
A2: Cầu số 1 | B2: Triều Lên | C2: =IF(B2="Triều Lên",".L",IF(B2="Triều Xuống",".X","."&B2)) -> .L | D2: HCM_NM_CS1 | E2: HCM_NM_CS1_L | F2: Khu vực Cầu số 1, đầu tuyến kênh Nhiêu Lộc – Thị Nghè | G2: Cầu số 1 - HCM_NM_CS1 - Triều Lên | H2: Cầu số 1 - Triều Lên | I2: Cầu số 1 - Triều Lên (QC - Mẫu lặp hiện trường) | J2: Cầu số 1 - Triều Lên (QC - Mẫu trắng hiện trường) | K2: Cầu số 1 - Triều Lên (QC - Mẫu trắng vận chuyển) | L2: Cầu số 1 - Triều Lên (QC - Mẫu trắng thiết bị)
A3: Lê Văn Sỹ | B3: Triều Lên | C3: =IF(B3="Triều Lên",".L",IF(B3="Triều Xuống",".X","."&B3)) -> .L | D3: HCM_NM_LVS | E3: HCM_NM_LVS_L | F3: Khu vực cầu Lê Văn Sỹ, nối đường Lê Văn Sỹ và đường Trần Quốc Thảo | G3: Lê Văn Sỹ - HCM_NM_LVS - Triều Lên | H3: Lê Văn Sỹ - Triều Lên | I3: Lê Văn Sỹ - Triều Lên (QC - Mẫu lặp hiện trường) | J3: Lê Văn Sỹ - Triều Lên (QC - Mẫu trắng hiện trường) | K3: Lê Văn Sỹ - Triều Lên (QC - Mẫu trắng vận chuyển) | L3: Lê Văn Sỹ - Triều Lên (QC - Mẫu trắng thiết bị)
A4: Hải Đức | B4: Triều Lên | C4: =IF(B4="Triều Lên",".L",IF(B4="Triều Xuống",".X","."&B4)) -> .L | D4: HCM_NM_HĐ | E4: HCM_NM_HĐ_L | F4: Đoạn kênh khu vực gần Chùa Hải Đức, phường Cầu Kiệu | G4: Hải Đức - HCM_NM_HĐ - Triều Lên | H4: Hải Đức - Triều Lên | I4: Hải Đức - Triều Lên (QC - Mẫu lặp hiện trường) | J4: Hải Đức - Triều Lên (QC - Mẫu trắng hiện trường) | K4: Hải Đức - Triều Lên (QC - Mẫu trắng vận chuyển) | L4: Hải Đức - Triều Lên (QC - Mẫu trắng thiết bị)
A5: Điện Biên Phủ | B5: Triều Lên | C5: =IF(B5="Triều Lên",".L",IF(B5="Triều Xuống",".X","."&B5)) -> .L | D5: HCM_NM_ĐBP | E5: HCM_NM_ĐBP_L | F5: Khu vực cầu Điện Biên Phủ, gần Vòng xoay Điện Biên Phủ | G5: Điện Biên Phủ - HCM_NM_ĐBP - Triều Lên | H5: Điện Biên Phủ - Triều Lên | I5: Điện Biên Phủ - Triều Lên (QC - Mẫu lặp hiện trường) | J5: Điện Biên Phủ - Triều Lên (QC - Mẫu trắng hiện trường) | K5: Điện Biên Phủ - Triều Lên (QC - Mẫu trắng vận chuyển) | L5: Điện Biên Phủ - Triều Lên (QC - Mẫu trắng thiết bị)
A6: Bùi Đình Túy | B6: Triều Lên | C6: =IF(B6="Triều Lên",".L",IF(B6="Triều Xuống",".X","."&B6)) -> .L | D6: HCM_NM_BĐT | E6: HCM_NM_BĐT_L | F6: Khu vực gần công viên đường số 4, giáp bờ sông, gần đường Chu Văn An, phường Bình Thạnh | G6: Bùi Đình Túy - HCM_NM_BĐT - Triều Lên | H6: Bùi Đình Túy - Triều Lên | I6: Bùi Đình Túy - Triều Lên (QC - Mẫu lặp hiện trường) | J6: Bùi Đình Túy - Triều Lên (QC - Mẫu trắng hiện trường) | K6: Bùi Đình Túy - Triều Lên (QC - Mẫu trắng vận chuyển) | L6: Bùi Đình Túy - Triều Lên (QC - Mẫu trắng thiết bị)
A7: Cầu Đỏ | B7: Triều Lên | C7: =IF(B7="Triều Lên",".L",IF(B7="Triều Xuống",".X","."&B7)) -> .L | D7: HCM_NM_CĐ | E7: HCM_NM_CĐ_L | F7: Khu vực Cầu Đỏ trên đường Nguyễn Xí, đoạn qua rạch Cầu Sơn | G7: Cầu Đỏ - HCM_NM_CĐ - Triều Lên | H7: Cầu Đỏ - Triều Lên | I7: Cầu Đỏ - Triều Lên (QC - Mẫu lặp hiện trường) | J7: Cầu Đỏ - Triều Lên (QC - Mẫu trắng hiện trường) | K7: Cầu Đỏ - Triều Lên (QC - Mẫu trắng vận chuyển) | L7: Cầu Đỏ - Triều Lên (QC - Mẫu trắng thiết bị)
A8: Thị Nghè 2 | B8: Triều Lên | C8: =IF(B8="Triều Lên",".L",IF(B8="Triều Xuống",".X","."&B8)) -> .L | D8: HCM_NM_TN2 | E8: HCM_NM_TN2_L | F8: Khu vực cầu Thị Nghè 2 trên đường Nguyễn Hữu Cảnh, gần Thảo Cầm Viên | G8: Thị Nghè 2 - HCM_NM_TN2 - Triều Lên | H8: Thị Nghè 2 - Triều Lên | I8: Thị Nghè 2 - Triều Lên (QC - Mẫu lặp hiện trường) | J8: Thị Nghè 2 - Triều Lên (QC - Mẫu trắng hiện trường) | K8: Thị Nghè 2 - Triều Lên (QC - Mẫu trắng vận chuyển) | L8: Thị Nghè 2 - Triều Lên (QC - Mẫu trắng thiết bị)
A9: Bùi Hữu Nghĩa | B9: Triều Lên | C9: =IF(B9="Triều Lên",".L",IF(B9="Triều Xuống",".X","."&B9)) -> .L | D9: HCM_NM_BHN | E9: HCM_NM_BHN_L | F9: Khu vực cầu Bùi Hữu Nghĩa, đoạn rạch Cầu Bông đổ ra kênh Nhiêu Lộc – Thị Nghè | G9: Bùi Hữu Nghĩa - HCM_NM_BHN - Triều Lên | H9: Bùi Hữu Nghĩa - Triều Lên | I9: Bùi Hữu Nghĩa - Triều Lên (QC - Mẫu lặp hiện trường) | J9: Bùi Hữu Nghĩa - Triều Lên (QC - Mẫu trắng hiện trường) | K9: Bùi Hữu Nghĩa - Triều Lên (QC - Mẫu trắng vận chuyển) | L9: Bùi Hữu Nghĩa - Triều Lên (QC - Mẫu trắng thiết bị)
A10: Cầu Văn Thánh | B10: Triều Lên | C10: =IF(B10="Triều Lên",".L",IF(B10="Triều Xuống",".X","."&B10)) -> .L | D10: HCM_NM_RVT | E10: HCM_NM_RVT_L | F10: Khu vực cầu Văn Thánh trên đường Điện Biên Phủ | G10: Cầu Văn Thánh - HCM_NM_RVT - Triều Lên | H10: Cầu Văn Thánh - Triều Lên | I10: Cầu Văn Thánh - Triều Lên (QC - Mẫu lặp hiện trường) | J10: Cầu Văn Thánh - Triều Lên (QC - Mẫu trắng hiện trường) | K10: Cầu Văn Thánh - Triều Lên (QC - Mẫu trắng vận chuyển) | L10: Cầu Văn Thánh - Triều Lên (QC - Mẫu trắng thiết bị)
A11: Cầu Văn Thánh 2 | B11: Triều Lên | C11: =IF(B11="Triều Lên",".L",IF(B11="Triều Xuống",".X","."&B11)) -> .L | D11: HCM_NM_RVT2 | E11: HCM_NM_RVT2_L | F11: Khu vực cầu Văn Thánh 2 trên đường Nguyễn Hữu Cảnh, đoạn qua rạch Văn Thánh | G11: Cầu Văn Thánh 2 - HCM_NM_RVT2 - Triều Lên | H11: Cầu Văn Thánh 2 - Triều Lên | I11: Cầu Văn Thánh 2 - Triều Lên (QC - Mẫu lặp hiện trường) | J11: Cầu Văn Thánh 2 - Triều Lên (QC - Mẫu trắng hiện trường) | K11: Cầu Văn Thánh 2 - Triều Lên (QC - Mẫu trắng vận chuyển) | L11: Cầu Văn Thánh 2 - Triều Lên (QC - Mẫu trắng thiết bị)
A12: Cầu số 1 | B12: Triều Xuống | C12: =IF(B12="Triều Lên",".L",IF(B12="Triều Xuống",".X","."&B12)) -> .X | D12: HCM_NM_CS1 | E12: HCM_NM_CS1_X | F12: Khu vực Cầu số 1, đầu tuyến kênh Nhiêu Lộc – Thị Nghè | G12: Cầu số 1 - HCM_NM_CS1 - Triều Xuống | H12: Cầu số 1 - Triều Xuống | I12: Cầu số 1 - Triều Xuống (QC - Mẫu lặp hiện trường) | J12: Cầu số 1 - Triều Xuống (QC - Mẫu trắng hiện trường) | K12: Cầu số 1 - Triều Xuống (QC - Mẫu trắng vận chuyển) | L12: Cầu số 1 - Triều Xuống (QC - Mẫu trắng thiết bị)
A13: Lê Văn Sỹ | B13: Triều Xuống | C13: =IF(B13="Triều Lên",".L",IF(B13="Triều Xuống",".X","."&B13)) -> .X | D13: HCM_NM_LVS | E13: HCM_NM_LVS_X | F13: Khu vực cầu Lê Văn Sỹ, nối đường Lê Văn Sỹ và đường Trần Quốc Thảo | G13: Lê Văn Sỹ - HCM_NM_LVS - Triều Xuống | H13: Lê Văn Sỹ - Triều Xuống | I13: Lê Văn Sỹ - Triều Xuống (QC - Mẫu lặp hiện trường) | J13: Lê Văn Sỹ - Triều Xuống (QC - Mẫu trắng hiện trường) | K13: Lê Văn Sỹ - Triều Xuống (QC - Mẫu trắng vận chuyển) | L13: Lê Văn Sỹ - Triều Xuống (QC - Mẫu trắng thiết bị)
... A181: Đồng Tranh | B181: Triều Xuống | C181: =IF(B181="Triều Lên",".L",IF(B181="Triều Xuống",".X","."&B181)) -> .X | D181: HCM_NM_ĐT | E181: HCM_NM_ĐT_X | F181: Xã Cần Giờ - Gần cửa sông Đồng Tranh 2 km. | G181: Đồng Tranh - HCM_NM_ĐT - Triều Xuống | H181: Đồng Tranh - Triều Xuống | I181: Đồng Tranh - Triều Xuống (QC - Mẫu lặp hiện trường) | J181: Đồng Tranh - Triều Xuống (QC - Mẫu trắng hiện trường) | K181: Đồng Tranh - Triều Xuống (QC - Mẫu trắng vận chuyển) | L181: Đồng Tranh - Triều Xuống (QC - Mẫu trắng thiết bị)
