Workbook

Sheet FINAL
A1: Địa điểm quan trắc | B1: Triều | C1: Ký hiệu | D1: Tên viết tắt | E1: Địa chỉ | F1: Tên nơi lấy mẫu | G1: Tên vị trí | H1: Tên vị trí mẫu lặp | I1: Tên vị trí mẫu trắng hiện trường | J1: Tên vị trí mẫu trắng vận chuyển | K1: Tên vị trí mẫu trắng thiết bị
A2: Cầu số 1 | B2: Triều Lên | C2: HCM_NM_CS1 | D2: HCM_NM_CS1_L | E2: Khu vực Cầu số 1, đầu tuyến kênh Nhiêu Lộc – Thị Nghè | F2: =A2&" - "&C2&" - "&B2 -> Cầu số 1 - HCM_NM_CS1 - Triều Lên | G2: =A2&" - "&B2 -> Cầu số 1 - Triều Lên | H2: =A2&" - "&B2&" (QC - "&Sheet2!$A$2&")" -> Cầu số 1 - Triều Lên (QC - Mẫu lặp hiện trường) | I2: =A2&" - "&B2&" (QC - "&Sheet2!$A$1&")" -> Cầu số 1 - Triều Lên (QC - Mẫu trắng hiện trường) | J2: =A2&" - "&B2&" (QC - "&Sheet2!$A$3&")" -> Cầu số 1 - Triều Lên (QC - Mẫu trắng vận chuyển) | K2: =A2&" - "&B2&" (QC - "&Sheet2!$A$4&")" -> Cầu số 1 - Triều Lên (QC - Mẫu trắng thiết bị)
A3: Lê Văn Sỹ | B3: Triều Lên | C3: HCM_NM_LVS | D3: HCM_NM_LVS_L | E3: Khu vực cầu Lê Văn Sỹ, nối đường Lê Văn Sỹ và đường Trần Quốc Thảo | F3: =A3&" - "&C3&" - "&B3 -> Lê Văn Sỹ - HCM_NM_LVS - Triều Lên | G3: =A3&" - "&B3 -> Lê Văn Sỹ - Triều Lên | H3: =A3&" - "&B3&" (QC - "&Sheet2!$A$2&")" -> Lê Văn Sỹ - Triều Lên (QC - Mẫu lặp hiện trường) | I3: =A3&" - "&B3&" (QC - "&Sheet2!$A$1&")" -> Lê Văn Sỹ - Triều Lên (QC - Mẫu trắng hiện trường) | J3: =A3&" - "&B3&" (QC - "&Sheet2!$A$3&")" -> Lê Văn Sỹ - Triều Lên (QC - Mẫu trắng vận chuyển) | K3: =A3&" - "&B3&" (QC - "&Sheet2!$A$4&")" -> Lê Văn Sỹ - Triều Lên (QC - Mẫu trắng thiết bị)
A4: Hải Đức | B4: Triều Lên | C4: HCM_NM_HĐ | D4: HCM_NM_HĐ_L | E4: Đoạn kênh khu vực gần Chùa Hải Đức, phường Cầu Kiệu | F4: =A4&" - "&C4&" - "&B4 -> Hải Đức - HCM_NM_HĐ - Triều Lên | G4: =A4&" - "&B4 -> Hải Đức - Triều Lên | H4: =A4&" - "&B4&" (QC - "&Sheet2!$A$2&")" -> Hải Đức - Triều Lên (QC - Mẫu lặp hiện trường) | I4: =A4&" - "&B4&" (QC - "&Sheet2!$A$1&")" -> Hải Đức - Triều Lên (QC - Mẫu trắng hiện trường) | J4: =A4&" - "&B4&" (QC - "&Sheet2!$A$3&")" -> Hải Đức - Triều Lên (QC - Mẫu trắng vận chuyển) | K4: =A4&" - "&B4&" (QC - "&Sheet2!$A$4&")" -> Hải Đức - Triều Lên (QC - Mẫu trắng thiết bị)
A5: Điện Biên Phủ | B5: Triều Lên | C5: HCM_NM_ĐBP | D5: HCM_NM_ĐBP_L | E5: Khu vực cầu Điện Biên Phủ, gần Vòng xoay Điện Biên Phủ | F5: =A5&" - "&C5&" - "&B5 -> Điện Biên Phủ - HCM_NM_ĐBP - Triều Lên | G5: =A5&" - "&B5 -> Điện Biên Phủ - Triều Lên | H5: =A5&" - "&B5&" (QC - "&Sheet2!$A$2&")" -> Điện Biên Phủ - Triều Lên (QC - Mẫu lặp hiện trường) | I5: =A5&" - "&B5&" (QC - "&Sheet2!$A$1&")" -> Điện Biên Phủ - Triều Lên (QC - Mẫu trắng hiện trường) | J5: =A5&" - "&B5&" (QC - "&Sheet2!$A$3&")" -> Điện Biên Phủ - Triều Lên (QC - Mẫu trắng vận chuyển) | K5: =A5&" - "&B5&" (QC - "&Sheet2!$A$4&")" -> Điện Biên Phủ - Triều Lên (QC - Mẫu trắng thiết bị)
A6: Bùi Đình Túy | B6: Triều Lên | C6: HCM_NM_BĐT | D6: HCM_NM_BĐT_L | E6: Khu vực gần công viên đường số 4, giáp bờ sông, gần đường Chu Văn An, phường Bình Thạnh | F6: =A6&" - "&C6&" - "&B6 -> Bùi Đình Túy - HCM_NM_BĐT - Triều Lên | G6: =A6&" - "&B6 -> Bùi Đình Túy - Triều Lên | H6: =A6&" - "&B6&" (QC - "&Sheet2!$A$2&")" -> Bùi Đình Túy - Triều Lên (QC - Mẫu lặp hiện trường) | I6: =A6&" - "&B6&" (QC - "&Sheet2!$A$1&")" -> Bùi Đình Túy - Triều Lên (QC - Mẫu trắng hiện trường) | J6: =A6&" - "&B6&" (QC - "&Sheet2!$A$3&")" -> Bùi Đình Túy - Triều Lên (QC - Mẫu trắng vận chuyển) | K6: =A6&" - "&B6&" (QC - "&Sheet2!$A$4&")" -> Bùi Đình Túy - Triều Lên (QC - Mẫu trắng thiết bị)
A7: Cầu Đỏ | B7: Triều Lên | C7: HCM_NM_CĐ | D7: HCM_NM_CĐ_L | E7: Khu vực Cầu Đỏ trên đường Nguyễn Xí, đoạn qua rạch Cầu Sơn | F7: =A7&" - "&C7&" - "&B7 -> Cầu Đỏ - HCM_NM_CĐ - Triều Lên | G7: =A7&" - "&B7 -> Cầu Đỏ - Triều Lên | H7: =A7&" - "&B7&" (QC - "&Sheet2!$A$2&")" -> Cầu Đỏ - Triều Lên (QC - Mẫu lặp hiện trường) | I7: =A7&" - "&B7&" (QC - "&Sheet2!$A$1&")" -> Cầu Đỏ - Triều Lên (QC - Mẫu trắng hiện trường) | J7: =A7&" - "&B7&" (QC - "&Sheet2!$A$3&")" -> Cầu Đỏ - Triều Lên (QC - Mẫu trắng vận chuyển) | K7: =A7&" - "&B7&" (QC - "&Sheet2!$A$4&")" -> Cầu Đỏ - Triều Lên (QC - Mẫu trắng thiết bị)
A8: Thị Nghè 2 | B8: Triều Lên | C8: HCM_NM_TN2 | D8: HCM_NM_TN2_L | E8: Khu vực cầu Thị Nghè 2 trên đường Nguyễn Hữu Cảnh, gần Thảo Cầm Viên | F8: =A8&" - "&C8&" - "&B8 -> Thị Nghè 2 - HCM_NM_TN2 - Triều Lên | G8: =A8&" - "&B8 -> Thị Nghè 2 - Triều Lên | H8: =A8&" - "&B8&" (QC - "&Sheet2!$A$2&")" -> Thị Nghè 2 - Triều Lên (QC - Mẫu lặp hiện trường) | I8: =A8&" - "&B8&" (QC - "&Sheet2!$A$1&")" -> Thị Nghè 2 - Triều Lên (QC - Mẫu trắng hiện trường) | J8: =A8&" - "&B8&" (QC - "&Sheet2!$A$3&")" -> Thị Nghè 2 - Triều Lên (QC - Mẫu trắng vận chuyển) | K8: =A8&" - "&B8&" (QC - "&Sheet2!$A$4&")" -> Thị Nghè 2 - Triều Lên (QC - Mẫu trắng thiết bị)
A9: Bùi Hữu Nghĩa | B9: Triều Lên | C9: HCM_NM_BHN | D9: HCM_NM_BHN_L | E9: Khu vực cầu Bùi Hữu Nghĩa, đoạn rạch Cầu Bông đổ ra kênh Nhiêu Lộc – Thị Nghè | F9: =A9&" - "&C9&" - "&B9 -> Bùi Hữu Nghĩa - HCM_NM_BHN - Triều Lên | G9: =A9&" - "&B9 -> Bùi Hữu Nghĩa - Triều Lên | H9: =A9&" - "&B9&" (QC - "&Sheet2!$A$2&")" -> Bùi Hữu Nghĩa - Triều Lên (QC - Mẫu lặp hiện trường) | I9: =A9&" - "&B9&" (QC - "&Sheet2!$A$1&")" -> Bùi Hữu Nghĩa - Triều Lên (QC - Mẫu trắng hiện trường) | J9: =A9&" - "&B9&" (QC - "&Sheet2!$A$3&")" -> Bùi Hữu Nghĩa - Triều Lên (QC - Mẫu trắng vận chuyển) | K9: =A9&" - "&B9&" (QC - "&Sheet2!$A$4&")" -> Bùi Hữu Nghĩa - Triều Lên (QC - Mẫu trắng thiết bị)
A10: Cầu Văn Thánh | B10: Triều Lên | C10: HCM_NM_RVT | D10: HCM_NM_RVT_L | E10: Khu vực cầu Văn Thánh trên đường Điện Biên Phủ | F10: =A10&" - "&C10&" - "&B10 -> Cầu Văn Thánh - HCM_NM_RVT - Triều Lên | G10: =A10&" - "&B10 -> Cầu Văn Thánh - Triều Lên | H10: =A10&" - "&B10&" (QC - "&Sheet2!$A$2&")" -> Cầu Văn Thánh - Triều Lên (QC - Mẫu lặp hiện trường) | I10: =A10&" - "&B10&" (QC - "&Sheet2!$A$1&")" -> Cầu Văn Thánh - Triều Lên (QC - Mẫu trắng hiện trường) | J10: =A10&" - "&B10&" (QC - "&Sheet2!$A$3&")" -> Cầu Văn Thánh - Triều Lên (QC - Mẫu trắng vận chuyển) | K10: =A10&" - "&B10&" (QC - "&Sheet2!$A$4&")" -> Cầu Văn Thánh - Triều Lên (QC - Mẫu trắng thiết bị)
A11: Cầu Văn Thánh 2 | B11: Triều Lên | C11: HCM_NM_RVT2 | D11: HCM_NM_RVT2_L | E11: Khu vực cầu Văn Thánh 2 trên đường Nguyễn Hữu Cảnh, đoạn qua rạch Văn Thánh | F11: =A11&" - "&C11&" - "&B11 -> Cầu Văn Thánh 2 - HCM_NM_RVT2 - Triều Lên | G11: =A11&" - "&B11 -> Cầu Văn Thánh 2 - Triều Lên | H11: =A11&" - "&B11&" (QC - "&Sheet2!$A$2&")" -> Cầu Văn Thánh 2 - Triều Lên (QC - Mẫu lặp hiện trường) | I11: =A11&" - "&B11&" (QC - "&Sheet2!$A$1&")" -> Cầu Văn Thánh 2 - Triều Lên (QC - Mẫu trắng hiện trường) | J11: =A11&" - "&B11&" (QC - "&Sheet2!$A$3&")" -> Cầu Văn Thánh 2 - Triều Lên (QC - Mẫu trắng vận chuyển) | K11: =A11&" - "&B11&" (QC - "&Sheet2!$A$4&")" -> Cầu Văn Thánh 2 - Triều Lên (QC - Mẫu trắng thiết bị)
A12: Cầu số 1 | B12: Triều Xuống | C12: HCM_NM_CS1 | D12: HCM_NM_CS1_X | E12: Khu vực Cầu số 1, đầu tuyến kênh Nhiêu Lộc – Thị Nghè | F12: =A12&" - "&C12&" - "&B12 -> Cầu số 1 - HCM_NM_CS1 - Triều Xuống | G12: =A12&" - "&B12 -> Cầu số 1 - Triều Xuống | H12: =A12&" - "&B12&" (QC - "&Sheet2!$A$2&")" -> Cầu số 1 - Triều Xuống (QC - Mẫu lặp hiện trường) | I12: =A12&" - "&B12&" (QC - "&Sheet2!$A$1&")" -> Cầu số 1 - Triều Xuống (QC - Mẫu trắng hiện trường) | J12: =A12&" - "&B12&" (QC - "&Sheet2!$A$3&")" -> Cầu số 1 - Triều Xuống (QC - Mẫu trắng vận chuyển) | K12: =A12&" - "&B12&" (QC - "&Sheet2!$A$4&")" -> Cầu số 1 - Triều Xuống (QC - Mẫu trắng thiết bị)
A13: Lê Văn Sỹ | B13: Triều Xuống | C13: HCM_NM_LVS | D13: HCM_NM_LVS_X | E13: Khu vực cầu Lê Văn Sỹ, nối đường Lê Văn Sỹ và đường Trần Quốc Thảo | F13: =A13&" - "&C13&" - "&B13 -> Lê Văn Sỹ - HCM_NM_LVS - Triều Xuống | G13: =A13&" - "&B13 -> Lê Văn Sỹ - Triều Xuống | H13: =A13&" - "&B13&" (QC - "&Sheet2!$A$2&")" -> Lê Văn Sỹ - Triều Xuống (QC - Mẫu lặp hiện trường) | I13: =A13&" - "&B13&" (QC - "&Sheet2!$A$1&")" -> Lê Văn Sỹ - Triều Xuống (QC - Mẫu trắng hiện trường) | J13: =A13&" - "&B13&" (QC - "&Sheet2!$A$3&")" -> Lê Văn Sỹ - Triều Xuống (QC - Mẫu trắng vận chuyển) | K13: =A13&" - "&B13&" (QC - "&Sheet2!$A$4&")" -> Lê Văn Sỹ - Triều Xuống (QC - Mẫu trắng thiết bị)
... A21: Cầu Văn Thánh 2 | B21: Triều Xuống | C21: HCM_NM_RVT2 | D21: HCM_NM_RVT2_X | E21: Khu vực cầu Văn Thánh 2 trên đường Nguyễn Hữu Cảnh, đoạn qua rạch Văn Thánh | F21: =A21&" - "&C21&" - "&B21 -> Cầu Văn Thánh 2 - HCM_NM_RVT2 - Triều Xuống | G21: =A21&" - "&B21 -> Cầu Văn Thánh 2 - Triều Xuống | H21: =A21&" - "&B21&" (QC - "&Sheet2!$A$2&")" -> Cầu Văn Thánh 2 - Triều Xuống (QC - Mẫu lặp hiện trường) | I21: =A21&" - "&B21&" (QC - "&Sheet2!$A$1&")" -> Cầu Văn Thánh 2 - Triều Xuống (QC - Mẫu trắng hiện trường) | J21: =A21&" - "&B21&" (QC - "&Sheet2!$A$3&")" -> Cầu Văn Thánh 2 - Triều Xuống (QC - Mẫu trắng vận chuyển) | K21: =A21&" - "&B21&" (QC - "&Sheet2!$A$4&")" -> Cầu Văn Thánh 2 - Triều Xuống (QC - Mẫu trắng thiết bị)
A22: TBNM15 | B22: 01 | C22: HCM_NM_TBNM15 | D22: =C22&"_"&B22 -> HCM_NM_TBNM15_01 | E22: Kênh 18 – Cách nhà máy Vietstar 300m về hướng ngược dòng chảy. | F22: =A22&" - "&C22&" - "&B22 -> TBNM15 - HCM_NM_TBNM15 - 01 | G22: =A22&" - "&B22 -> TBNM15 - 01 | H22: =A22&" - "&B22&" (QC - "&Sheet2!$A$2&")" -> TBNM15 - 01 (QC - Mẫu lặp hiện trường) | I22: =A22&" - "&B22&" (QC - "&Sheet2!$A$1&")" -> TBNM15 - 01 (QC - Mẫu trắng hiện trường) | J22: =A22&" - "&B22&" (QC - "&Sheet2!$A$3&")" -> TBNM15 - 01 (QC - Mẫu trắng vận chuyển) | K22: =A22&" - "&B22&" (QC - "&Sheet2!$A$4&")" -> TBNM15 - 01 (QC - Mẫu trắng thiết bị)
A23: TBNM5 | B23: 01 | C23: HCM_NM_TBNM5 | D23: =C23&"_"&B23 -> HCM_NM_TBNM5_01 | E23: Kênh Thầy Cai – cách kênh 18 khoảng 500 m, hướng về phía thượng nguồn. | F23: =A23&" - "&C23&" - "&B23 -> TBNM5 - HCM_NM_TBNM5 - 01 | G23: =A23&" - "&B23 -> TBNM5 - 01 | H23: =A23&" - "&B23&" (QC - "&Sheet2!$A$2&")" -> TBNM5 - 01 (QC - Mẫu lặp hiện trường) | I23: =A23&" - "&B23&" (QC - "&Sheet2!$A$1&")" -> TBNM5 - 01 (QC - Mẫu trắng hiện trường) | J23: =A23&" - "&B23&" (QC - "&Sheet2!$A$3&")" -> TBNM5 - 01 (QC - Mẫu trắng vận chuyển) | K23: =A23&" - "&B23&" (QC - "&Sheet2!$A$4&")" -> TBNM5 - 01 (QC - Mẫu trắng thiết bị)
A24: Cầu Tân Thái | B24: Triều Lên | C24: HCM_NM_CTT | D24: HCM_NM_CTT_L | E24: Cầu Tân Thái, TL 822, ranh giới giữa Phường Thái Mỹ và tỉnh Tây Ninh | F24: =A24&" - "&C24&" - "&B24 -> Cầu Tân Thái - HCM_NM_CTT - Triều Lên | G24: =A24&" - "&B24 -> Cầu Tân Thái - Triều Lên | H24: =A24&" - "&B24&" (QC - "&Sheet2!$A$2&")" -> Cầu Tân Thái - Triều Lên (QC - Mẫu lặp hiện trường) | I24: =A24&" - "&B24&" (QC - "&Sheet2!$A$1&")" -> Cầu Tân Thái - Triều Lên (QC - Mẫu trắng hiện trường) | J24: =A24&" - "&B24&" (QC - "&Sheet2!$A$3&")" -> Cầu Tân Thái - Triều Lên (QC - Mẫu trắng vận chuyển) | K24: =A24&" - "&B24&" (QC - "&Sheet2!$A$4&")" -> Cầu Tân Thái - Triều Lên (QC - Mẫu trắng thiết bị)
A25: TBNM14 | B25: 01 | C25: HCM_NM_TBNM14 | D25: =C25&"_"&B25 -> HCM_NM_TBNM14_01 | E25: Kênh 17 – Đầu kênh | F25: =A25&" - "&C25&" - "&B25 -> TBNM14 - HCM_NM_TBNM14 - 01 | G25: =A25&" - "&B25 -> TBNM14 - 01 | H25: =A25&" - "&B25&" (QC - "&Sheet2!$A$2&")" -> TBNM14 - 01 (QC - Mẫu lặp hiện trường) | I25: =A25&" - "&B25&" (QC - "&Sheet2!$A$1&")" -> TBNM14 - 01 (QC - Mẫu trắng hiện trường) | J25: =A25&" - "&B25&" (QC - "&Sheet2!$A$3&")" -> TBNM14 - 01 (QC - Mẫu trắng vận chuyển) | K25: =A25&" - "&B25&" (QC - "&Sheet2!$A$4&")" -> TBNM14 - 01 (QC - Mẫu trắng thiết bị)
A26: TBNM9 | B26: 01 | C26: HCM_NM_TBNM9 | D26: =C26&"_"&B26 -> HCM_NM_TBNM9_01 | E26: Kênh 15 – Thượng nguồn - Cách bãi số 3 khoảng 500 m ngược hướng dòng chảy | F26: =A26&" - "&C26&" - "&B26 -> TBNM9 - HCM_NM_TBNM9 - 01 | G26: =A26&" - "&B26 -> TBNM9 - 01 | H26: =A26&" - "&B26&" (QC - "&Sheet2!$A$2&")" -> TBNM9 - 01 (QC - Mẫu lặp hiện trường) | I26: =A26&" - "&B26&" (QC - "&Sheet2!$A$1&")" -> TBNM9 - 01 (QC - Mẫu trắng hiện trường) | J26: =A26&" - "&B26&" (QC - "&Sheet2!$A$3&")" -> TBNM9 - 01 (QC - Mẫu trắng vận chuyển) | K26: =A26&" - "&B26&" (QC - "&Sheet2!$A$4&")" -> TBNM9 - 01 (QC - Mẫu trắng thiết bị)
A27: TBNM11 | B27: 01 | C27: HCM_NM_TBNM11 | D27: =C27&"_"&B27 -> HCM_NM_TBNM11_01 | E27: Kênh 16 – giáp bãi chôn lấp số 3 (đầu kênh) | F27: =A27&" - "&C27&" - "&B27 -> TBNM11 - HCM_NM_TBNM11 - 01 | G27: =A27&" - "&B27 -> TBNM11 - 01 | H27: =A27&" - "&B27&" (QC - "&Sheet2!$A$2&")" -> TBNM11 - 01 (QC - Mẫu lặp hiện trường) | I27: =A27&" - "&B27&" (QC - "&Sheet2!$A$1&")" -> TBNM11 - 01 (QC - Mẫu trắng hiện trường) | J27: =A27&" - "&B27&" (QC - "&Sheet2!$A$3&")" -> TBNM11 - 01 (QC - Mẫu trắng vận chuyển) | K27: =A27&" - "&B27&" (QC - "&Sheet2!$A$4&")" -> TBNM11 - 01 (QC - Mẫu trắng thiết bị)
A28: TBNM1 | B28: 01 | C28: HCM_NM_TBNM1 | D28: =C28&"_"&B28 -> HCM_NM_TBNM1_01 | E28: Kênh Thầy Cai – cách ngã 3 kênh 15 và kênh Thầy Cai khoảng 500 m về hướng dân cư. | F28: =A28&" - "&C28&" - "&B28 -> TBNM1 - HCM_NM_TBNM1 - 01 | G28: =A28&" - "&B28 -> TBNM1 - 01 | H28: =A28&" - "&B28&" (QC - "&Sheet2!$A$2&")" -> TBNM1 - 01 (QC - Mẫu lặp hiện trường) | I28: =A28&" - "&B28&" (QC - "&Sheet2!$A$1&")" -> TBNM1 - 01 (QC - Mẫu trắng hiện trường) | J28: =A28&" - "&B28&" (QC - "&Sheet2!$A$3&")" -> TBNM1 - 01 (QC - Mẫu trắng vận chuyển) | K28: =A28&" - "&B28&" (QC - "&Sheet2!$A$4&")" -> TBNM1 - 01 (QC - Mẫu trắng thiết bị)
A29: Thầy Cai | B29: Triều Lên | C29: HCM_NM_TCa | D29: HCM_NM_TCa_L | E29: Tại khu vực cầu Thầy Cai. | F29: =A29&" - "&C29&" - "&B29 -> Thầy Cai - HCM_NM_TCa - Triều Lên | G29: =A29&" - "&B29 -> Thầy Cai - Triều Lên | H29: =A29&" - "&B29&" (QC - "&Sheet2!$A$2&")" -> Thầy Cai - Triều Lên (QC - Mẫu lặp hiện trường) | I29: =A29&" - "&B29&" (QC - "&Sheet2!$A$1&")" -> Thầy Cai - Triều Lên (QC - Mẫu trắng hiện trường) | J29: =A29&" - "&B29&" (QC - "&Sheet2!$A$3&")" -> Thầy Cai - Triều Lên (QC - Mẫu trắng vận chuyển) | K29: =A29&" - "&B29&" (QC - "&Sheet2!$A$4&")" -> Thầy Cai - Triều Lên (QC - Mẫu trắng thiết bị)
A30: TBNM15 | B30: 02 | C30: HCM_NM_TBNM15 | D30: =C30&"_"&B30 -> HCM_NM_TBNM15_02 | E30: Kênh 18 – Cách nhà máy Vietstar 300m về hướng ngược dòng chảy. | F30: =A30&" - "&C30&" - "&B30 -> TBNM15 - HCM_NM_TBNM15 - 02 | G30: =A30&" - "&B30 -> TBNM15 - 02 | H30: =A30&" - "&B30&" (QC - "&Sheet2!$A$2&")" -> TBNM15 - 02 (QC - Mẫu lặp hiện trường) | I30: =A30&" - "&B30&" (QC - "&Sheet2!$A$1&")" -> TBNM15 - 02 (QC - Mẫu trắng hiện trường) | J30: =A30&" - "&B30&" (QC - "&Sheet2!$A$3&")" -> TBNM15 - 02 (QC - Mẫu trắng vận chuyển) | K30: =A30&" - "&B30&" (QC - "&Sheet2!$A$4&")" -> TBNM15 - 02 (QC - Mẫu trắng thiết bị)
A31: TBNM5 | B31: 02 | C31: HCM_NM_TBNM5 | D31: =C31&"_"&B31 -> HCM_NM_TBNM5_02 | E31: Kênh Thầy Cai – cách kênh 18 khoảng 500 m, hướng về phía thượng nguồn. | F31: =A31&" - "&C31&" - "&B31 -> TBNM5 - HCM_NM_TBNM5 - 02 | G31: =A31&" - "&B31 -> TBNM5 - 02 | H31: =A31&" - "&B31&" (QC - "&Sheet2!$A$2&")" -> TBNM5 - 02 (QC - Mẫu lặp hiện trường) | I31: =A31&" - "&B31&" (QC - "&Sheet2!$A$1&")" -> TBNM5 - 02 (QC - Mẫu trắng hiện trường) | J31: =A31&" - "&B31&" (QC - "&Sheet2!$A$3&")" -> TBNM5 - 02 (QC - Mẫu trắng vận chuyển) | K31: =A31&" - "&B31&" (QC - "&Sheet2!$A$4&")" -> TBNM5 - 02 (QC - Mẫu trắng thiết bị)
A32: Cầu Tân Thái | B32: Triều Xuống | C32: HCM_NM_CTT | D32: HCM_NM_CTT_X | E32: Cầu Tân Thái, TL 822, ranh giới giữa Phường Thái Mỹ và tỉnh Tây Ninh | F32: =A32&" - "&C32&" - "&B32 -> Cầu Tân Thái - HCM_NM_CTT - Triều Xuống | G32: =A32&" - "&B32 -> Cầu Tân Thái - Triều Xuống | H32: =A32&" - "&B32&" (QC - "&Sheet2!$A$2&")" -> Cầu Tân Thái - Triều Xuống (QC - Mẫu lặp hiện trường) | I32: =A32&" - "&B32&" (QC - "&Sheet2!$A$1&")" -> Cầu Tân Thái - Triều Xuống (QC - Mẫu trắng hiện trường) | J32: =A32&" - "&B32&" (QC - "&Sheet2!$A$3&")" -> Cầu Tân Thái - Triều Xuống (QC - Mẫu trắng vận chuyển) | K32: =A32&" - "&B32&" (QC - "&Sheet2!$A$4&")" -> Cầu Tân Thái - Triều Xuống (QC - Mẫu trắng thiết bị)
A33: TBNM14 | B33: 02 | C33: HCM_NM_TBNM14 | D33: =C33&"_"&B33 -> HCM_NM_TBNM14_02 | E33: Kênh 17 – Đầu kênh | F33: =A33&" - "&C33&" - "&B33 -> TBNM14 - HCM_NM_TBNM14 - 02 | G33: =A33&" - "&B33 -> TBNM14 - 02 | H33: =A33&" - "&B33&" (QC - "&Sheet2!$A$2&")" -> TBNM14 - 02 (QC - Mẫu lặp hiện trường) | I33: =A33&" - "&B33&" (QC - "&Sheet2!$A$1&")" -> TBNM14 - 02 (QC - Mẫu trắng hiện trường) | J33: =A33&" - "&B33&" (QC - "&Sheet2!$A$3&")" -> TBNM14 - 02 (QC - Mẫu trắng vận chuyển) | K33: =A33&" - "&B33&" (QC - "&Sheet2!$A$4&")" -> TBNM14 - 02 (QC - Mẫu trắng thiết bị)
A34: TBNM9 | B34: 02 | C34: HCM_NM_TBNM9 | D34: =C34&"_"&B34 -> HCM_NM_TBNM9_02 | E34: Kênh 15 – Thượng nguồn - Cách bãi số 3 khoảng 500 m ngược hướng dòng chảy | F34: =A34&" - "&C34&" - "&B34 -> TBNM9 - HCM_NM_TBNM9 - 02 | G34: =A34&" - "&B34 -> TBNM9 - 02 | H34: =A34&" - "&B34&" (QC - "&Sheet2!$A$2&")" -> TBNM9 - 02 (QC - Mẫu lặp hiện trường) | I34: =A34&" - "&B34&" (QC - "&Sheet2!$A$1&")" -> TBNM9 - 02 (QC - Mẫu trắng hiện trường) | J34: =A34&" - "&B34&" (QC - "&Sheet2!$A$3&")" -> TBNM9 - 02 (QC - Mẫu trắng vận chuyển) | K34: =A34&" - "&B34&" (QC - "&Sheet2!$A$4&")" -> TBNM9 - 02 (QC - Mẫu trắng thiết bị)
A35: TBNM11 | B35: 02 | C35: HCM_NM_TBNM11 | D35: =C35&"_"&B35 -> HCM_NM_TBNM11_02 | E35: Kênh 16 – giáp bãi chôn lấp số 3 (đầu kênh) | F35: =A35&" - "&C35&" - "&B35 -> TBNM11 - HCM_NM_TBNM11 - 02 | G35: =A35&" - "&B35 -> TBNM11 - 02 | H35: =A35&" - "&B35&" (QC - "&Sheet2!$A$2&")" -> TBNM11 - 02 (QC - Mẫu lặp hiện trường) | I35: =A35&" - "&B35&" (QC - "&Sheet2!$A$1&")" -> TBNM11 - 02 (QC - Mẫu trắng hiện trường) | J35: =A35&" - "&B35&" (QC - "&Sheet2!$A$3&")" -> TBNM11 - 02 (QC - Mẫu trắng vận chuyển) | K35: =A35&" - "&B35&" (QC - "&Sheet2!$A$4&")" -> TBNM11 - 02 (QC - Mẫu trắng thiết bị)
A36: TBNM1 | B36: 02 | C36: HCM_NM_TBNM1 | D36: =C36&"_"&B36 -> HCM_NM_TBNM1_02 | E36: Kênh Thầy Cai – cách ngã 3 kênh 15 và kênh Thầy Cai khoảng 500 m về hướng dân cư. | F36: =A36&" - "&C36&" - "&B36 -> TBNM1 - HCM_NM_TBNM1 - 02 | G36: =A36&" - "&B36 -> TBNM1 - 02 | H36: =A36&" - "&B36&" (QC - "&Sheet2!$A$2&")" -> TBNM1 - 02 (QC - Mẫu lặp hiện trường) | I36: =A36&" - "&B36&" (QC - "&Sheet2!$A$1&")" -> TBNM1 - 02 (QC - Mẫu trắng hiện trường) | J36: =A36&" - "&B36&" (QC - "&Sheet2!$A$3&")" -> TBNM1 - 02 (QC - Mẫu trắng vận chuyển) | K36: =A36&" - "&B36&" (QC - "&Sheet2!$A$4&")" -> TBNM1 - 02 (QC - Mẫu trắng thiết bị)
A37: Thầy Cai | B37: Triều Xuống | C37: HCM_NM_TCa | D37: HCM_NM_TCa_X | E37: Tại khu vực cầu Thầy Cai. | F37: =A37&" - "&C37&" - "&B37 -> Thầy Cai - HCM_NM_TCa - Triều Xuống | G37: =A37&" - "&B37 -> Thầy Cai - Triều Xuống | H37: =A37&" - "&B37&" (QC - "&Sheet2!$A$2&")" -> Thầy Cai - Triều Xuống (QC - Mẫu lặp hiện trường) | I37: =A37&" - "&B37&" (QC - "&Sheet2!$A$1&")" -> Thầy Cai - Triều Xuống (QC - Mẫu trắng hiện trường) | J37: =A37&" - "&B37&" (QC - "&Sheet2!$A$3&")" -> Thầy Cai - Triều Xuống (QC - Mẫu trắng vận chuyển) | K37: =A37&" - "&B37&" (QC - "&Sheet2!$A$4&")" -> Thầy Cai - Triều Xuống (QC - Mẫu trắng thiết bị)
A38: Kênh N46 | B38: Triều Lên | C38: HCM_NM_N46 | D38: HCM_NM_N46_L | E38: Hồ chứa nước kênh Đông, xã Củ Chi | F38: =A38&" - "&C38&" - "&B38 -> Kênh N46 - HCM_NM_N46 - Triều Lên | G38: =A38&" - "&B38 -> Kênh N46 - Triều Lên | H38: =A38&" - "&B38&" (QC - "&Sheet2!$A$2&")" -> Kênh N46 - Triều Lên (QC - Mẫu lặp hiện trường) | I38: =A38&" - "&B38&" (QC - "&Sheet2!$A$1&")" -> Kênh N46 - Triều Lên (QC - Mẫu trắng hiện trường) | J38: =A38&" - "&B38&" (QC - "&Sheet2!$A$3&")" -> Kênh N46 - Triều Lên (QC - Mẫu trắng vận chuyển) | K38: =A38&" - "&B38&" (QC - "&Sheet2!$A$4&")" -> Kênh N46 - Triều Lên (QC - Mẫu trắng thiết bị)
A39: Tân Phú Trung | B39: Triều Lên | C39: HCM_NM_TPT | D39: HCM_NM_TPT_L | E39: Dọc đường Tam Tân cách ngã giao kênh Thầy Cai và kênh An Hạ 1km về phía Tây | F39: =A39&" - "&C39&" - "&B39 -> Tân Phú Trung - HCM_NM_TPT - Triều Lên | G39: =A39&" - "&B39 -> Tân Phú Trung - Triều Lên | H39: =A39&" - "&B39&" (QC - "&Sheet2!$A$2&")" -> Tân Phú Trung - Triều Lên (QC - Mẫu lặp hiện trường) | I39: =A39&" - "&B39&" (QC - "&Sheet2!$A$1&")" -> Tân Phú Trung - Triều Lên (QC - Mẫu trắng hiện trường) | J39: =A39&" - "&B39&" (QC - "&Sheet2!$A$3&")" -> Tân Phú Trung - Triều Lên (QC - Mẫu trắng vận chuyển) | K39: =A39&" - "&B39&" (QC - "&Sheet2!$A$4&")" -> Tân Phú Trung - Triều Lên (QC - Mẫu trắng thiết bị)
A40: TC18A | B40: Triều Lên | C40: HCM_NM_TC18A | D40: HCM_NM_TC18A_L | E40: Trước cổng công ty Fujifilm | F40: =A40&" - "&C40&" - "&B40 -> TC18A - HCM_NM_TC18A - Triều Lên | G40: =A40&" - "&B40 -> TC18A - Triều Lên | H40: =A40&" - "&B40&" (QC - "&Sheet2!$A$2&")" -> TC18A - Triều Lên (QC - Mẫu lặp hiện trường) | I40: =A40&" - "&B40&" (QC - "&Sheet2!$A$1&")" -> TC18A - Triều Lên (QC - Mẫu trắng hiện trường) | J40: =A40&" - "&B40&" (QC - "&Sheet2!$A$3&")" -> TC18A - Triều Lên (QC - Mẫu trắng vận chuyển) | K40: =A40&" - "&B40&" (QC - "&Sheet2!$A$4&")" -> TC18A - Triều Lên (QC - Mẫu trắng thiết bị)
A41: An Hạ 1 | B41: Triều Lên | C41: HCM_NM_AH1 | D41: HCM_NM_AH1_L | E41: Cầu An Hạ, QL 22 | F41: =A41&" - "&C41&" - "&B41 -> An Hạ 1 - HCM_NM_AH1 - Triều Lên | G41: =A41&" - "&B41 -> An Hạ 1 - Triều Lên | H41: =A41&" - "&B41&" (QC - "&Sheet2!$A$2&")" -> An Hạ 1 - Triều Lên (QC - Mẫu lặp hiện trường) | I41: =A41&" - "&B41&" (QC - "&Sheet2!$A$1&")" -> An Hạ 1 - Triều Lên (QC - Mẫu trắng hiện trường) | J41: =A41&" - "&B41&" (QC - "&Sheet2!$A$3&")" -> An Hạ 1 - Triều Lên (QC - Mẫu trắng vận chuyển) | K41: =A41&" - "&B41&" (QC - "&Sheet2!$A$4&")" -> An Hạ 1 - Triều Lên (QC - Mẫu trắng thiết bị)
A42: Cầu TL9 | B42: Triều Lên | C42: HCM_NM_CTL9 | D42: HCM_NM_CTL9_L | E42: Tại khu vực cầu TL9 | F42: =A42&" - "&C42&" - "&B42 -> Cầu TL9 - HCM_NM_CTL9 - Triều Lên | G42: =A42&" - "&B42 -> Cầu TL9 - Triều Lên | H42: =A42&" - "&B42&" (QC - "&Sheet2!$A$2&")" -> Cầu TL9 - Triều Lên (QC - Mẫu lặp hiện trường) | I42: =A42&" - "&B42&" (QC - "&Sheet2!$A$1&")" -> Cầu TL9 - Triều Lên (QC - Mẫu trắng hiện trường) | J42: =A42&" - "&B42&" (QC - "&Sheet2!$A$3&")" -> Cầu TL9 - Triều Lên (QC - Mẫu trắng vận chuyển) | K42: =A42&" - "&B42&" (QC - "&Sheet2!$A$4&")" -> Cầu TL9 - Triều Lên (QC - Mẫu trắng thiết bị)
A43: Xuân Thới Sơn | B43: Triều Lên | C43: HCM_NM_XTS | D43: HCM_NM_XTS_L | E43: Dọc đường Thanh Niên đối diện với cơ sở xã hội Nhị Xuân | F43: =A43&" - "&C43&" - "&B43 -> Xuân Thới Sơn - HCM_NM_XTS - Triều Lên | G43: =A43&" - "&B43 -> Xuân Thới Sơn - Triều Lên | H43: =A43&" - "&B43&" (QC - "&Sheet2!$A$2&")" -> Xuân Thới Sơn - Triều Lên (QC - Mẫu lặp hiện trường) | I43: =A43&" - "&B43&" (QC - "&Sheet2!$A$1&")" -> Xuân Thới Sơn - Triều Lên (QC - Mẫu trắng hiện trường) | J43: =A43&" - "&B43&" (QC - "&Sheet2!$A$3&")" -> Xuân Thới Sơn - Triều Lên (QC - Mẫu trắng vận chuyển) | K43: =A43&" - "&B43&" (QC - "&Sheet2!$A$4&")" -> Xuân Thới Sơn - Triều Lên (QC - Mẫu trắng thiết bị)
A44: Cầu Lớn | B44: Triều Lên | C44: HCM_NM_CLo | D44: HCM_NM_CLo_L | E44: Tại khu vực cầu Lớn | F44: =A44&" - "&C44&" - "&B44 -> Cầu Lớn - HCM_NM_CLo - Triều Lên | G44: =A44&" - "&B44 -> Cầu Lớn - Triều Lên | H44: =A44&" - "&B44&" (QC - "&Sheet2!$A$2&")" -> Cầu Lớn - Triều Lên (QC - Mẫu lặp hiện trường) | I44: =A44&" - "&B44&" (QC - "&Sheet2!$A$1&")" -> Cầu Lớn - Triều Lên (QC - Mẫu trắng hiện trường) | J44: =A44&" - "&B44&" (QC - "&Sheet2!$A$3&")" -> Cầu Lớn - Triều Lên (QC - Mẫu trắng vận chuyển) | K44: =A44&" - "&B44&" (QC - "&Sheet2!$A$4&")" -> Cầu Lớn - Triều Lên (QC - Mẫu trắng thiết bị)
A45: An Hạ | B45: Triều Lên | C45: HCM_NM_AH | D45: HCM_NM_AH_L | E45: Cầu Xáng, đường Trần Văn Giàu, Xã Tân Vĩnh Lộc | F45: =A45&" - "&C45&" - "&B45 -> An Hạ - HCM_NM_AH - Triều Lên | G45: =A45&" - "&B45 -> An Hạ - Triều Lên | H45: =A45&" - "&B45&" (QC - "&Sheet2!$A$2&")" -> An Hạ - Triều Lên (QC - Mẫu lặp hiện trường) | I45: =A45&" - "&B45&" (QC - "&Sheet2!$A$1&")" -> An Hạ - Triều Lên (QC - Mẫu trắng hiện trường) | J45: =A45&" - "&B45&" (QC - "&Sheet2!$A$3&")" -> An Hạ - Triều Lên (QC - Mẫu trắng vận chuyển) | K45: =A45&" - "&B45&" (QC - "&Sheet2!$A$4&")" -> An Hạ - Triều Lên (QC - Mẫu trắng thiết bị)
A46: Rau Răm | B46: Triều Lên | C46: HCM_NM_RR | D46: HCM_NM_RR_L | E46: Tại khu vực cầu Rau Răm | F46: =A46&" - "&C46&" - "&B46 -> Rau Răm - HCM_NM_RR - Triều Lên | G46: =A46&" - "&B46 -> Rau Răm - Triều Lên | H46: =A46&" - "&B46&" (QC - "&Sheet2!$A$2&")" -> Rau Răm - Triều Lên (QC - Mẫu lặp hiện trường) | I46: =A46&" - "&B46&" (QC - "&Sheet2!$A$1&")" -> Rau Răm - Triều Lên (QC - Mẫu trắng hiện trường) | J46: =A46&" - "&B46&" (QC - "&Sheet2!$A$3&")" -> Rau Răm - Triều Lên (QC - Mẫu trắng vận chuyển) | K46: =A46&" - "&B46&" (QC - "&Sheet2!$A$4&")" -> Rau Răm - Triều Lên (QC - Mẫu trắng thiết bị)
A47: Kênh N46 | B47: Triều Xuống | C47: HCM_NM_N46 | D47: HCM_NM_N46_X | E47: Hồ chứa nước kênh Đông, xã Củ Chi | F47: =A47&" - "&C47&" - "&B47 -> Kênh N46 - HCM_NM_N46 - Triều Xuống | G47: =A47&" - "&B47 -> Kênh N46 - Triều Xuống | H47: =A47&" - "&B47&" (QC - "&Sheet2!$A$2&")" -> Kênh N46 - Triều Xuống (QC - Mẫu lặp hiện trường) | I47: =A47&" - "&B47&" (QC - "&Sheet2!$A$1&")" -> Kênh N46 - Triều Xuống (QC - Mẫu trắng hiện trường) | J47: =A47&" - "&B47&" (QC - "&Sheet2!$A$3&")" -> Kênh N46 - Triều Xuống (QC - Mẫu trắng vận chuyển) | K47: =A47&" - "&B47&" (QC - "&Sheet2!$A$4&")" -> Kênh N46 - Triều Xuống (QC - Mẫu trắng thiết bị)
A48: Tân Phú Trung | B48: Triều Xuống | C48: HCM_NM_TPT | D48: HCM_NM_TPT_X | E48: Dọc đường Tam Tân cách ngã giao kênh Thầy Cai và kênh An Hạ 1km về phía Tây | F48: =A48&" - "&C48&" - "&B48 -> Tân Phú Trung - HCM_NM_TPT - Triều Xuống | G48: =A48&" - "&B48 -> Tân Phú Trung - Triều Xuống | H48: =A48&" - "&B48&" (QC - "&Sheet2!$A$2&")" -> Tân Phú Trung - Triều Xuống (QC - Mẫu lặp hiện trường) | I48: =A48&" - "&B48&" (QC - "&Sheet2!$A$1&")" -> Tân Phú Trung - Triều Xuống (QC - Mẫu trắng hiện trường) | J48: =A48&" - "&B48&" (QC - "&Sheet2!$A$3&")" -> Tân Phú Trung - Triều Xuống (QC - Mẫu trắng vận chuyển) | K48: =A48&" - "&B48&" (QC - "&Sheet2!$A$4&")" -> Tân Phú Trung - Triều Xuống (QC - Mẫu trắng thiết bị)
... A113: CN1 | B113: Triều Xuống | C113: HCM_NM_CN1 | D113: HCM_NM_CN1_X | E113: Khu vực giao cầu của đường CN1 và kênh 19/5 | F113: =A113&" - "&C113&" - "&B113 -> CN1 - HCM_NM_CN1 - Triều Xuống | G113: =A113&" - "&B113 -> CN1 - Triều Xuống | H113: =A113&" - "&B113&" (QC - "&Sheet2!$A$2&")" -> CN1 - Triều Xuống (QC - Mẫu lặp hiện trường) | I113: =A113&" - "&B113&" (QC - "&Sheet2!$A$1&")" -> CN1 - Triều Xuống (QC - Mẫu trắng hiện trường) | J113: =A113&" - "&B113&" (QC - "&Sheet2!$A$3&")" -> CN1 - Triều Xuống (QC - Mẫu trắng vận chuyển) | K113: =A113&" - "&B113&" (QC - "&Sheet2!$A$4&")" -> CN1 - Triều Xuống (QC - Mẫu trắng thiết bị)
A114: GCNM2 | B114: 01 | C114: HCM_NM_GCNM2 | D114: =C114&"_"&B114 -> HCM_NM_GCNM2_01 | E114: Rạch nước đen – cách cống xả 500 m thượng nguồn. | F114: =A114&" - "&C114&" - "&B114 -> GCNM2 - HCM_NM_GCNM2 - 01 | G114: =A114&" - "&B114 -> GCNM2 - 01 | H114: =A114&" - "&B114&" (QC - "&Sheet2!$A$2&")" -> GCNM2 - 01 (QC - Mẫu lặp hiện trường) | I114: =A114&" - "&B114&" (QC - "&Sheet2!$A$1&")" -> GCNM2 - 01 (QC - Mẫu trắng hiện trường) | J114: =A114&" - "&B114&" (QC - "&Sheet2!$A$3&")" -> GCNM2 - 01 (QC - Mẫu trắng vận chuyển) | K114: =A114&" - "&B114&" (QC - "&Sheet2!$A$4&")" -> GCNM2 - 01 (QC - Mẫu trắng thiết bị)
A115: GCNM3 | B115: 01 | C115: HCM_NM_GCNM3 | D115: =C115&"_"&B115 -> HCM_NM_GCNM3_01 | E115: Rạch nước đen – cách cống xả 500m hạ nguồn. | F115: =A115&" - "&C115&" - "&B115 -> GCNM3 - HCM_NM_GCNM3 - 01 | G115: =A115&" - "&B115 -> GCNM3 - 01 | H115: =A115&" - "&B115&" (QC - "&Sheet2!$A$2&")" -> GCNM3 - 01 (QC - Mẫu lặp hiện trường) | I115: =A115&" - "&B115&" (QC - "&Sheet2!$A$1&")" -> GCNM3 - 01 (QC - Mẫu trắng hiện trường) | J115: =A115&" - "&B115&" (QC - "&Sheet2!$A$3&")" -> GCNM3 - 01 (QC - Mẫu trắng vận chuyển) | K115: =A115&" - "&B115&" (QC - "&Sheet2!$A$4&")" -> GCNM3 - 01 (QC - Mẫu trắng thiết bị)
A116: Cầu Bình Thuận | B116: Triều Lên | C116: HCM_NM_BT2 | D116: HCM_NM_BT2_L | E116: Khu vực cầu Bình Thuận, trên tuyến Quốc lộ 1A, Phường Bình Hưng Hòa | F116: =A116&" - "&C116&" - "&B116 -> Cầu Bình Thuận - HCM_NM_BT2 - Triều Lên | G116: =A116&" - "&B116 -> Cầu Bình Thuận - Triều Lên | H116: =A116&" - "&B116&" (QC - "&Sheet2!$A$2&")" -> Cầu Bình Thuận - Triều Lên (QC - Mẫu lặp hiện trường) | I116: =A116&" - "&B116&" (QC - "&Sheet2!$A$1&")" -> Cầu Bình Thuận - Triều Lên (QC - Mẫu trắng hiện trường) | J116: =A116&" - "&B116&" (QC - "&Sheet2!$A$3&")" -> Cầu Bình Thuận - Triều Lên (QC - Mẫu trắng vận chuyển) | K116: =A116&" - "&B116&" (QC - "&Sheet2!$A$4&")" -> Cầu Bình Thuận - Triều Lên (QC - Mẫu trắng thiết bị)
A117: Nước Đen | B117: Triều Lên | C117: HCM_NM_NĐ | D117: HCM_NM_NĐ_L | E117: Gần khu vực đường Tân Kỳ Tân Quý giao kênh Nước Đen | F117: =A117&" - "&C117&" - "&B117 -> Nước Đen - HCM_NM_NĐ - Triều Lên | G117: =A117&" - "&B117 -> Nước Đen - Triều Lên | H117: =A117&" - "&B117&" (QC - "&Sheet2!$A$2&")" -> Nước Đen - Triều Lên (QC - Mẫu lặp hiện trường) | I117: =A117&" - "&B117&" (QC - "&Sheet2!$A$1&")" -> Nước Đen - Triều Lên (QC - Mẫu trắng hiện trường) | J117: =A117&" - "&B117&" (QC - "&Sheet2!$A$3&")" -> Nước Đen - Triều Lên (QC - Mẫu trắng vận chuyển) | K117: =A117&" - "&B117&" (QC - "&Sheet2!$A$4&")" -> Nước Đen - Triều Lên (QC - Mẫu trắng thiết bị)
A118: Cầu Sông Chùa | B118: Triều Lên | C118: HCM_NM_CSC | D118: HCM_NM_CSC_L | E118: Tại khu vực cầu Sông Chùa | F118: =A118&" - "&C118&" - "&B118 -> Cầu Sông Chùa - HCM_NM_CSC - Triều Lên | G118: =A118&" - "&B118 -> Cầu Sông Chùa - Triều Lên | H118: =A118&" - "&B118&" (QC - "&Sheet2!$A$2&")" -> Cầu Sông Chùa - Triều Lên (QC - Mẫu lặp hiện trường) | I118: =A118&" - "&B118&" (QC - "&Sheet2!$A$1&")" -> Cầu Sông Chùa - Triều Lên (QC - Mẫu trắng hiện trường) | J118: =A118&" - "&B118&" (QC - "&Sheet2!$A$3&")" -> Cầu Sông Chùa - Triều Lên (QC - Mẫu trắng vận chuyển) | K118: =A118&" - "&B118&" (QC - "&Sheet2!$A$4&")" -> Cầu Sông Chùa - Triều Lên (QC - Mẫu trắng thiết bị)
A119: Cầu Đường A | B119: Triều Lên | C119: HCM_NM_CĐA | D119: HCM_NM_CĐA_L | E119: Tại khu vực cầu đường A cách đường Số 2 khoảng 140 m theo hướng Tây | F119: =A119&" - "&C119&" - "&B119 -> Cầu Đường A - HCM_NM_CĐA - Triều Lên | G119: =A119&" - "&B119 -> Cầu Đường A - Triều Lên | H119: =A119&" - "&B119&" (QC - "&Sheet2!$A$2&")" -> Cầu Đường A - Triều Lên (QC - Mẫu lặp hiện trường) | I119: =A119&" - "&B119&" (QC - "&Sheet2!$A$1&")" -> Cầu Đường A - Triều Lên (QC - Mẫu trắng hiện trường) | J119: =A119&" - "&B119&" (QC - "&Sheet2!$A$3&")" -> Cầu Đường A - Triều Lên (QC - Mẫu trắng vận chuyển) | K119: =A119&" - "&B119&" (QC - "&Sheet2!$A$4&")" -> Cầu Đường A - Triều Lên (QC - Mẫu trắng thiết bị)
A120: Trung Tâm | B120: Triều Lên | C120: HCM_NM_TrT | D120: HCM_NM_TrT_L | E120: Khu vực Cầu Đường C, đường Trung Tâm, phường Tân Tạo | F120: =A120&" - "&C120&" - "&B120 -> Trung Tâm - HCM_NM_TrT - Triều Lên | G120: =A120&" - "&B120 -> Trung Tâm - Triều Lên | H120: =A120&" - "&B120&" (QC - "&Sheet2!$A$2&")" -> Trung Tâm - Triều Lên (QC - Mẫu lặp hiện trường) | I120: =A120&" - "&B120&" (QC - "&Sheet2!$A$1&")" -> Trung Tâm - Triều Lên (QC - Mẫu trắng hiện trường) | J120: =A120&" - "&B120&" (QC - "&Sheet2!$A$3&")" -> Trung Tâm - Triều Lên (QC - Mẫu trắng vận chuyển) | K120: =A120&" - "&B120&" (QC - "&Sheet2!$A$4&")" -> Trung Tâm - Triều Lên (QC - Mẫu trắng thiết bị)
A121: Nước Lên | B121: Triều Lên | C121: HCM_NM_NL | D121: HCM_NM_NL_L | E121: Khu vực cách cầu Nước Lên 20m về phía thượng nguồn | F121: =A121&" - "&C121&" - "&B121 -> Nước Lên - HCM_NM_NL - Triều Lên | G121: =A121&" - "&B121 -> Nước Lên - Triều Lên | H121: =A121&" - "&B121&" (QC - "&Sheet2!$A$2&")" -> Nước Lên - Triều Lên (QC - Mẫu lặp hiện trường) | I121: =A121&" - "&B121&" (QC - "&Sheet2!$A$1&")" -> Nước Lên - Triều Lên (QC - Mẫu trắng hiện trường) | J121: =A121&" - "&B121&" (QC - "&Sheet2!$A$3&")" -> Nước Lên - Triều Lên (QC - Mẫu trắng vận chuyển) | K121: =A121&" - "&B121&" (QC - "&Sheet2!$A$4&")" -> Nước Lên - Triều Lên (QC - Mẫu trắng thiết bị)
A122: Lương Bèo | B122: Triều Lên | C122: HCM_NM_LB | D122: HCM_NM_LB_L | E122: Tại khu vực cầu Lương Bèo | F122: =A122&" - "&C122&" - "&B122 -> Lương Bèo - HCM_NM_LB - Triều Lên | G122: =A122&" - "&B122 -> Lương Bèo - Triều Lên | H122: =A122&" - "&B122&" (QC - "&Sheet2!$A$2&")" -> Lương Bèo - Triều Lên (QC - Mẫu lặp hiện trường) | I122: =A122&" - "&B122&" (QC - "&Sheet2!$A$1&")" -> Lương Bèo - Triều Lên (QC - Mẫu trắng hiện trường) | J122: =A122&" - "&B122&" (QC - "&Sheet2!$A$3&")" -> Lương Bèo - Triều Lên (QC - Mẫu trắng vận chuyển) | K122: =A122&" - "&B122&" (QC - "&Sheet2!$A$4&")" -> Lương Bèo - Triều Lên (QC - Mẫu trắng thiết bị)
A123: GCNM2 | B123: 02 | C123: HCM_NM_GCNM2 | D123: =C123&"_"&B123 -> HCM_NM_GCNM2_02 | E123: Rạch nước đen – cách cống xả 500 m thượng nguồn. | F123: =A123&" - "&C123&" - "&B123 -> GCNM2 - HCM_NM_GCNM2 - 02 | G123: =A123&" - "&B123 -> GCNM2 - 02 | H123: =A123&" - "&B123&" (QC - "&Sheet2!$A$2&")" -> GCNM2 - 02 (QC - Mẫu lặp hiện trường) | I123: =A123&" - "&B123&" (QC - "&Sheet2!$A$1&")" -> GCNM2 - 02 (QC - Mẫu trắng hiện trường) | J123: =A123&" - "&B123&" (QC - "&Sheet2!$A$3&")" -> GCNM2 - 02 (QC - Mẫu trắng vận chuyển) | K123: =A123&" - "&B123&" (QC - "&Sheet2!$A$4&")" -> GCNM2 - 02 (QC - Mẫu trắng thiết bị)
A124: GCNM3 | B124: 02 | C124: HCM_NM_GCNM3 | D124: =C124&"_"&B124 -> HCM_NM_GCNM3_02 | E124: Rạch nước đen – cách cống xả 500m hạ nguồn. | F124: =A124&" - "&C124&" - "&B124 -> GCNM3 - HCM_NM_GCNM3 - 02 | G124: =A124&" - "&B124 -> GCNM3 - 02 | H124: =A124&" - "&B124&" (QC - "&Sheet2!$A$2&")" -> GCNM3 - 02 (QC - Mẫu lặp hiện trường) | I124: =A124&" - "&B124&" (QC - "&Sheet2!$A$1&")" -> GCNM3 - 02 (QC - Mẫu trắng hiện trường) | J124: =A124&" - "&B124&" (QC - "&Sheet2!$A$3&")" -> GCNM3 - 02 (QC - Mẫu trắng vận chuyển) | K124: =A124&" - "&B124&" (QC - "&Sheet2!$A$4&")" -> GCNM3 - 02 (QC - Mẫu trắng thiết bị)
A125: Cầu Bình Thuận | B125: Triều Xuống | C125: HCM_NM_BT2 | D125: HCM_NM_BT2_X | E125: Khu vực cầu Bình Thuận, trên tuyến Quốc lộ 1A, Phường Bình Hưng Hòa | F125: =A125&" - "&C125&" - "&B125 -> Cầu Bình Thuận - HCM_NM_BT2 - Triều Xuống | G125: =A125&" - "&B125 -> Cầu Bình Thuận - Triều Xuống | H125: =A125&" - "&B125&" (QC - "&Sheet2!$A$2&")" -> Cầu Bình Thuận - Triều Xuống (QC - Mẫu lặp hiện trường) | I125: =A125&" - "&B125&" (QC - "&Sheet2!$A$1&")" -> Cầu Bình Thuận - Triều Xuống (QC - Mẫu trắng hiện trường) | J125: =A125&" - "&B125&" (QC - "&Sheet2!$A$3&")" -> Cầu Bình Thuận - Triều Xuống (QC - Mẫu trắng vận chuyển) | K125: =A125&" - "&B125&" (QC - "&Sheet2!$A$4&")" -> Cầu Bình Thuận - Triều Xuống (QC - Mẫu trắng thiết bị)
A126: Nước Đen | B126: Triều Xuống | C126: HCM_NM_NĐ | D126: HCM_NM_NĐ_X | E126: Gần khu vực đường Tân Kỳ Tân Quý giao kênh Nước Đen | F126: =A126&" - "&C126&" - "&B126 -> Nước Đen - HCM_NM_NĐ - Triều Xuống | G126: =A126&" - "&B126 -> Nước Đen - Triều Xuống | H126: =A126&" - "&B126&" (QC - "&Sheet2!$A$2&")" -> Nước Đen - Triều Xuống (QC - Mẫu lặp hiện trường) | I126: =A126&" - "&B126&" (QC - "&Sheet2!$A$1&")" -> Nước Đen - Triều Xuống (QC - Mẫu trắng hiện trường) | J126: =A126&" - "&B126&" (QC - "&Sheet2!$A$3&")" -> Nước Đen - Triều Xuống (QC - Mẫu trắng vận chuyển) | K126: =A126&" - "&B126&" (QC - "&Sheet2!$A$4&")" -> Nước Đen - Triều Xuống (QC - Mẫu trắng thiết bị)
A127: Cầu Sông Chùa | B127: Triều Xuống | C127: HCM_NM_CSC | D127: HCM_NM_CSC_X | E127: Tại khu vực cầu Sông Chùa | F127: =A127&" - "&C127&" - "&B127 -> Cầu Sông Chùa - HCM_NM_CSC - Triều Xuống | G127: =A127&" - "&B127 -> Cầu Sông Chùa - Triều Xuống | H127: =A127&" - "&B127&" (QC - "&Sheet2!$A$2&")" -> Cầu Sông Chùa - Triều Xuống (QC - Mẫu lặp hiện trường) | I127: =A127&" - "&B127&" (QC - "&Sheet2!$A$1&")" -> Cầu Sông Chùa - Triều Xuống (QC - Mẫu trắng hiện trường) | J127: =A127&" - "&B127&" (QC - "&Sheet2!$A$3&")" -> Cầu Sông Chùa - Triều Xuống (QC - Mẫu trắng vận chuyển) | K127: =A127&" - "&B127&" (QC - "&Sheet2!$A$4&")" -> Cầu Sông Chùa - Triều Xuống (QC - Mẫu trắng thiết bị)
A128: Cầu Đường A | B128: Triều Xuống | C128: HCM_NM_CĐA | D128: HCM_NM_CĐA_X | E128: Tại khu vực cầu đường A cách đường Số 2 khoảng 140 m theo hướng Tây | F128: =A128&" - "&C128&" - "&B128 -> Cầu Đường A - HCM_NM_CĐA - Triều Xuống | G128: =A128&" - "&B128 -> Cầu Đường A - Triều Xuống | H128: =A128&" - "&B128&" (QC - "&Sheet2!$A$2&")" -> Cầu Đường A - Triều Xuống (QC - Mẫu lặp hiện trường) | I128: =A128&" - "&B128&" (QC - "&Sheet2!$A$1&")" -> Cầu Đường A - Triều Xuống (QC - Mẫu trắng hiện trường) | J128: =A128&" - "&B128&" (QC - "&Sheet2!$A$3&")" -> Cầu Đường A - Triều Xuống (QC - Mẫu trắng vận chuyển) | K128: =A128&" - "&B128&" (QC - "&Sheet2!$A$4&")" -> Cầu Đường A - Triều Xuống (QC - Mẫu trắng thiết bị)
A129: Trung Tâm | B129: Triều Xuống | C129: HCM_NM_TrT | D129: HCM_NM_TrT_X | E129: Khu vực Cầu Đường C, đường Trung Tâm, phường Tân Tạo | F129: =A129&" - "&C129&" - "&B129 -> Trung Tâm - HCM_NM_TrT - Triều Xuống | G129: =A129&" - "&B129 -> Trung Tâm - Triều Xuống | H129: =A129&" - "&B129&" (QC - "&Sheet2!$A$2&")" -> Trung Tâm - Triều Xuống (QC - Mẫu lặp hiện trường) | I129: =A129&" - "&B129&" (QC - "&Sheet2!$A$1&")" -> Trung Tâm - Triều Xuống (QC - Mẫu trắng hiện trường) | J129: =A129&" - "&B129&" (QC - "&Sheet2!$A$3&")" -> Trung Tâm - Triều Xuống (QC - Mẫu trắng vận chuyển) | K129: =A129&" - "&B129&" (QC - "&Sheet2!$A$4&")" -> Trung Tâm - Triều Xuống (QC - Mẫu trắng thiết bị)
A130: Nước Lên | B130: Triều Xuống | C130: HCM_NM_NL | D130: HCM_NM_NL_X | E130: Khu vực cách cầu Nước Lên 20m về phía thượng nguồn | F130: =A130&" - "&C130&" - "&B130 -> Nước Lên - HCM_NM_NL - Triều Xuống | G130: =A130&" - "&B130 -> Nước Lên - Triều Xuống | H130: =A130&" - "&B130&" (QC - "&Sheet2!$A$2&")" -> Nước Lên - Triều Xuống (QC - Mẫu lặp hiện trường) | I130: =A130&" - "&B130&" (QC - "&Sheet2!$A$1&")" -> Nước Lên - Triều Xuống (QC - Mẫu trắng hiện trường) | J130: =A130&" - "&B130&" (QC - "&Sheet2!$A$3&")" -> Nước Lên - Triều Xuống (QC - Mẫu trắng vận chuyển) | K130: =A130&" - "&B130&" (QC - "&Sheet2!$A$4&")" -> Nước Lên - Triều Xuống (QC - Mẫu trắng thiết bị)
A131: Lương Bèo | B131: Triều Xuống | C131: HCM_NM_LB | D131: HCM_NM_LB_X | E131: Tại khu vực cầu Lương Bèo | F131: =A131&" - "&C131&" - "&B131 -> Lương Bèo - HCM_NM_LB - Triều Xuống | G131: =A131&" - "&B131 -> Lương Bèo - Triều Xuống | H131: =A131&" - "&B131&" (QC - "&Sheet2!$A$2&")" -> Lương Bèo - Triều Xuống (QC - Mẫu lặp hiện trường) | I131: =A131&" - "&B131&" (QC - "&Sheet2!$A$1&")" -> Lương Bèo - Triều Xuống (QC - Mẫu trắng hiện trường) | J131: =A131&" - "&B131&" (QC - "&Sheet2!$A$3&")" -> Lương Bèo - Triều Xuống (QC - Mẫu trắng vận chuyển) | K131: =A131&" - "&B131&" (QC - "&Sheet2!$A$4&")" -> Lương Bèo - Triều Xuống (QC - Mẫu trắng thiết bị)
A132: Cầu Bà Tri | B132: Triều Lên | C132: HCM_NM_CBT | D132: HCM_NM_CBT_L | E132: Khu vực dọc đường Trần Hải Phụng cách cầu Bà Tri 20m | F132: =A132&" - "&C132&" - "&B132 -> Cầu Bà Tri - HCM_NM_CBT - Triều Lên | G132: =A132&" - "&B132 -> Cầu Bà Tri - Triều Lên | H132: =A132&" - "&B132&" (QC - "&Sheet2!$A$2&")" -> Cầu Bà Tri - Triều Lên (QC - Mẫu lặp hiện trường) | I132: =A132&" - "&B132&" (QC - "&Sheet2!$A$1&")" -> Cầu Bà Tri - Triều Lên (QC - Mẫu trắng hiện trường) | J132: =A132&" - "&B132&" (QC - "&Sheet2!$A$3&")" -> Cầu Bà Tri - Triều Lên (QC - Mẫu trắng vận chuyển) | K132: =A132&" - "&B132&" (QC - "&Sheet2!$A$4&")" -> Cầu Bà Tri - Triều Lên (QC - Mẫu trắng thiết bị)
A133: Tân Tạo | B133: Triều Lên | C133: HCM_NM_TTa | D133: HCM_NM_TTa_L | E133: Gần khu vực cầu Tân Tạo 2 | F133: =A133&" - "&C133&" - "&B133 -> Tân Tạo - HCM_NM_TTa - Triều Lên | G133: =A133&" - "&B133 -> Tân Tạo - Triều Lên | H133: =A133&" - "&B133&" (QC - "&Sheet2!$A$2&")" -> Tân Tạo - Triều Lên (QC - Mẫu lặp hiện trường) | I133: =A133&" - "&B133&" (QC - "&Sheet2!$A$1&")" -> Tân Tạo - Triều Lên (QC - Mẫu trắng hiện trường) | J133: =A133&" - "&B133&" (QC - "&Sheet2!$A$3&")" -> Tân Tạo - Triều Lên (QC - Mẫu trắng vận chuyển) | K133: =A133&" - "&B133&" (QC - "&Sheet2!$A$4&")" -> Tân Tạo - Triều Lên (QC - Mẫu trắng thiết bị)
A134: Kênh C | B134: Triều Lên | C134: HCM_NM_KC | D134: HCM_NM_KC_L | E134: Cách cầu kênh C khoảng 1,1 km theo hướng Nam | F134: =A134&" - "&C134&" - "&B134 -> Kênh C - HCM_NM_KC - Triều Lên | G134: =A134&" - "&B134 -> Kênh C - Triều Lên | H134: =A134&" - "&B134&" (QC - "&Sheet2!$A$2&")" -> Kênh C - Triều Lên (QC - Mẫu lặp hiện trường) | I134: =A134&" - "&B134&" (QC - "&Sheet2!$A$1&")" -> Kênh C - Triều Lên (QC - Mẫu trắng hiện trường) | J134: =A134&" - "&B134&" (QC - "&Sheet2!$A$3&")" -> Kênh C - Triều Lên (QC - Mẫu trắng vận chuyển) | K134: =A134&" - "&B134&" (QC - "&Sheet2!$A$4&")" -> Kênh C - Triều Lên (QC - Mẫu trắng thiết bị)
A135: Kênh C6 | B135: Triều Lên | C135: HCM_NM_KC6 | D135: HCM_NM_KC6_L | E135: Đối diện góc giao lộ giữa đường Số 1 và đường Số 10 | F135: =A135&" - "&C135&" - "&B135 -> Kênh C6 - HCM_NM_KC6 - Triều Lên | G135: =A135&" - "&B135 -> Kênh C6 - Triều Lên | H135: =A135&" - "&B135&" (QC - "&Sheet2!$A$2&")" -> Kênh C6 - Triều Lên (QC - Mẫu lặp hiện trường) | I135: =A135&" - "&B135&" (QC - "&Sheet2!$A$1&")" -> Kênh C6 - Triều Lên (QC - Mẫu trắng hiện trường) | J135: =A135&" - "&B135&" (QC - "&Sheet2!$A$3&")" -> Kênh C6 - Triều Lên (QC - Mẫu trắng vận chuyển) | K135: =A135&" - "&B135&" (QC - "&Sheet2!$A$4&")" -> Kênh C6 - Triều Lên (QC - Mẫu trắng thiết bị)
A136: Kênh C8 | B136: Triều Lên | C136: HCM_NM_KC8 | D136: HCM_NM_KC8_L | E136: Tại cầu đối diện với công ty Alfa | F136: =A136&" - "&C136&" - "&B136 -> Kênh C8 - HCM_NM_KC8 - Triều Lên | G136: =A136&" - "&B136 -> Kênh C8 - Triều Lên | H136: =A136&" - "&B136&" (QC - "&Sheet2!$A$2&")" -> Kênh C8 - Triều Lên (QC - Mẫu lặp hiện trường) | I136: =A136&" - "&B136&" (QC - "&Sheet2!$A$1&")" -> Kênh C8 - Triều Lên (QC - Mẫu trắng hiện trường) | J136: =A136&" - "&B136&" (QC - "&Sheet2!$A$3&")" -> Kênh C8 - Triều Lên (QC - Mẫu trắng vận chuyển) | K136: =A136&" - "&B136&" (QC - "&Sheet2!$A$4&")" -> Kênh C8 - Triều Lên (QC - Mẫu trắng thiết bị)
A137: ĐPNM1 | B137: 01 | C137: HCM_NM_ĐPNM1 | D137: =C137&"_"&B137 -> HCM_NM_ĐPNM1_01 | E137: Rạch Ngã Cạy, trước cổng khu xử lý của công ty VWS | F137: =A137&" - "&C137&" - "&B137 -> ĐPNM1 - HCM_NM_ĐPNM1 - 01 | G137: =A137&" - "&B137 -> ĐPNM1 - 01 | H137: =A137&" - "&B137&" (QC - "&Sheet2!$A$2&")" -> ĐPNM1 - 01 (QC - Mẫu lặp hiện trường) | I137: =A137&" - "&B137&" (QC - "&Sheet2!$A$1&")" -> ĐPNM1 - 01 (QC - Mẫu trắng hiện trường) | J137: =A137&" - "&B137&" (QC - "&Sheet2!$A$3&")" -> ĐPNM1 - 01 (QC - Mẫu trắng vận chuyển) | K137: =A137&" - "&B137&" (QC - "&Sheet2!$A$4&")" -> ĐPNM1 - 01 (QC - Mẫu trắng thiết bị)
A138: ĐPNM4 | B138: 01 | C138: HCM_NM_ĐPNM4 | D138: =C138&"_"&B138 -> HCM_NM_ĐPNM4_01 | E138: Rạch Chiếu – cách khu vực hút bùn của Công ty TNHH Công nghệ sinh học Sài Gòn xanh 500 m về hướng Tây | F138: =A138&" - "&C138&" - "&B138 -> ĐPNM4 - HCM_NM_ĐPNM4 - 01 | G138: =A138&" - "&B138 -> ĐPNM4 - 01 | H138: =A138&" - "&B138&" (QC - "&Sheet2!$A$2&")" -> ĐPNM4 - 01 (QC - Mẫu lặp hiện trường) | I138: =A138&" - "&B138&" (QC - "&Sheet2!$A$1&")" -> ĐPNM4 - 01 (QC - Mẫu trắng hiện trường) | J138: =A138&" - "&B138&" (QC - "&Sheet2!$A$3&")" -> ĐPNM4 - 01 (QC - Mẫu trắng vận chuyển) | K138: =A138&" - "&B138&" (QC - "&Sheet2!$A$4&")" -> ĐPNM4 - 01 (QC - Mẫu trắng thiết bị)
A139: ĐPNM5 | B139: 01 | C139: HCM_NM_ĐPNM5 | D139: =C139&"_"&B139 -> HCM_NM_ĐPNM5_01 | E139: Rạch Chiếu – khu vực hút bùn của Công ty TNHH Công nghệ sinh học Sài Gòn xanh | F139: =A139&" - "&C139&" - "&B139 -> ĐPNM5 - HCM_NM_ĐPNM5 - 01 | G139: =A139&" - "&B139 -> ĐPNM5 - 01 | H139: =A139&" - "&B139&" (QC - "&Sheet2!$A$2&")" -> ĐPNM5 - 01 (QC - Mẫu lặp hiện trường) | I139: =A139&" - "&B139&" (QC - "&Sheet2!$A$1&")" -> ĐPNM5 - 01 (QC - Mẫu trắng hiện trường) | J139: =A139&" - "&B139&" (QC - "&Sheet2!$A$3&")" -> ĐPNM5 - 01 (QC - Mẫu trắng vận chuyển) | K139: =A139&" - "&B139&" (QC - "&Sheet2!$A$4&")" -> ĐPNM5 - 01 (QC - Mẫu trắng thiết bị)
A140: ĐPNM8 | B140: 01 | C140: HCM_NM_ĐPNM8 | D140: =C140&"_"&B140 -> HCM_NM_ĐPNM8_01 | E140: Sông Cần Giuộc – cách ngã 3 Rạch Chiếu và sông Cần Giuộc 200 m về phía thượng nguồn | F140: =A140&" - "&C140&" - "&B140 -> ĐPNM8 - HCM_NM_ĐPNM8 - 01 | G140: =A140&" - "&B140 -> ĐPNM8 - 01 | H140: =A140&" - "&B140&" (QC - "&Sheet2!$A$2&")" -> ĐPNM8 - 01 (QC - Mẫu lặp hiện trường) | I140: =A140&" - "&B140&" (QC - "&Sheet2!$A$1&")" -> ĐPNM8 - 01 (QC - Mẫu trắng hiện trường) | J140: =A140&" - "&B140&" (QC - "&Sheet2!$A$3&")" -> ĐPNM8 - 01 (QC - Mẫu trắng vận chuyển) | K140: =A140&" - "&B140&" (QC - "&Sheet2!$A$4&")" -> ĐPNM8 - 01 (QC - Mẫu trắng thiết bị)
A141: Cầu Bà Tri | B141: Triều Xuống | C141: HCM_NM_CBT | D141: HCM_NM_CBT_X | E141: Khu vực dọc đường Trần Hải Phụng cách cầu Bà Tri 20m | F141: =A141&" - "&C141&" - "&B141 -> Cầu Bà Tri - HCM_NM_CBT - Triều Xuống | G141: =A141&" - "&B141 -> Cầu Bà Tri - Triều Xuống | H141: =A141&" - "&B141&" (QC - "&Sheet2!$A$2&")" -> Cầu Bà Tri - Triều Xuống (QC - Mẫu lặp hiện trường) | I141: =A141&" - "&B141&" (QC - "&Sheet2!$A$1&")" -> Cầu Bà Tri - Triều Xuống (QC - Mẫu trắng hiện trường) | J141: =A141&" - "&B141&" (QC - "&Sheet2!$A$3&")" -> Cầu Bà Tri - Triều Xuống (QC - Mẫu trắng vận chuyển) | K141: =A141&" - "&B141&" (QC - "&Sheet2!$A$4&")" -> Cầu Bà Tri - Triều Xuống (QC - Mẫu trắng thiết bị)
A142: Tân Tạo | B142: Triều Xuống | C142: HCM_NM_TTa | D142: HCM_NM_TTa_X | E142: Gần khu vực cầu Tân Tạo 2 | F142: =A142&" - "&C142&" - "&B142 -> Tân Tạo - HCM_NM_TTa - Triều Xuống | G142: =A142&" - "&B142 -> Tân Tạo - Triều Xuống | H142: =A142&" - "&B142&" (QC - "&Sheet2!$A$2&")" -> Tân Tạo - Triều Xuống (QC - Mẫu lặp hiện trường) | I142: =A142&" - "&B142&" (QC - "&Sheet2!$A$1&")" -> Tân Tạo - Triều Xuống (QC - Mẫu trắng hiện trường) | J142: =A142&" - "&B142&" (QC - "&Sheet2!$A$3&")" -> Tân Tạo - Triều Xuống (QC - Mẫu trắng vận chuyển) | K142: =A142&" - "&B142&" (QC - "&Sheet2!$A$4&")" -> Tân Tạo - Triều Xuống (QC - Mẫu trắng thiết bị)
A143: Kênh C | B143: Triều Xuống | C143: HCM_NM_KC | D143: HCM_NM_KC_X | E143: Cách cầu kênh C khoảng 1,1 km theo hướng Nam | F143: =A143&" - "&C143&" - "&B143 -> Kênh C - HCM_NM_KC - Triều Xuống | G143: =A143&" - "&B143 -> Kênh C - Triều Xuống | H143: =A143&" - "&B143&" (QC - "&Sheet2!$A$2&")" -> Kênh C - Triều Xuống (QC - Mẫu lặp hiện trường) | I143: =A143&" - "&B143&" (QC - "&Sheet2!$A$1&")" -> Kênh C - Triều Xuống (QC - Mẫu trắng hiện trường) | J143: =A143&" - "&B143&" (QC - "&Sheet2!$A$3&")" -> Kênh C - Triều Xuống (QC - Mẫu trắng vận chuyển) | K143: =A143&" - "&B143&" (QC - "&Sheet2!$A$4&")" -> Kênh C - Triều Xuống (QC - Mẫu trắng thiết bị)
A144: Kênh C6 | B144: Triều Xuống | C144: HCM_NM_KC6 | D144: HCM_NM_KC6_X | E144: Đối diện góc giao lộ giữa đường Số 1 và đường Số 10 | F144: =A144&" - "&C144&" - "&B144 -> Kênh C6 - HCM_NM_KC6 - Triều Xuống | G144: =A144&" - "&B144 -> Kênh C6 - Triều Xuống | H144: =A144&" - "&B144&" (QC - "&Sheet2!$A$2&")" -> Kênh C6 - Triều Xuống (QC - Mẫu lặp hiện trường) | I144: =A144&" - "&B144&" (QC - "&Sheet2!$A$1&")" -> Kênh C6 - Triều Xuống (QC - Mẫu trắng hiện trường) | J144: =A144&" - "&B144&" (QC - "&Sheet2!$A$3&")" -> Kênh C6 - Triều Xuống (QC - Mẫu trắng vận chuyển) | K144: =A144&" - "&B144&" (QC - "&Sheet2!$A$4&")" -> Kênh C6 - Triều Xuống (QC - Mẫu trắng thiết bị)
A145: Kênh C8 | B145: Triều Xuống | C145: HCM_NM_KC8 | D145: HCM_NM_KC8_X | E145: Tại cầu đối diện với công ty Alfa | F145: =A145&" - "&C145&" - "&B145 -> Kênh C8 - HCM_NM_KC8 - Triều Xuống | G145: =A145&" - "&B145 -> Kênh C8 - Triều Xuống | H145: =A145&" - "&B145&" (QC - "&Sheet2!$A$2&")" -> Kênh C8 - Triều Xuống (QC - Mẫu lặp hiện trường) | I145: =A145&" - "&B145&" (QC - "&Sheet2!$A$1&")" -> Kênh C8 - Triều Xuống (QC - Mẫu trắng hiện trường) | J145: =A145&" - "&B145&" (QC - "&Sheet2!$A$3&")" -> Kênh C8 - Triều Xuống (QC - Mẫu trắng vận chuyển) | K145: =A145&" - "&B145&" (QC - "&Sheet2!$A$4&")" -> Kênh C8 - Triều Xuống (QC - Mẫu trắng thiết bị)
A146: ĐPNM1 | B146: 02 | C146: HCM_NM_ĐPNM1 | D146: =C146&"_"&B146 -> HCM_NM_ĐPNM1_02 | E146: Rạch Ngã Cạy, trước cổng khu xử lý của công ty VWS | F146: =A146&" - "&C146&" - "&B146 -> ĐPNM1 - HCM_NM_ĐPNM1 - 02 | G146: =A146&" - "&B146 -> ĐPNM1 - 02 | H146: =A146&" - "&B146&" (QC - "&Sheet2!$A$2&")" -> ĐPNM1 - 02 (QC - Mẫu lặp hiện trường) | I146: =A146&" - "&B146&" (QC - "&Sheet2!$A$1&")" -> ĐPNM1 - 02 (QC - Mẫu trắng hiện trường) | J146: =A146&" - "&B146&" (QC - "&Sheet2!$A$3&")" -> ĐPNM1 - 02 (QC - Mẫu trắng vận chuyển) | K146: =A146&" - "&B146&" (QC - "&Sheet2!$A$4&")" -> ĐPNM1 - 02 (QC - Mẫu trắng thiết bị)
A147: ĐPNM4 | B147: 02 | C147: HCM_NM_ĐPNM4 | D147: =C147&"_"&B147 -> HCM_NM_ĐPNM4_02 | E147: Rạch Chiếu – cách khu vực hút bùn của Công ty TNHH Công nghệ sinh học Sài Gòn xanh 500 m về hướng Tây | F147: =A147&" - "&C147&" - "&B147 -> ĐPNM4 - HCM_NM_ĐPNM4 - 02 | G147: =A147&" - "&B147 -> ĐPNM4 - 02 | H147: =A147&" - "&B147&" (QC - "&Sheet2!$A$2&")" -> ĐPNM4 - 02 (QC - Mẫu lặp hiện trường) | I147: =A147&" - "&B147&" (QC - "&Sheet2!$A$1&")" -> ĐPNM4 - 02 (QC - Mẫu trắng hiện trường) | J147: =A147&" - "&B147&" (QC - "&Sheet2!$A$3&")" -> ĐPNM4 - 02 (QC - Mẫu trắng vận chuyển) | K147: =A147&" - "&B147&" (QC - "&Sheet2!$A$4&")" -> ĐPNM4 - 02 (QC - Mẫu trắng thiết bị)
A148: ĐPNM5 | B148: 02 | C148: HCM_NM_ĐPNM5 | D148: =C148&"_"&B148 -> HCM_NM_ĐPNM5_02 | E148: Rạch Chiếu – khu vực hút bùn của Công ty TNHH Công nghệ sinh học Sài Gòn xanh | F148: =A148&" - "&C148&" - "&B148 -> ĐPNM5 - HCM_NM_ĐPNM5 - 02 | G148: =A148&" - "&B148 -> ĐPNM5 - 02 | H148: =A148&" - "&B148&" (QC - "&Sheet2!$A$2&")" -> ĐPNM5 - 02 (QC - Mẫu lặp hiện trường) | I148: =A148&" - "&B148&" (QC - "&Sheet2!$A$1&")" -> ĐPNM5 - 02 (QC - Mẫu trắng hiện trường) | J148: =A148&" - "&B148&" (QC - "&Sheet2!$A$3&")" -> ĐPNM5 - 02 (QC - Mẫu trắng vận chuyển) | K148: =A148&" - "&B148&" (QC - "&Sheet2!$A$4&")" -> ĐPNM5 - 02 (QC - Mẫu trắng thiết bị)
A149: ĐPNM8 | B149: 02 | C149: HCM_NM_ĐPNM8 | D149: =C149&"_"&B149 -> HCM_NM_ĐPNM8_02 | E149: Sông Cần Giuộc – cách ngã 3 Rạch Chiếu và sông Cần Giuộc 200 m về phía thượng nguồn | F149: =A149&" - "&C149&" - "&B149 -> ĐPNM8 - HCM_NM_ĐPNM8 - 02 | G149: =A149&" - "&B149 -> ĐPNM8 - 02 | H149: =A149&" - "&B149&" (QC - "&Sheet2!$A$2&")" -> ĐPNM8 - 02 (QC - Mẫu lặp hiện trường) | I149: =A149&" - "&B149&" (QC - "&Sheet2!$A$1&")" -> ĐPNM8 - 02 (QC - Mẫu trắng hiện trường) | J149: =A149&" - "&B149&" (QC - "&Sheet2!$A$3&")" -> ĐPNM8 - 02 (QC - Mẫu trắng vận chuyển) | K149: =A149&" - "&B149&" (QC - "&Sheet2!$A$4&")" -> ĐPNM8 - 02 (QC - Mẫu trắng thiết bị)
A150: Phú Xuân | B150: Triều Lên | C150: HCM_NM_PX | D150: HCM_NM_PX_L | E150: Khu vực cầu Phú Xuân, đường Huỳnh Tấn Phát, Xã Hiệp Phước | F150: =A150&" - "&C150&" - "&B150 -> Phú Xuân - HCM_NM_PX - Triều Lên | G150: =A150&" - "&B150 -> Phú Xuân - Triều Lên | H150: =A150&" - "&B150&" (QC - "&Sheet2!$A$2&")" -> Phú Xuân - Triều Lên (QC - Mẫu lặp hiện trường) | I150: =A150&" - "&B150&" (QC - "&Sheet2!$A$1&")" -> Phú Xuân - Triều Lên (QC - Mẫu trắng hiện trường) | J150: =A150&" - "&B150&" (QC - "&Sheet2!$A$3&")" -> Phú Xuân - Triều Lên (QC - Mẫu trắng vận chuyển) | K150: =A150&" - "&B150&" (QC - "&Sheet2!$A$4&")" -> Phú Xuân - Triều Lên (QC - Mẫu trắng thiết bị)
A151: Phú Xuân | B151: Triều Xuống | C151: HCM_NM_PX | D151: HCM_NM_PX_X | E151: Khu vực cầu Phú Xuân, đường Huỳnh Tấn Phát, Xã Hiệp Phước | F151: =A151&" - "&C151&" - "&B151 -> Phú Xuân - HCM_NM_PX - Triều Xuống | G151: =A151&" - "&B151 -> Phú Xuân - Triều Xuống | H151: =A151&" - "&B151&" (QC - "&Sheet2!$A$2&")" -> Phú Xuân - Triều Xuống (QC - Mẫu lặp hiện trường) | I151: =A151&" - "&B151&" (QC - "&Sheet2!$A$1&")" -> Phú Xuân - Triều Xuống (QC - Mẫu trắng hiện trường) | J151: =A151&" - "&B151&" (QC - "&Sheet2!$A$3&")" -> Phú Xuân - Triều Xuống (QC - Mẫu trắng vận chuyển) | K151: =A151&" - "&B151&" (QC - "&Sheet2!$A$4&")" -> Phú Xuân - Triều Xuống (QC - Mẫu trắng thiết bị)
A152: Cầu Gò Công | B152: Triều Lên | C152: HCM_NM_CGC | D152: HCM_NM_CGC_L | E152: Tại khu vực cầu Gò Công trên đường Nguyễn Xiển | F152: =A152&" - "&C152&" - "&B152 -> Cầu Gò Công - HCM_NM_CGC - Triều Lên | G152: =A152&" - "&B152 -> Cầu Gò Công - Triều Lên | H152: =A152&" - "&B152&" (QC - "&Sheet2!$A$2&")" -> Cầu Gò Công - Triều Lên (QC - Mẫu lặp hiện trường) | I152: =A152&" - "&B152&" (QC - "&Sheet2!$A$1&")" -> Cầu Gò Công - Triều Lên (QC - Mẫu trắng hiện trường) | J152: =A152&" - "&B152&" (QC - "&Sheet2!$A$3&")" -> Cầu Gò Công - Triều Lên (QC - Mẫu trắng vận chuyển) | K152: =A152&" - "&B152&" (QC - "&Sheet2!$A$4&")" -> Cầu Gò Công - Triều Lên (QC - Mẫu trắng thiết bị)
A153: Cầu Gò Công | B153: Triều Xuống | C153: HCM_NM_CGC | D153: HCM_NM_CGC_X | E153: Tại khu vực cầu Gò Công trên đường Nguyễn Xiển | F153: =A153&" - "&C153&" - "&B153 -> Cầu Gò Công - HCM_NM_CGC - Triều Xuống | G153: =A153&" - "&B153 -> Cầu Gò Công - Triều Xuống | H153: =A153&" - "&B153&" (QC - "&Sheet2!$A$2&")" -> Cầu Gò Công - Triều Xuống (QC - Mẫu lặp hiện trường) | I153: =A153&" - "&B153&" (QC - "&Sheet2!$A$1&")" -> Cầu Gò Công - Triều Xuống (QC - Mẫu trắng hiện trường) | J153: =A153&" - "&B153&" (QC - "&Sheet2!$A$3&")" -> Cầu Gò Công - Triều Xuống (QC - Mẫu trắng vận chuyển) | K153: =A153&" - "&B153&" (QC - "&Sheet2!$A$4&")" -> Cầu Gò Công - Triều Xuống (QC - Mẫu trắng thiết bị)
A154: Bình Lợi | B154: Triều Lên | C154: HCM_NM_BL | D154: HCM_NM_BL_L | E154: Khu vực Thanh Đa, Phường Bình Quới. | F154: =A154&" - "&C154&" - "&B154 -> Bình Lợi - HCM_NM_BL - Triều Lên | G154: =A154&" - "&B154 -> Bình Lợi - Triều Lên | H154: =A154&" - "&B154&" (QC - "&Sheet2!$A$2&")" -> Bình Lợi - Triều Lên (QC - Mẫu lặp hiện trường) | I154: =A154&" - "&B154&" (QC - "&Sheet2!$A$1&")" -> Bình Lợi - Triều Lên (QC - Mẫu trắng hiện trường) | J154: =A154&" - "&B154&" (QC - "&Sheet2!$A$3&")" -> Bình Lợi - Triều Lên (QC - Mẫu trắng vận chuyển) | K154: =A154&" - "&B154&" (QC - "&Sheet2!$A$4&")" -> Bình Lợi - Triều Lên (QC - Mẫu trắng thiết bị)
A155: Sài Gòn | B155: Triều Lên | C155: HCM_NM_SG | D155: HCM_NM_SG_L | E155: Cầu Sài Gòn KTĐ mới Thủ Thiêm Sông Sài Gòn. | F155: =A155&" - "&C155&" - "&B155 -> Sài Gòn - HCM_NM_SG - Triều Lên | G155: =A155&" - "&B155 -> Sài Gòn - Triều Lên | H155: =A155&" - "&B155&" (QC - "&Sheet2!$A$2&")" -> Sài Gòn - Triều Lên (QC - Mẫu lặp hiện trường) | I155: =A155&" - "&B155&" (QC - "&Sheet2!$A$1&")" -> Sài Gòn - Triều Lên (QC - Mẫu trắng hiện trường) | J155: =A155&" - "&B155&" (QC - "&Sheet2!$A$3&")" -> Sài Gòn - Triều Lên (QC - Mẫu trắng vận chuyển) | K155: =A155&" - "&B155&" (QC - "&Sheet2!$A$4&")" -> Sài Gòn - Triều Lên (QC - Mẫu trắng thiết bị)
A156: Phú Mỹ | B156: Triều Lên | C156: HCM_NM_PM | D156: HCM_NM_PM_L | E156: Gần cầu Thời Đại, Phường Bình Trưng. | F156: =A156&" - "&C156&" - "&B156 -> Phú Mỹ - HCM_NM_PM - Triều Lên | G156: =A156&" - "&B156 -> Phú Mỹ - Triều Lên | H156: =A156&" - "&B156&" (QC - "&Sheet2!$A$2&")" -> Phú Mỹ - Triều Lên (QC - Mẫu lặp hiện trường) | I156: =A156&" - "&B156&" (QC - "&Sheet2!$A$1&")" -> Phú Mỹ - Triều Lên (QC - Mẫu trắng hiện trường) | J156: =A156&" - "&B156&" (QC - "&Sheet2!$A$3&")" -> Phú Mỹ - Triều Lên (QC - Mẫu trắng vận chuyển) | K156: =A156&" - "&B156&" (QC - "&Sheet2!$A$4&")" -> Phú Mỹ - Triều Lên (QC - Mẫu trắng thiết bị)
A157: Mũi Đèn Đỏ | B157: Triều Lên | C157: HCM_NM_MĐĐ | D157: HCM_NM_MĐĐ_L | E157: Mũi Đèn Đỏ, Phường Phú Thuận (Cách hợp lưu của Sông Đồng Nai với sông Sài Gòn 2 km). | F157: =A157&" - "&C157&" - "&B157 -> Mũi Đèn Đỏ - HCM_NM_MĐĐ - Triều Lên | G157: =A157&" - "&B157 -> Mũi Đèn Đỏ - Triều Lên | H157: =A157&" - "&B157&" (QC - "&Sheet2!$A$2&")" -> Mũi Đèn Đỏ - Triều Lên (QC - Mẫu lặp hiện trường) | I157: =A157&" - "&B157&" (QC - "&Sheet2!$A$1&")" -> Mũi Đèn Đỏ - Triều Lên (QC - Mẫu trắng hiện trường) | J157: =A157&" - "&B157&" (QC - "&Sheet2!$A$3&")" -> Mũi Đèn Đỏ - Triều Lên (QC - Mẫu trắng vận chuyển) | K157: =A157&" - "&B157&" (QC - "&Sheet2!$A$4&")" -> Mũi Đèn Đỏ - Triều Lên (QC - Mẫu trắng thiết bị)
A158: Nhà Bè | B158: Triều Lên | C158: HCM_NM_NB | D158: HCM_NM_NB_L | E158: Phà Bình Khánh, xã Nhà Bè (Thượng lưu ngã ba Đồng Nai Lòng Tàu 600 m). | F158: =A158&" - "&C158&" - "&B158 -> Nhà Bè - HCM_NM_NB - Triều Lên | G158: =A158&" - "&B158 -> Nhà Bè - Triều Lên | H158: =A158&" - "&B158&" (QC - "&Sheet2!$A$2&")" -> Nhà Bè - Triều Lên (QC - Mẫu lặp hiện trường) | I158: =A158&" - "&B158&" (QC - "&Sheet2!$A$1&")" -> Nhà Bè - Triều Lên (QC - Mẫu trắng hiện trường) | J158: =A158&" - "&B158&" (QC - "&Sheet2!$A$3&")" -> Nhà Bè - Triều Lên (QC - Mẫu trắng vận chuyển) | K158: =A158&" - "&B158&" (QC - "&Sheet2!$A$4&")" -> Nhà Bè - Triều Lên (QC - Mẫu trắng thiết bị)
A159: Bình Lợi | B159: Triều Xuống | C159: HCM_NM_BL | D159: HCM_NM_BL_X | E159: Khu vực Thanh Đa, Phường Bình Quới. | F159: =A159&" - "&C159&" - "&B159 -> Bình Lợi - HCM_NM_BL - Triều Xuống | G159: =A159&" - "&B159 -> Bình Lợi - Triều Xuống | H159: =A159&" - "&B159&" (QC - "&Sheet2!$A$2&")" -> Bình Lợi - Triều Xuống (QC - Mẫu lặp hiện trường) | I159: =A159&" - "&B159&" (QC - "&Sheet2!$A$1&")" -> Bình Lợi - Triều Xuống (QC - Mẫu trắng hiện trường) | J159: =A159&" - "&B159&" (QC - "&Sheet2!$A$3&")" -> Bình Lợi - Triều Xuống (QC - Mẫu trắng vận chuyển) | K159: =A159&" - "&B159&" (QC - "&Sheet2!$A$4&")" -> Bình Lợi - Triều Xuống (QC - Mẫu trắng thiết bị)
A160: Sài Gòn | B160: Triều Xuống | C160: HCM_NM_SG | D160: HCM_NM_SG_X | E160: Cầu Sài Gòn KTĐ mới Thủ Thiêm Sông Sài Gòn. | F160: =A160&" - "&C160&" - "&B160 -> Sài Gòn - HCM_NM_SG - Triều Xuống | G160: =A160&" - "&B160 -> Sài Gòn - Triều Xuống | H160: =A160&" - "&B160&" (QC - "&Sheet2!$A$2&")" -> Sài Gòn - Triều Xuống (QC - Mẫu lặp hiện trường) | I160: =A160&" - "&B160&" (QC - "&Sheet2!$A$1&")" -> Sài Gòn - Triều Xuống (QC - Mẫu trắng hiện trường) | J160: =A160&" - "&B160&" (QC - "&Sheet2!$A$3&")" -> Sài Gòn - Triều Xuống (QC - Mẫu trắng vận chuyển) | K160: =A160&" - "&B160&" (QC - "&Sheet2!$A$4&")" -> Sài Gòn - Triều Xuống (QC - Mẫu trắng thiết bị)
A161: Phú Mỹ | B161: Triều Xuống | C161: HCM_NM_PM | D161: HCM_NM_PM_X | E161: Gần cầu Thời Đại, Phường Bình Trưng. | F161: =A161&" - "&C161&" - "&B161 -> Phú Mỹ - HCM_NM_PM - Triều Xuống | G161: =A161&" - "&B161 -> Phú Mỹ - Triều Xuống | H161: =A161&" - "&B161&" (QC - "&Sheet2!$A$2&")" -> Phú Mỹ - Triều Xuống (QC - Mẫu lặp hiện trường) | I161: =A161&" - "&B161&" (QC - "&Sheet2!$A$1&")" -> Phú Mỹ - Triều Xuống (QC - Mẫu trắng hiện trường) | J161: =A161&" - "&B161&" (QC - "&Sheet2!$A$3&")" -> Phú Mỹ - Triều Xuống (QC - Mẫu trắng vận chuyển) | K161: =A161&" - "&B161&" (QC - "&Sheet2!$A$4&")" -> Phú Mỹ - Triều Xuống (QC - Mẫu trắng thiết bị)
... A181: Đồng Tranh | B181: Triều Xuống | C181: HCM_NM_ĐT | D181: HCM_NM_ĐT_X | E181: Xã Cần Giờ - Gần cửa sông Đồng Tranh 2 km. | F181: =A181&" - "&C181&" - "&B181 -> Đồng Tranh - HCM_NM_ĐT - Triều Xuống | G181: =A181&" - "&B181 -> Đồng Tranh - Triều Xuống | H181: =A181&" - "&B181&" (QC - "&Sheet2!$A$2&")" -> Đồng Tranh - Triều Xuống (QC - Mẫu lặp hiện trường) | I181: =A181&" - "&B181&" (QC - "&Sheet2!$A$1&")" -> Đồng Tranh - Triều Xuống (QC - Mẫu trắng hiện trường) | J181: =A181&" - "&B181&" (QC - "&Sheet2!$A$3&")" -> Đồng Tranh - Triều Xuống (QC - Mẫu trắng vận chuyển) | K181: =A181&" - "&B181&" (QC - "&Sheet2!$A$4&")" -> Đồng Tranh - Triều Xuống (QC - Mẫu trắng thiết bị)

Sheet Sheet1
A1: Địa điểm quan trắc | B1: Triều | C1: Ký hiệu | D1: Tên viết tắt | E1: Địa chỉ | F1: Tên nơi lấy mẫu | G1: Tên vị trí | H1: Tên vị trí mẫu lặp | I1: Tên vị trí mẫu trắng hiện trường | J1: Tên vị trí mẫu trắng vận chuyển | K1: Tên vị trí mẫu trắng thiết bị
A2: Cầu số 1 | B2: Triều Lên | C2: HCM_NM_CS1 | D2: HCM_NM_CS1_L | E2: Khu vực Cầu số 1, đầu tuyến kênh Nhiêu Lộc – Thị Nghè | F2: Cầu số 1 - HCM_NM_CS1 - Triều Lên | G2: Cầu số 1 - Triều Lên | H2: Cầu số 1 - Triều Lên (QC - Mẫu lặp hiện trường) | I2: Cầu số 1 - Triều Lên (QC - Mẫu trắng hiện trường) | J2: Cầu số 1 - Triều Lên (QC - Mẫu trắng vận chuyển) | K2: Cầu số 1 - Triều Lên (QC - Mẫu trắng thiết bị)
A3: Lê Văn Sỹ | B3: Triều Lên | C3: HCM_NM_LVS | D3: HCM_NM_LVS_L | E3: Khu vực cầu Lê Văn Sỹ, nối đường Lê Văn Sỹ và đường Trần Quốc Thảo | F3: Lê Văn Sỹ - HCM_NM_LVS - Triều Lên | G3: Lê Văn Sỹ - Triều Lên | H3: Lê Văn Sỹ - Triều Lên (QC - Mẫu lặp hiện trường) | I3: Lê Văn Sỹ - Triều Lên (QC - Mẫu trắng hiện trường) | J3: Lê Văn Sỹ - Triều Lên (QC - Mẫu trắng vận chuyển) | K3: Lê Văn Sỹ - Triều Lên (QC - Mẫu trắng thiết bị)
A4: Hải Đức | B4: Triều Lên | C4: HCM_NM_HĐ | D4: HCM_NM_HĐ_L | E4: Đoạn kênh khu vực gần Chùa Hải Đức, phường Cầu Kiệu | F4: Hải Đức - HCM_NM_HĐ - Triều Lên | G4: Hải Đức - Triều Lên | H4: Hải Đức - Triều Lên (QC - Mẫu lặp hiện trường) | I4: Hải Đức - Triều Lên (QC - Mẫu trắng hiện trường) | J4: Hải Đức - Triều Lên (QC - Mẫu trắng vận chuyển) | K4: Hải Đức - Triều Lên (QC - Mẫu trắng thiết bị)
A5: Điện Biên Phủ | B5: Triều Lên | C5: HCM_NM_ĐBP | D5: HCM_NM_ĐBP_L | E5: Khu vực cầu Điện Biên Phủ, gần Vòng xoay Điện Biên Phủ | F5: Điện Biên Phủ - HCM_NM_ĐBP - Triều Lên | G5: Điện Biên Phủ - Triều Lên | H5: Điện Biên Phủ - Triều Lên (QC - Mẫu lặp hiện trường) | I5: Điện Biên Phủ - Triều Lên (QC - Mẫu trắng hiện trường) | J5: Điện Biên Phủ - Triều Lên (QC - Mẫu trắng vận chuyển) | K5: Điện Biên Phủ - Triều Lên (QC - Mẫu trắng thiết bị)
A6: Bùi Đình Túy | B6: Triều Lên | C6: HCM_NM_BĐT | D6: HCM_NM_BĐT_L | E6: Khu vực gần công viên đường số 4, giáp bờ sông, gần đường Chu Văn An, phường Bình Thạnh | F6: Bùi Đình Túy - HCM_NM_BĐT - Triều Lên | G6: Bùi Đình Túy - Triều Lên | H6: Bùi Đình Túy - Triều Lên (QC - Mẫu lặp hiện trường) | I6: Bùi Đình Túy - Triều Lên (QC - Mẫu trắng hiện trường) | J6: Bùi Đình Túy - Triều Lên (QC - Mẫu trắng vận chuyển) | K6: Bùi Đình Túy - Triều Lên (QC - Mẫu trắng thiết bị)
A7: Cầu Đỏ | B7: Triều Lên | C7: HCM_NM_CĐ | D7: HCM_NM_CĐ_L | E7: Khu vực Cầu Đỏ trên đường Nguyễn Xí, đoạn qua rạch Cầu Sơn | F7: Cầu Đỏ - HCM_NM_CĐ - Triều Lên | G7: Cầu Đỏ - Triều Lên | H7: Cầu Đỏ - Triều Lên (QC - Mẫu lặp hiện trường) | I7: Cầu Đỏ - Triều Lên (QC - Mẫu trắng hiện trường) | J7: Cầu Đỏ - Triều Lên (QC - Mẫu trắng vận chuyển) | K7: Cầu Đỏ - Triều Lên (QC - Mẫu trắng thiết bị)
A8: Thị Nghè 2 | B8: Triều Lên | C8: HCM_NM_TN2 | D8: HCM_NM_TN2_L | E8: Khu vực cầu Thị Nghè 2 trên đường Nguyễn Hữu Cảnh, gần Thảo Cầm Viên | F8: Thị Nghè 2 - HCM_NM_TN2 - Triều Lên | G8: Thị Nghè 2 - Triều Lên | H8: Thị Nghè 2 - Triều Lên (QC - Mẫu lặp hiện trường) | I8: Thị Nghè 2 - Triều Lên (QC - Mẫu trắng hiện trường) | J8: Thị Nghè 2 - Triều Lên (QC - Mẫu trắng vận chuyển) | K8: Thị Nghè 2 - Triều Lên (QC - Mẫu trắng thiết bị)
A9: Bùi Hữu Nghĩa | B9: Triều Lên | C9: HCM_NM_BHN | D9: HCM_NM_BHN_L | E9: Khu vực cầu Bùi Hữu Nghĩa, đoạn rạch Cầu Bông đổ ra kênh Nhiêu Lộc – Thị Nghè | F9: Bùi Hữu Nghĩa - HCM_NM_BHN - Triều Lên | G9: Bùi Hữu Nghĩa - Triều Lên | H9: Bùi Hữu Nghĩa - Triều Lên (QC - Mẫu lặp hiện trường) | I9: Bùi Hữu Nghĩa - Triều Lên (QC - Mẫu trắng hiện trường) | J9: Bùi Hữu Nghĩa - Triều Lên (QC - Mẫu trắng vận chuyển) | K9: Bùi Hữu Nghĩa - Triều Lên (QC - Mẫu trắng thiết bị)
A10: Cầu Văn Thánh | B10: Triều Lên | C10: HCM_NM_RVT | D10: HCM_NM_RVT_L | E10: Khu vực cầu Văn Thánh trên đường Điện Biên Phủ | F10: Cầu Văn Thánh - HCM_NM_RVT - Triều Lên | G10: Cầu Văn Thánh - Triều Lên | H10: Cầu Văn Thánh - Triều Lên (QC - Mẫu lặp hiện trường) | I10: Cầu Văn Thánh - Triều Lên (QC - Mẫu trắng hiện trường) | J10: Cầu Văn Thánh - Triều Lên (QC - Mẫu trắng vận chuyển) | K10: Cầu Văn Thánh - Triều Lên (QC - Mẫu trắng thiết bị)
A11: Cầu Văn Thánh 2 | B11: Triều Lên | C11: HCM_NM_RVT2 | D11: HCM_NM_RVT2_L | E11: Khu vực cầu Văn Thánh 2 trên đường Nguyễn Hữu Cảnh, đoạn qua rạch Văn Thánh | F11: Cầu Văn Thánh 2 - HCM_NM_RVT2 - Triều Lên | G11: Cầu Văn Thánh 2 - Triều Lên | H11: Cầu Văn Thánh 2 - Triều Lên (QC - Mẫu lặp hiện trường) | I11: Cầu Văn Thánh 2 - Triều Lên (QC - Mẫu trắng hiện trường) | J11: Cầu Văn Thánh 2 - Triều Lên (QC - Mẫu trắng vận chuyển) | K11: Cầu Văn Thánh 2 - Triều Lên (QC - Mẫu trắng thiết bị)
A12: Cầu số 1 | B12: Triều Xuống | C12: HCM_NM_CS1 | D12: HCM_NM_CS1_X | E12: Khu vực Cầu số 1, đầu tuyến kênh Nhiêu Lộc – Thị Nghè | F12: Cầu số 1 - HCM_NM_CS1 - Triều Xuống | G12: Cầu số 1 - Triều Xuống | H12: Cầu số 1 - Triều Xuống (QC - Mẫu lặp hiện trường) | I12: Cầu số 1 - Triều Xuống (QC - Mẫu trắng hiện trường) | J12: Cầu số 1 - Triều Xuống (QC - Mẫu trắng vận chuyển) | K12: Cầu số 1 - Triều Xuống (QC - Mẫu trắng thiết bị)
... A181: Đồng Tranh | B181: Triều Xuống | C181: HCM_NM_ĐT | D181: HCM_NM_ĐT_X | E181: Xã Cần Giờ - Gần cửa sông Đồng Tranh 2 km. | F181: Đồng Tranh - HCM_NM_ĐT - Triều Xuống | G181: Đồng Tranh - Triều Xuống | H181: Đồng Tranh - Triều Xuống (QC - Mẫu lặp hiện trường) | I181: Đồng Tranh - Triều Xuống (QC - Mẫu trắng hiện trường) | J181: Đồng Tranh - Triều Xuống (QC - Mẫu trắng vận chuyển) | K181: Đồng Tranh - Triều Xuống (QC - Mẫu trắng thiết bị)

Sheet Sheet2
A1: Mẫu trắng hiện trường
A2: Mẫu lặp hiện trường
A3: Mẫu trắng vận chuyển
A4: Mẫu trắng thiết bị

Sheet QUYET DINH
A2: Phú Bình | B2: HCM_NM_STT1 | C2: Định kỳ | D2: Tác động | E2: - Cầu Phú Bình.
E3: - Đánh giá chất lượng nước mặt bị tác động bởi nước thải các nhà máy sản xuất mủ cao su Phú Bình, Long Hòa và một số cơ sở chăn nuôi heo và nước thải khu dân cư.
A4: Cầu trên đường vành đai 4 | B4: HCM_NM_STT2 | C4: Tự động liên tục | D4: Tác động | E4: - Cầu trên đường vành đai 4
E5: - Đánh giá chất lượng nước mặt bị tác động bởi nước thải KCN, đô thị Bàu Bàng, các KCN và đô thị Mỹ Phước, hoạt động chăn nuôi quy mô lớn.
A6: Trạm quan trắc nước mặt tự động trên sông Thị Tính | B6: HCM_NM_STT4 | C6: Tự động liên tục | D6: Tác động | E6: - Trạm quan trắc nước mặt tự động trên sông Thị Tính.
E7: - Đánh giá chất lượng nước bị tác động bởi nước thải sau xử lý các KCN Mỹ Phước 2, Mỹ Phước 3.
A8: Ông Cộ | B8: HCM_NM_STT3 | C8: Định kỳ | D8: Tác động | E8: - Cầu Ông Cộ (Hợp lưu sông thị Tính và sông Sài Gòn) phường Phú An.
E9: - Đánh giá chất lượng nước mặt bị tác động bởi nước thải của KCN Mỹ Phước I, II, III và Cụm Công nghiệp Tân Định, nhà máy giấy Vạn Phát, Tân Thuận An, các khu dân cư thuộc phường Mỹ Phước.
A10: Bến Củi | B10: HCM_NM_SG1 | C10: Định kỳ | D10: Nền | E10: - Hạ lưu cửa xả hồ Dầu Tiếng, cách đập Dầu Tiếng 2 km.
E11: - Nhằm đánh giá chất lượng nước thượng nguồn sông Sài Gòn khu vực bắt đầu chảy qua địa phận Thành phố Hồ Chí Minh.
A12: Bến Súc | B12: HCM_NM_BS | C12: Tự động liên tục | D12: Nền | E12: - Cầu Bến Súc, TL15 xã An Nhơn Tây.
E13: - Đánh giá chất lượng nước mặt sông Sài Gòn.
A14: An Phú | B14: HCM_NM_SG5 | C14: Định kỳ | D14: Tác động | E14: - Lưu vực An Tây-Bến Cát xã An Nhơn Tây (gần Bến đò An Phú).
E15: - Đánh giá chất lượng nước sông Sài Gòn chịu ảnh hưởng bởi các KCN Việt Hương 2, Rạch Bắp, An Tây và dân cư xung quanh.
A16: Hòa Phú | B16: HCM_NM_HP | C16: Định kỳ | D16: Cấp nước | E16: - Khu vực gần trạm bơm Hòa Phú xã Bình Mỹ.
E17: - Đánh giá chất lượng nước phục vụ cho trạm cấp nước Hòa Phú.
A18: Phú Cường | B18: HCM_NM_SG2 | C18: Tự động liên tục | D18: Cấp nước | E18: - Khu vực gần họng thu nước nhà máy nước Thủ Dầu Một phường Thủ Dầu Một.
E19: - Nhằm đánh giá chất lượng nguồn nước mặt cung cấp cho mục đích sinh hoạt trên địa bàn phường Thủ Dầu Một.
A20: Phú Long | B20: HCM_NM_SG4 | C20: Tự động liên tục | D20: Tác động | E20: - Trạm thủy văn trên sông Sài Gòn.
E21: - Đánh giá chất lượng nước sông Sài Gòn chịu ảnh hưởng quá trình đô thị hóa và sản xuất công nghiệp trên địa bàn của phường Lái Thiêu.
A22: Bình Phước | B22: HCM_NM_BP | C22: Tự động liên tục | D22: Tác động | E22: - Cách ngã 3 rạch Vĩnh Bình Sông Sài Gòn 500m về phía hạ lưu.
E23: - Nhằm đánh giá chất lượng nước sông Sài Gòn bị tác động bởi nước thải từ các khu công nghiệp trên địa bàn thành phố Dĩ An, Thuận An, KCN Linh Trung 2 và các cơ sở sản xuất trên địa bàn thành phố HCM.
A24: Bình Lợi | B24: HCM_NM_BL | C24: Định kỳ | D24: Tác động | E24: - Khu vực Thanh Đa, Phường Bình Quới.
E25: - Đánh giá chất lượng nước sông Sài Gòn sau tác động của KCN Bình Chiểu.
A26: Sài Gòn | B26: HCM_NM_SG | C26: Tự động liên tục | D26: Tác động | E26: - Cầu Sài Gòn KTĐ mới Thủ Thiêm Sông Sài Gòn.
E27: - Đánh giá chất lượng nước mặt sông Sài Gòn sau khu qua khu vực dân cư phường Bình Thạnh, Phường Thạnh Mỹ Tây, Phường Bình Quới và phường An Khánh.
A28: Phú Mỹ | B28: HCM_NM_PM | C28: Tự động liên tục | D28: Tác động | E28: - Gần cầu Thời Đại, Phường Bình Trưng.
E29: - Đánh giá chất lượng nước sông Sài Gòn trước khi hợp lưu với sông Đồng Nai.
A30: Phước Hòa | B30: HCM_NM_SB1 | C30: Định kỳ | D30: Tác động | E30: - Vị trí quan trắc trên Sông Bé tại cửa xả của Hồ.
E31: - Nhằm đánh giá chất lượng nước sau đập Phước Hòa.
A32: Sông Bé 2 | B32: HCM_NM_SB2 | C32: Định kỳ | D32: Tác động | E32: - Vị trí quan trắc tại khu vực Cầu Sông Bé.
E33: - Nhằm đánh giá chất lượng nước bị tác động bởi nước thải từ các nhà máy cao su thải ra suối Lùng và đổ vào sông Bé.
A34: Sông Bé 1 | B34: HCM_NM_ĐN1 | C34: Định kỳ | D34: Nền | E34: - Tại Bến đò Lạc An (cách ngã ba sông ĐN – SB 1 km).
E35: - Đánh giá chất lượng nước mặt tại hợp lưu của sông Đồng Nai và sông Bé.
A36: Tại giao lộ với QL13 | B36: HCM_NM_SB3 | C36: Tự động liên tục | D36: Tác động | E36: - Tại giao lộ với QL13.
E37: - Nhằm đánh giá chất lượng nước cho Hồ thủy lợi Dầu Tiếng và Thành phố mới Bình Dương.
A38: Suối Giai | B38: HCM_NM_SB5 | C38: Định kỳ | D38: Nền | E38: - Suối Giai.
E39: - Nhằm đánh giá chất lượng nước suối Giai từ Bình Phước chảy vào Sông Bé, địa phận Bình Dương.
A40: Suối Rạc | B40: HCM_NM_SB4 | C40: Định kỳ | D40: Nền | E40: - Suối Rạc.
E41: - Nhằm đánh giá chất lượng nước suối Rạc từ Bình Phước chảy vào Sông Bé, Bình Dương.
A42: Tân Uyên | B42: HCM_NM_ĐN5 | C42: Định kỳ | D42: Tác động | E42: - Trạm thủy văn chuyên dùng Tân Uyên.
E43: - Đánh giá chất lượng nước mặt tại Trạm thủy văn chuyên dùng Tân Uyên.
A44: Cù lao Bạch Đằng | B44: HCM_NM_ĐN3 | C44: Định kỳ | D44: Tác động | E44: - Cầu mới bắc qua Cù lao Bạch Đằng.
E45: - Đánh giá chất lượng nước mặt bị tác động bởi hoạt động nuôi cá bè và hoạt động sản xuất của một số nhà máy.
A46: Tân Hiệp | B46: HCM_NM_ĐN2 | C46: Tự động liên tục | D46: Cấp nước | E46: - Họng thu nước nhà máy nước Tân Hiệp.
E47: - Đánh giá chất lượng nước mặt đầu vào cho nhà máy cấp nước Tân Hiệp.
A48: Tân Ba | B48: HCM_NM_ĐN4 | C48: Định kỳ | D48: Cấp nước | E48: - Khu vực gần họng thu nước nhà máy nước Tân Ba.
E49: - Đánh giá chất lượng nước mặt đầu vào cho nhà máy cấp nước Tân Ba và khu vực hạ lưu sông Đồng Nai thuộc địa phận Bình Dương.
A50: Hoá An | B50: HCM_NM_HA | C50: Định kỳ | D50: Cấp nước | E50: - Cầu Hóa An phường Biên Hòa, Ðồng Nai.
E51: - Đánh giá chất lượng nước sông Đồng Nai phục vụ cho trạm cấp nước Hóa An.
A52: Bình An | B52: HCM_NM_BA | C52: Định kỳ | D52: Cấp nước | E52: - Trước họng lấy nước nhà máy nước Bình An (cách cầu Đồng Nai 500m về phía hạ lưu sông Đồng Nai) phường Long Bình, Đồng Nai.
E53: - Đánh giá chất lượng nước phục vụ cho nhà máy nước Bình An
A54: Long Phước | B54: HCM_NM_LP | C54: Định kỳ | D54: Tác động | E54: - Cách hợp lưu Sông Tắc – Sông Sài Gòn 500m về phía hạ lưu.
E55: - Đánh giá chất lượng nước sông Sài Gòn sau khi hợp lưu với Sông Tắc.
A56: Cát Lái | B56: HCM_NM_CL | C56: Định kỳ | D56: Tác động | E56: - Phà Cát Lái, Phường Thạnh Mỹ Lợi (Sông Đồng Nai trước hợp lưu với sông Sài Gòn).
E57: - Đánh giá nước mặt tại Phà Cát Lái.
A58: Mũi Đèn Đỏ | B58: HCM_NM_MĐĐ | C58: Định kỳ | D58: Tác động | E58: - Mũi Đèn Đỏ, Phường Phú Thuận (Cách hợp lưu của Sông Đồng Nai với sông Sài Gòn 2 km).
E59: - Đánh giá chất lượng nước sông Đồng Nai sau khi hợp lưu với sông Sài Gòn.
A60: Nhà Bè | B60: HCM_NM_NB | C60: Tự động liên tục | D60: Nền | E60: - Phà Bình Khánh, xã Nhà Bè (Thượng lưu ngã ba Đồng Nai Lòng Tàu 600 m).
E61: - Đánh giá chất lượng nước sông Đồng Nai.
A62: Vàm Sát | B62: HCM_NM_VS | C62: Định kỳ | D62: Nền | E62: - Xã Cần Giờ - Hạ lưu cửa sông Vàm Sát 150m sông Đồng Nai.
E63: - Đánh giá chất lượng nước sông Vàm Sát.
A64: Lòng Tàu | B64: HCM_NM_LT | C64: Định kỳ | D64: Nền | E64: - Xã Cần Giờ - Cách đoạn phân nhánh sông Lòng Tàu – Đồng Tranh 1,39km.
E65: - Đánh giá chất lượng nước sông Lòng Tàu trước khi tách thành 2 nhánh sông Lòng Tàu và Đồng Tranh.
A66: Tam Thôn Hiệp | B66: HCM_NM_TTH | C66: Định kỳ | D66: Tác động | E66: - Xã Cần Giờ - Thượng lưu ngã ba Tắc Rỗi 800m sông Lòng Tàu.
E67: - Đánh giá chất lượng nước mặt sông Lòng Tàu sau khi qua khu vực nuôi trồng thủy sản xã Cần Giờ.
A68: Lòng Tàu 1 | B68: HCM_NM_LT1 | C68: Định kỳ | D68: Tác động | E68: - Xã Cần Giờ -Sau hợp lưu sông Lòng Tàu, sông Đồng Tranh, sông Dừa 2 km.
E69: - Đánh giá chất lượng nước sông Lòng Tàu sau hợp lưu sông Lòng Tàu, Đồng Tranh, sông Dừa.
A70: Ngã Bảy | B70: HCM_NM_N7 | C70: Định kỳ | D70: Tác động | E70: - Xã Cần Giờ - Gần cửa sông Lòng Tàu 2 km.
E71: - Chất lượng nước sông Lòng Tàu trước khi đổ ra biển.
A72: Đồng Tranh 1 | B72: HCM_NM_ĐT1 | C72: Định kỳ | D72: Tác động | E72: - Xã Cần Giờ - Cách đoạn phân nhánh sông Đồng Tranh thành 3 nhánh nhỏ 1km.
E73: - Đánh giá chất lượng nước sông Đồng Tranh.
A74: Đồng Tranh | B74: HCM_NM_ĐT | C74: Định kỳ | D74: Tác động | E74: - Xã Cần Giờ - Gần cửa sông Đồng Tranh 2 km.
E75: - Đánh giá chất lượng nước sông Đồng Tranh tại khu vực nuôi cá bè thuộc xã Cần Giờ.
A76: Sông Thị Vải 1 | B76: HCM_NM_NM44 | C76: Định kỳ | D76: Tác động | E76: - Sông Thị Vải 1 (Điểm giáp ranh, gần điểm xả nước thải của Cty Vedan) phường Phú Mỹ.
E77: - Theo dõi diễn biến chất lượng môi trường nước mặt sông Thị Vải chịu tác động chính từ hoạt động của Cty Vedan và từ phía thượng nguồn sông Thị Vải (chịu tác động theo dòng chảy từ Công ty Vedan và từ phía thượng nguồn sông Thị Vải - Đồng Nai) về BR-VT.
A78: Sông Thị Vải 2 | B78: HCM_NM_NM45 | C78: Định kỳ | D78: Tác động | E78: - Sông Thị Vải 2 (Khu vực chịu tác động từ nước làm mát của nhà máy điện Phú Mỹ) phường Phú Mỹ.
E79: - Theo dõi diễn biến chất lượng môi trường nước mặt sông Thị Vải chịu tác động chính từ quá trình xả thải nước làm mát của nhà máy điện Phú Mỹ.
A80: Sông Thị Vải 3 | B80: HCM_NM_NM46 | C80: Định kỳ | D80: Tác động | E80: - Sông Thị Vải 3 (Cảng Phú Mỹ) phường Phú Mỹ.
E81: - Theo dõi diễn biến chất lượng môi trường nước mặt sông Thị Vải chịu tác động chính từ hoạt động cảng Phú Mỹ.
A82: Sông Thị Vải 4 | B82: HCM_NM_NM49 | C82: Định kỳ | D82: Tác động | E82: - Sông Thị Vải 6 (Hạ lưu sông Thị Vải, Cảng Cái Mép) phường Tân Phước (Phú Mỹ cũ).
E83: - Theo dõi diễn biến chất lượng môi trường nước mặt hạ lưu sông Thị Vải trước khi đổ ra biển.
A84: Sông Thị Vải 5 | B84: HCM_NM_NM50 | C84: Định kỳ | D84: Tác động | E84: - Sông Dinh 1 xã Châu Đức (xã Xà Bang, Châu Đức cũ).
E85: - Theo dõi diễn biến chất lượng môi trường nước mặt thượng nguồn hồ Đá Đen thuộc BRVT (chịu tác động theo dòng chảy từ các sông, suối thuộc tỉnh Đồng Nai chảy vào).
A86: Sông Thị Vải 6 | B86: HCM_NM_NM51 | C86: Định kỳ | D86: Tác động | E86: - Sông Dinh 2 xã Kim Long (xã Láng Lớn, Châu Đức cũ).
E87: - Theo dõi diễn biến chất lượng môi trường nước mặt thượng nguồn sông Dinh thuộc BRVT chịu tác động chính từ hoạt động chăn nuôi và canh tác nông nghiệp.
A88: Cái Mép | B88: HCM_NM_CM | C88: Định kỳ | D88: Tác động | E88: - Xã Cần Giờ - Gần cửa sông Cái Mép 2 km.
E89: - Chất lượng nước sông Thị Vải tại cảng Cái Mép và trước khi đổ ra biển.
A90: Sông Dinh 1 | B90: HCM_NM_NM1 | C90: Định kỳ | D90: Tác động | E90: - Sông Dinh 1 xã Châu Đức (xã Xà Bang, Châu Đức cũ).
E91: - Theo dõi diễn biến chất lượng môi trường nước mặt thượng nguồn hồ Đá Đen thuộc BRVT (chịu tác động theo dòng chảy từ các sông, suối thuộc tỉnh Đồng Nai chảy vào).
A92: Sông Dinh 2 | B92: HCM_NM_NM2 | C92: Định kỳ | D92: Tác động | E92: - Sông Dinh 2 xã Kim Long (xã Láng Lớn, Châu Đức cũ).
E93: - Theo dõi diễn biến chất lượng môi trường nước mặt thượng nguồn sông Dinh thuộc BRVT chịu tác động chính từ hoạt động chăn nuôi và canh tác nông nghiệp.
A94: Sông Dinh 3 | B94: HCM_NM_NM4 | C94: Định kỳ | D94: Tác động | E94: - Sông Dinh 3 xã Kim Long (xã Láng Lớn, Châu Đức cũ).
E95: - Theo dõi diễn biến chất lượng môi trường nước mặt sông Dinh (thượng nguồn hồ Đá Đen) chịu tác động theo dòng chảy từ suối Gia Hốp chảy vào sông Dinh.
A96: Sông Dinh 4 | B96: HCM_NM_NM6 | C96: Định kỳ | D96: Tác động | E96: - Sông Dinh 4 xã Kim Long (xã Láng Lớn, Châu Đức cũ).
E97: - Theo dõi diễn biến chất lượng môi trường nước sông Dinh (thượng nguồn hồ Đá Đen) chịu tác động theo dòng chảy từ suối Đá chảy vào sông Dinh.
A98: Đập Cầu Đỏ | B98: HCM_NM_NM14 | C98: Định kỳ | D98: Tác động | E98: - Đập Cầu Đỏ phường Bà Rịa.
E99: - Theo dõi diễn biến chất lượng môi trường nước mặt khu vực đập Cầu Đỏ chịu tác động chính từ hoạt động chăn nuôi và canh tác nông nghiệp.
A100: Sông Dinh 5 (Cầu Cỏ May) | B100: HCM_NM_NM18 | C100: Định kỳ | D100: Tác động | E100: - Sông Dinh 5 (Cầu Cỏ May) phường Bà Rịa).
E101: - Theo dõi diễn biến chất lượng môi trường nước mặt chịu tác động chính từ nước thải đô thị phía thượng nguồn.
...
