Workbook

Sheet Thang 05-2026
A1: Vị trí | B1: Thời gian | C1: Ngày | D1: Triều Lớn | E1: Triều Ròng | F1: Nhóm thông số mẫu thực | J1: Nhóm thông số mẫu lặp | N1: Nhóm thông số mẫu trắng | R1: Gửi mẫu | S1: Nhóm
F2: Hóa lý, vi sinh | G2: Kim loại | H2: Hóa chất bảo vệ thực vật, Cl- | I2: Trầm tích | J2: Hóa lý, vi sinh | K2: Kim loại | L2: Hóa chất bảo vệ thực vật, Cl- | M2: Trầm tích | N2: Hóa lý, vi sinh | O2: Kim loại | P2: Hóa chất bảo vệ thực vật, Cl- | Q2: Trầm tích
A3: TBNM15 | B3: 04/05/2026 | C3: 4 | F3: 2 | G3: 2 | R3: CS2
A4: TBNM5 | C4: 4 | F4: 2 | G4: 2 | R4: CS2
A5: Cầu Tân Thái | C5: 4 | F5: 2 | G5: 1 | N5: 1 | O5: 1 | R5: CS2
A6: TBNM14 | C6: 4 | F6: 2 | G6: 2 | R6: CS2
A7: TBNM9 | C7: 4 | F7: 2 | G7: 2 | J7: 1 | R7: CS2
A8: TBNM11 | C8: 4 | F8: 2 | G8: 2 | R8: CS2
A9: TBNM1 | C9: 4 | F9: 2 | G9: 2 | R9: CS2
A10: Thầy Cai | C10: 4 | F10: 2 | G10: 1 | R10: CS2
A11: Cầu Chữ Y | B11: 05/05/2026 | C11: 5 | F11: 2 | G11: 1 | R11: CS2
A12: Chà Và | C12: 5 | F12: 2 | G12: 1 | R12: CS2
A13: Chánh Hưng | C13: 5 | F13: 2 | G13: 1 | R13: CS2
A14: Nhị Thiên Đường | C14: 5 | F14: 2 | G14: 1 | R14: CS2
A15: Cầu Mống | C15: 5 | F15: 2 | G15: 1 | R15: CS2
A16: Tân Thuận | C16: 5 | F16: 2 | G16: 1 | R16: CS2
A17: Kênh Tẻ | C17: 5 | F17: 2 | G17: 1 | J17: 1 | K17: 1 | N17: 1 | O17: 1 | R17: CS2
A18: Kênh N46 | B18: 06/05/2026 | C18: 6 | F18: 2 | G18: 1 | R18: CS2
A19: Tân Phú Trung | C19: 6 | F19: 2 | G19: 1 | I19: 1 | J19: 1 | K19: 1 | R19: CS2
A20: TC18A | C20: 6 | F20: 2 | G20: 1 | R20: CS2
A21: An Hạ 1 | C21: 6 | F21: 2 | G21: 1 | N21: 1 | R21: CS2
A22: Cầu Đường A | B22: 07/05/2026 | C22: 7 | F22: 2 | G22: 1 | R22: CS2
A23: Trung Tâm | C23: 7 | F23: 2 | G23: 1 | R23: CS2
A24: Nước Lên | C24: 7 | F24: 2 | G24: 1 | R24: CS2
A25: Lương Bèo | C25: 7 | F25: 2 | G25: 1 | R25: CS2
A26: Hòa Bình | B26: 08/05/2026 | C26: 8 | F26: 2 | G26: 1 | J26: 1 | R26: CS2
A27: Ông Buông | C27: 8 | F27: 2 | G27: 1 | R27: CS2
A28: Rạch Ngựa | C28: 8 | F28: 2 | G28: 1 | R28: CS2
A29: Phú Định | C29: 8 | F29: 2 | G29: 1 | R29: CS2
A30: ĐPNM1 | B30: 11/05/2026 | C30: 11 | F30: 2 | G30: 2 | N30: 1 | R30: CS2
A31: ĐPNM4 | C31: 11 | F31: 2 | G31: 2 | R31: CS2
A32: ĐPNM5 | C32: 11 | F32: 2 | G32: 2 | R32: CS2
A33: ĐPNM8 | C33: 11 | F33: 2 | G33: 2 | R33: CS2
A34: Bà Lào | C34: 11 | F34: 2 | G34: 1 | I34: 1 | J34: 1 | R34: CS2
A35: Long Hậu Tân Kim | C35: 11 | F35: 2 | G35: 1 | R35: CS2
A36: Phú Xuân | C36: 11 | F36: 2 | G36: 1 | R36: CS2
A37: Hiệp Phước | C37: 11 | F37: 2 | G37: 1 | R37: CS2
A38: Cầu số 1 | B38: 12/05/2026 | C38: 12 | F38: 2 | G38: 1 | N38: 1 | O38: 1 | R38: CS2
A39: Lê Văn Sỹ | C39: 12 | F39: 2 | G39: 1 | R39: CS2
A40: Hải Đức | C40: 12 | F40: 2 | G40: 1 | J40: 1 | K40: 1 | R40: CS2
A41: Điện Biên Phủ | C41: 12 | F41: 2 | G41: 1 | R41: CS2
A42: Bùi Hữu Nghĩa | C42: 12 | F42: 2 | G42: 1 | R42: CS2
A43: Cầu Đỏ | C43: 12 | F43: 2 | G43: 1 | J43: 1 | K43: 1 | R43: CS2
A44: Thị Nghè 2 | C44: 12 | F44: 2 | G44: 1 | R44: CS2
A45: Bùi Đình Túy | C45: 12 | F45: 2 | G45: 1 | R45: CS2
A46: Cầu Văn Thánh | C46: 12 | F46: 2 | G46: 1 | R46: CS2
A47: Cầu Văn Thánh 2 | C47: 12 | F47: 2 | G47: 1 | R47: CS2
A48: Cầu TL9 | B48: 13/05/2026 | C48: 13 | F48: 2 | G48: 1 | I48: 1 | R48: CS2
A49: Xuân Thới Sơn | C49: 13 | F49: 2 | G49: 1 | R49: CS2
A50: Cầu Lớn | C50: 13 | F50: 2 | G50: 1 | I50: 1 | R50: CS2
A51: An Hạ | C51: 13 | F51: 2 | G51: 1 | R51: CS2
A52: Rau Răm | C52: 13 | F52: 2 | G52: 1 | J52: 1 | K52: 1 | R52: CS2
A53: Cống Vàm Thuật | B53: 14/05/2026 | C53: 14 | F53: 2 | G53: 1 | J53: 1 | K53: 1 | N53: 1 | R53: CS2
A54: An Lộc | C54: 14 | F54: 2 | G54: 1 | R54: CS2
A55: Bến Cát | C55: 14 | F55: 2 | G55: 1 | R55: CS2
A56: Trường Đai | C56: 14 | F56: 2 | G56: 1 | R56: CS2
A57: Chợ Cầu | B57: 15/05/2026 | C57: 15 | F57: 2 | G57: 1 | N57: 1 | R57: CS2
A58: Tham Lương | C58: 15 | F58: 2 | G58: 1 | R58: CS2
A59: Cầu Bưng | C59: 15 | F59: 2 | G59: 1 | R59: CS2
A60: CN1 | C60: 15 | F60: 2 | G60: 1 | J60: 1 | R60: CS2
A61: GCNM2 | B61: 19/05/2026 | C61: 19 | F61: 2 | G61: 2 | R61: CS2
A62: GCNM3 | C62: 19 | F62: 2 | G62: 2 | R62: CS2
A63: Cầu Bình Thuận | C63: 19 | F63: 2 | G63: 1 | R63: CS2
A64: Nước Đen | C64: 19 | F64: 2 | G64: 1 | R64: CS2
A65: Cầu Sông Chùa | C65: 19 | F65: 2 | G65: 1 | R65: CS2
A66: Cầu Bà Tri | B66: 20/05/2026 | C66: 20 | F66: 2 | G66: 1 | I66: 1 | R66: CS2
A67: Tân Tạo | C67: 20 | F67: 2 | G67: 1 | R67: CS2
A68: Kênh C | C68: 20 | F68: 2 | G68: 1 | I68: 1 | R68: CS2
A69: Kênh C6 | C69: 20 | F69: 2 | G69: 1 | R69: CS2
A70: Kênh C8 | C70: 20 | F70: 2 | G70: 1 | I70: 1 | J70: 1 | M70: 1 | R70: CS2
A71: Cầu Rạch Ngang | B71: 21/05/2026 | C71: 21 | F71: 2 | G71: 1 | N71: 1 | O71: 1 | R71: CS2
A72: Xóm Củi | C72: 21 | F72: 2 | G72: 1 | R72: CS2
A73: Ông Lớn | C73: 21 | F73: 2 | G73: 1 | R73: CS2
A74: Cần Giuộc | C74: 21 | F74: 2 | G74: 1 | R74: CS2
A75: ĐPNM1 | B75: 22/05/2026 | C75: 22 | F75: 2 | G75: 2 | R75: CS2
A76: ĐPNM4 | C76: 22 | F76: 2 | G76: 2 | R76: CS2
A77: ĐPNM5 | C77: 22 | F77: 2 | G77: 2 | R77: CS2
A78: ĐPNM8 | C78: 22 | F78: 2 | G78: 2 | R78: CS2
A79: Lòng Tàu 1 | B79: 25/05/2026 | C79: 25 | F79: 2 | G79: 1 | R79: CS3
A80: Lòng Tàu | C80: 25 | F80: 2 | G80: 1 | R80: CS3
A81: Tam Thôn Hiệp | C81: 25 | F81: 2 | G81: 1 | R81: CS3
A82: Đồng Tranh 1 | C82: 25 | F82: 2 | G82: 1 | R82: CS3
A83: Bình Lợi | C83: 25 | F83: 2 | G83: 1 | R83: CS3
A84: Sài Gòn | C84: 25 | F84: 2 | G84: 1 | N84: 1 | O84: 1 | R84: CS3
A85: Ngã Bảy | B85: 26/05/2026 | C85: 26 | F85: 2 | G85: 1 | R85: CS3
A86: Vàm Sát | C86: 26 | F86: 2 | G86: 1 | R86: CS3
A87: Đồng Tranh | C87: 26 | F87: 2 | G87: 1 | R87: CS3
A88: Long Phước | C88: 26 | F88: 2 | G88: 1 | R88: CS3
A89: Cát Lái | C89: 26 | F89: 2 | G89: 1 | R89: CS3
A90: Cầu Gò Công | C90: 26 | F90: 2 | G90: 1 | R90: CS2
A91: Hồ Ngọc Lãm | B91: 27/05/2026 | C91: 27 | F91: 2 | G91: 1 | R91: CS2
A92: Bình Ðiền | C92: 27 | F92: 2 | G92: 1 | R92: CS2
A93: Chợ Đệm | C93: 27 | F93: 2 | G93: 1 | I93: 1 | R93: CS2
A94: Mũi Đèn Đỏ | C94: 27 | F94: 2 | G94: 1 | R94: CS3
A95: Nhà Bè | C95: 27 | F95: 2 | G95: 1 | R95: CS3
A96: Phú Mỹ | C96: 27 | F96: 2 | G96: 1 | R96: CS3
A97: TBNM15 | B97: 28/05/2026 | C97: 28 | F97: 2 | G97: 2 | N97: 1 | O97: 1 | R97: CS2
A98: TBNM5 | C98: 28 | F98: 2 | G98: 2 | R98: CS2
A99: TBNM14 | C99: 28 | F99: 2 | G99: 2 | R99: CS2
A100: TBNM9 | C100: 28 | F100: 2 | G100: 2 | J100: 1 | R100: CS2
...

Sheet CS2_OLD
A1: Nơi thực hiện | B1: Vị trí quan trắc | C1: Số lượng mẫu | D1: Số lượng mẫu QC lặp | E1: Số lượng mẫu QC trắng | F1: Số lượng mẫu QC | G1: Ngày
A2: TBNM15 | B2: Triều Lên | C2: 1 | D2: {=IF(AND(INDEX('Thang 05-2026'!$A$3:$Q$102,MATCH(1,($A2='Thang 05-2026'!$A$3:$A$102)*($G2='Thang 05-2026'!$C$3:$C$102),0),11)=1,$B2="Triều Xuống"),1,IF(AND(INDEX('Thang 05-2026'!$A$3:$Q$102,MATCH(1,($A2='Thang 05-2026'!$A$3:$A$102)*($G2='Thang 05-2026'!$C$3:$C$102),0),10)=1,$B2="Triều Lên",INDEX('Thang 05-2026'!$A$3:$Q$102,MATCH(1,($A2='Thang 05-2026'!$A$3:$A$102)*($G2='Thang 05-2026'!$C$3:$C$102),0),11)=0),1,0))} -> 0 | E2: {=IF(AND(INDEX('Thang 05-2026'!$A$3:$Q$102,MATCH(1,($A2='Thang 05-2026'!$A$3:$A$102)*($G2='Thang 05-2026'!$C$3:$C$102),0),15)=1,$B2="Triều Xuống"),1,IF(AND(INDEX('Thang 05-2026'!$A$3:$Q$102,MATCH(1,($A2='Thang 05-2026'!$A$3:$A$102)*($G2='Thang 05-2026'!$C$3:$C$102),0),14)=1,$B2="Triều Lên",INDEX('Thang 05-2026'!$A$3:$Q$102,MATCH(1,($A2='Thang 05-2026'!$A$3:$A$102)*($G2='Thang 05-2026'!$C$3:$C$102),0),15)=0),1,0))} -> 0 | F2: =D2+E2 -> 0 | G2: =INDEX('Thang 05-2026'!$A$3:$C$102,MATCH(A2,'Thang 05-2026'!$A$3:$A$102,0),3) -> 4
A3: TBNM5 | B3: Triều Lên | C3: 1 | D3: {=IF(AND(INDEX('Thang 05-2026'!$A$3:$Q$102,MATCH(1,($A3='Thang 05-2026'!$A$3:$A$102)*($G3='Thang 05-2026'!$C$3:$C$102),0),11)=1,$B3="Triều Xuống"),1,IF(AND(INDEX('Thang 05-2026'!$A$3:$Q$102,MATCH(1,($A3='Thang 05-2026'!$A$3:$A$102)*($G3='Thang 05-2026'!$C$3:$C$102),0),10)=1,$B3="Triều Lên",INDEX('Thang 05-2026'!$A$3:$Q$102,MATCH(1,($A3='Thang 05-2026'!$A$3:$A$102)*($G3='Thang 05-2026'!$C$3:$C$102),0),11)=0),1,0))} -> 0 | E3: {=IF(AND(INDEX('Thang 05-2026'!$A$3:$Q$102,MATCH(1,($A3='Thang 05-2026'!$A$3:$A$102)*($G3='Thang 05-2026'!$C$3:$C$102),0),15)=1,$B3="Triều Xuống"),1,IF(AND(INDEX('Thang 05-2026'!$A$3:$Q$102,MATCH(1,($A3='Thang 05-2026'!$A$3:$A$102)*($G3='Thang 05-2026'!$C$3:$C$102),0),14)=1,$B3="Triều Lên",INDEX('Thang 05-2026'!$A$3:$Q$102,MATCH(1,($A3='Thang 05-2026'!$A$3:$A$102)*($G3='Thang 05-2026'!$C$3:$C$102),0),15)=0),1,0))} -> 0 | F3: =D3+E3 -> 0 | G3: =INDEX('Thang 05-2026'!$A$3:$C$102,MATCH(A3,'Thang 05-2026'!$A$3:$A$102,0),3) -> 4
A4: Cầu Tân Thái | B4: Triều Lên | C4: 1 | D4: {=IF(AND(INDEX('Thang 05-2026'!$A$3:$Q$102,MATCH(1,($A4='Thang 05-2026'!$A$3:$A$102)*($G4='Thang 05-2026'!$C$3:$C$102),0),11)=1,$B4="Triều Xuống"),1,IF(AND(INDEX('Thang 05-2026'!$A$3:$Q$102,MATCH(1,($A4='Thang 05-2026'!$A$3:$A$102)*($G4='Thang 05-2026'!$C$3:$C$102),0),10)=1,$B4="Triều Lên",INDEX('Thang 05-2026'!$A$3:$Q$102,MATCH(1,($A4='Thang 05-2026'!$A$3:$A$102)*($G4='Thang 05-2026'!$C$3:$C$102),0),11)=0),1,0))} -> 0 | E4: {=IF(AND(INDEX('Thang 05-2026'!$A$3:$Q$102,MATCH(1,($A4='Thang 05-2026'!$A$3:$A$102)*($G4='Thang 05-2026'!$C$3:$C$102),0),15)=1,$B4="Triều Xuống"),1,IF(AND(INDEX('Thang 05-2026'!$A$3:$Q$102,MATCH(1,($A4='Thang 05-2026'!$A$3:$A$102)*($G4='Thang 05-2026'!$C$3:$C$102),0),14)=1,$B4="Triều Lên",INDEX('Thang 05-2026'!$A$3:$Q$102,MATCH(1,($A4='Thang 05-2026'!$A$3:$A$102)*($G4='Thang 05-2026'!$C$3:$C$102),0),15)=0),1,0))} -> 0 | F4: =D4+E4 -> 0 | G4: =INDEX('Thang 05-2026'!$A$3:$C$102,MATCH(A4,'Thang 05-2026'!$A$3:$A$102,0),3) -> 4
A5: TBNM14 | B5: Triều Lên | C5: 1 | D5: {=IF(AND(INDEX('Thang 05-2026'!$A$3:$Q$102,MATCH(1,($A5='Thang 05-2026'!$A$3:$A$102)*($G5='Thang 05-2026'!$C$3:$C$102),0),11)=1,$B5="Triều Xuống"),1,IF(AND(INDEX('Thang 05-2026'!$A$3:$Q$102,MATCH(1,($A5='Thang 05-2026'!$A$3:$A$102)*($G5='Thang 05-2026'!$C$3:$C$102),0),10)=1,$B5="Triều Lên",INDEX('Thang 05-2026'!$A$3:$Q$102,MATCH(1,($A5='Thang 05-2026'!$A$3:$A$102)*($G5='Thang 05-2026'!$C$3:$C$102),0),11)=0),1,0))} -> 0 | E5: {=IF(AND(INDEX('Thang 05-2026'!$A$3:$Q$102,MATCH(1,($A5='Thang 05-2026'!$A$3:$A$102)*($G5='Thang 05-2026'!$C$3:$C$102),0),15)=1,$B5="Triều Xuống"),1,IF(AND(INDEX('Thang 05-2026'!$A$3:$Q$102,MATCH(1,($A5='Thang 05-2026'!$A$3:$A$102)*($G5='Thang 05-2026'!$C$3:$C$102),0),14)=1,$B5="Triều Lên",INDEX('Thang 05-2026'!$A$3:$Q$102,MATCH(1,($A5='Thang 05-2026'!$A$3:$A$102)*($G5='Thang 05-2026'!$C$3:$C$102),0),15)=0),1,0))} -> 0 | F5: =D5+E5 -> 0 | G5: =INDEX('Thang 05-2026'!$A$3:$C$102,MATCH(A5,'Thang 05-2026'!$A$3:$A$102,0),3) -> 4
A6: TBNM15 | B6: Triều Xuống | C6: 1 | D6: {=IF(AND(INDEX('Thang 05-2026'!$A$3:$Q$102,MATCH(1,($A6='Thang 05-2026'!$A$3:$A$102)*($G6='Thang 05-2026'!$C$3:$C$102),0),11)=1,$B6="Triều Xuống"),1,IF(AND(INDEX('Thang 05-2026'!$A$3:$Q$102,MATCH(1,($A6='Thang 05-2026'!$A$3:$A$102)*($G6='Thang 05-2026'!$C$3:$C$102),0),10)=1,$B6="Triều Lên",INDEX('Thang 05-2026'!$A$3:$Q$102,MATCH(1,($A6='Thang 05-2026'!$A$3:$A$102)*($G6='Thang 05-2026'!$C$3:$C$102),0),11)=0),1,0))} -> 0 | E6: {=IF(AND(INDEX('Thang 05-2026'!$A$3:$Q$102,MATCH(1,($A6='Thang 05-2026'!$A$3:$A$102)*($G6='Thang 05-2026'!$C$3:$C$102),0),15)=1,$B6="Triều Xuống"),1,IF(AND(INDEX('Thang 05-2026'!$A$3:$Q$102,MATCH(1,($A6='Thang 05-2026'!$A$3:$A$102)*($G6='Thang 05-2026'!$C$3:$C$102),0),14)=1,$B6="Triều Lên",INDEX('Thang 05-2026'!$A$3:$Q$102,MATCH(1,($A6='Thang 05-2026'!$A$3:$A$102)*($G6='Thang 05-2026'!$C$3:$C$102),0),15)=0),1,0))} -> 0 | F6: =D6+E6 -> 0 | G6: =INDEX('Thang 05-2026'!$A$3:$C$102,MATCH(A6,'Thang 05-2026'!$A$3:$A$102,0),3) -> 4
A7: TBNM5 | B7: Triều Xuống | C7: 1 | D7: {=IF(AND(INDEX('Thang 05-2026'!$A$3:$Q$102,MATCH(1,($A7='Thang 05-2026'!$A$3:$A$102)*($G7='Thang 05-2026'!$C$3:$C$102),0),11)=1,$B7="Triều Xuống"),1,IF(AND(INDEX('Thang 05-2026'!$A$3:$Q$102,MATCH(1,($A7='Thang 05-2026'!$A$3:$A$102)*($G7='Thang 05-2026'!$C$3:$C$102),0),10)=1,$B7="Triều Lên",INDEX('Thang 05-2026'!$A$3:$Q$102,MATCH(1,($A7='Thang 05-2026'!$A$3:$A$102)*($G7='Thang 05-2026'!$C$3:$C$102),0),11)=0),1,0))} -> 0 | E7: {=IF(AND(INDEX('Thang 05-2026'!$A$3:$Q$102,MATCH(1,($A7='Thang 05-2026'!$A$3:$A$102)*($G7='Thang 05-2026'!$C$3:$C$102),0),15)=1,$B7="Triều Xuống"),1,IF(AND(INDEX('Thang 05-2026'!$A$3:$Q$102,MATCH(1,($A7='Thang 05-2026'!$A$3:$A$102)*($G7='Thang 05-2026'!$C$3:$C$102),0),14)=1,$B7="Triều Lên",INDEX('Thang 05-2026'!$A$3:$Q$102,MATCH(1,($A7='Thang 05-2026'!$A$3:$A$102)*($G7='Thang 05-2026'!$C$3:$C$102),0),15)=0),1,0))} -> 0 | F7: =D7+E7 -> 0 | G7: =INDEX('Thang 05-2026'!$A$3:$C$102,MATCH(A7,'Thang 05-2026'!$A$3:$A$102,0),3) -> 4
A8: Cầu Tân Thái | B8: Triều Xuống | C8: 1 | D8: {=IF(AND(INDEX('Thang 05-2026'!$A$3:$Q$102,MATCH(1,($A8='Thang 05-2026'!$A$3:$A$102)*($G8='Thang 05-2026'!$C$3:$C$102),0),11)=1,$B8="Triều Xuống"),1,IF(AND(INDEX('Thang 05-2026'!$A$3:$Q$102,MATCH(1,($A8='Thang 05-2026'!$A$3:$A$102)*($G8='Thang 05-2026'!$C$3:$C$102),0),10)=1,$B8="Triều Lên",INDEX('Thang 05-2026'!$A$3:$Q$102,MATCH(1,($A8='Thang 05-2026'!$A$3:$A$102)*($G8='Thang 05-2026'!$C$3:$C$102),0),11)=0),1,0))} -> 0 | E8: {=IF(AND(INDEX('Thang 05-2026'!$A$3:$Q$102,MATCH(1,($A8='Thang 05-2026'!$A$3:$A$102)*($G8='Thang 05-2026'!$C$3:$C$102),0),15)=1,$B8="Triều Xuống"),1,IF(AND(INDEX('Thang 05-2026'!$A$3:$Q$102,MATCH(1,($A8='Thang 05-2026'!$A$3:$A$102)*($G8='Thang 05-2026'!$C$3:$C$102),0),14)=1,$B8="Triều Lên",INDEX('Thang 05-2026'!$A$3:$Q$102,MATCH(1,($A8='Thang 05-2026'!$A$3:$A$102)*($G8='Thang 05-2026'!$C$3:$C$102),0),15)=0),1,0))} -> 1 | F8: =D8+E8 -> 1 | G8: =INDEX('Thang 05-2026'!$A$3:$C$102,MATCH(A8,'Thang 05-2026'!$A$3:$A$102,0),3) -> 4
A9: TBNM14 | B9: Triều Xuống | C9: 1 | D9: {=IF(AND(INDEX('Thang 05-2026'!$A$3:$Q$102,MATCH(1,($A9='Thang 05-2026'!$A$3:$A$102)*($G9='Thang 05-2026'!$C$3:$C$102),0),11)=1,$B9="Triều Xuống"),1,IF(AND(INDEX('Thang 05-2026'!$A$3:$Q$102,MATCH(1,($A9='Thang 05-2026'!$A$3:$A$102)*($G9='Thang 05-2026'!$C$3:$C$102),0),10)=1,$B9="Triều Lên",INDEX('Thang 05-2026'!$A$3:$Q$102,MATCH(1,($A9='Thang 05-2026'!$A$3:$A$102)*($G9='Thang 05-2026'!$C$3:$C$102),0),11)=0),1,0))} -> 0 | E9: {=IF(AND(INDEX('Thang 05-2026'!$A$3:$Q$102,MATCH(1,($A9='Thang 05-2026'!$A$3:$A$102)*($G9='Thang 05-2026'!$C$3:$C$102),0),15)=1,$B9="Triều Xuống"),1,IF(AND(INDEX('Thang 05-2026'!$A$3:$Q$102,MATCH(1,($A9='Thang 05-2026'!$A$3:$A$102)*($G9='Thang 05-2026'!$C$3:$C$102),0),14)=1,$B9="Triều Lên",INDEX('Thang 05-2026'!$A$3:$Q$102,MATCH(1,($A9='Thang 05-2026'!$A$3:$A$102)*($G9='Thang 05-2026'!$C$3:$C$102),0),15)=0),1,0))} -> 0 | F9: =D9+E9 -> 0 | G9: =INDEX('Thang 05-2026'!$A$3:$C$102,MATCH(A9,'Thang 05-2026'!$A$3:$A$102,0),3) -> 4
A10: TBNM9 | B10: Triều Lên | C10: 1 | D10: {=IF(AND(INDEX('Thang 05-2026'!$A$3:$Q$102,MATCH(1,($A10='Thang 05-2026'!$A$3:$A$102)*($G10='Thang 05-2026'!$C$3:$C$102),0),11)=1,$B10="Triều Xuống"),1,IF(AND(INDEX('Thang 05-2026'!$A$3:$Q$102,MATCH(1,($A10='Thang 05-2026'!$A$3:$A$102)*($G10='Thang 05-2026'!$C$3:$C$102),0),10)=1,$B10="Triều Lên",INDEX('Thang 05-2026'!$A$3:$Q$102,MATCH(1,($A10='Thang 05-2026'!$A$3:$A$102)*($G10='Thang 05-2026'!$C$3:$C$102),0),11)=0),1,0))} -> 1 | E10: {=IF(AND(INDEX('Thang 05-2026'!$A$3:$Q$102,MATCH(1,($A10='Thang 05-2026'!$A$3:$A$102)*($G10='Thang 05-2026'!$C$3:$C$102),0),15)=1,$B10="Triều Xuống"),1,IF(AND(INDEX('Thang 05-2026'!$A$3:$Q$102,MATCH(1,($A10='Thang 05-2026'!$A$3:$A$102)*($G10='Thang 05-2026'!$C$3:$C$102),0),14)=1,$B10="Triều Lên",INDEX('Thang 05-2026'!$A$3:$Q$102,MATCH(1,($A10='Thang 05-2026'!$A$3:$A$102)*($G10='Thang 05-2026'!$C$3:$C$102),0),15)=0),1,0))} -> 0 | F10: =D10+E10 -> 1 | G10: =INDEX('Thang 05-2026'!$A$3:$C$102,MATCH(A10,'Thang 05-2026'!$A$3:$A$102,0),3) -> 4
A11: TBNM11 | B11: Triều Lên | C11: 1 | D11: {=IF(AND(INDEX('Thang 05-2026'!$A$3:$Q$102,MATCH(1,($A11='Thang 05-2026'!$A$3:$A$102)*($G11='Thang 05-2026'!$C$3:$C$102),0),11)=1,$B11="Triều Xuống"),1,IF(AND(INDEX('Thang 05-2026'!$A$3:$Q$102,MATCH(1,($A11='Thang 05-2026'!$A$3:$A$102)*($G11='Thang 05-2026'!$C$3:$C$102),0),10)=1,$B11="Triều Lên",INDEX('Thang 05-2026'!$A$3:$Q$102,MATCH(1,($A11='Thang 05-2026'!$A$3:$A$102)*($G11='Thang 05-2026'!$C$3:$C$102),0),11)=0),1,0))} -> 0 | E11: {=IF(AND(INDEX('Thang 05-2026'!$A$3:$Q$102,MATCH(1,($A11='Thang 05-2026'!$A$3:$A$102)*($G11='Thang 05-2026'!$C$3:$C$102),0),15)=1,$B11="Triều Xuống"),1,IF(AND(INDEX('Thang 05-2026'!$A$3:$Q$102,MATCH(1,($A11='Thang 05-2026'!$A$3:$A$102)*($G11='Thang 05-2026'!$C$3:$C$102),0),14)=1,$B11="Triều Lên",INDEX('Thang 05-2026'!$A$3:$Q$102,MATCH(1,($A11='Thang 05-2026'!$A$3:$A$102)*($G11='Thang 05-2026'!$C$3:$C$102),0),15)=0),1,0))} -> 0 | F11: =D11+E11 -> 0 | G11: =INDEX('Thang 05-2026'!$A$3:$C$102,MATCH(A11,'Thang 05-2026'!$A$3:$A$102,0),3) -> 4
A12: TBNM1 | B12: Triều Lên | C12: 1 | D12: {=IF(AND(INDEX('Thang 05-2026'!$A$3:$Q$102,MATCH(1,($A12='Thang 05-2026'!$A$3:$A$102)*($G12='Thang 05-2026'!$C$3:$C$102),0),11)=1,$B12="Triều Xuống"),1,IF(AND(INDEX('Thang 05-2026'!$A$3:$Q$102,MATCH(1,($A12='Thang 05-2026'!$A$3:$A$102)*($G12='Thang 05-2026'!$C$3:$C$102),0),10)=1,$B12="Triều Lên",INDEX('Thang 05-2026'!$A$3:$Q$102,MATCH(1,($A12='Thang 05-2026'!$A$3:$A$102)*($G12='Thang 05-2026'!$C$3:$C$102),0),11)=0),1,0))} -> 0 | E12: {=IF(AND(INDEX('Thang 05-2026'!$A$3:$Q$102,MATCH(1,($A12='Thang 05-2026'!$A$3:$A$102)*($G12='Thang 05-2026'!$C$3:$C$102),0),15)=1,$B12="Triều Xuống"),1,IF(AND(INDEX('Thang 05-2026'!$A$3:$Q$102,MATCH(1,($A12='Thang 05-2026'!$A$3:$A$102)*($G12='Thang 05-2026'!$C$3:$C$102),0),14)=1,$B12="Triều Lên",INDEX('Thang 05-2026'!$A$3:$Q$102,MATCH(1,($A12='Thang 05-2026'!$A$3:$A$102)*($G12='Thang 05-2026'!$C$3:$C$102),0),15)=0),1,0))} -> 0 | F12: =D12+E12 -> 0 | G12: =INDEX('Thang 05-2026'!$A$3:$C$102,MATCH(A12,'Thang 05-2026'!$A$3:$A$102,0),3) -> 4
A13: Thầy Cai | B13: Triều Lên | C13: 1 | D13: {=IF(AND(INDEX('Thang 05-2026'!$A$3:$Q$102,MATCH(1,($A13='Thang 05-2026'!$A$3:$A$102)*($G13='Thang 05-2026'!$C$3:$C$102),0),11)=1,$B13="Triều Xuống"),1,IF(AND(INDEX('Thang 05-2026'!$A$3:$Q$102,MATCH(1,($A13='Thang 05-2026'!$A$3:$A$102)*($G13='Thang 05-2026'!$C$3:$C$102),0),10)=1,$B13="Triều Lên",INDEX('Thang 05-2026'!$A$3:$Q$102,MATCH(1,($A13='Thang 05-2026'!$A$3:$A$102)*($G13='Thang 05-2026'!$C$3:$C$102),0),11)=0),1,0))} -> 0 | E13: {=IF(AND(INDEX('Thang 05-2026'!$A$3:$Q$102,MATCH(1,($A13='Thang 05-2026'!$A$3:$A$102)*($G13='Thang 05-2026'!$C$3:$C$102),0),15)=1,$B13="Triều Xuống"),1,IF(AND(INDEX('Thang 05-2026'!$A$3:$Q$102,MATCH(1,($A13='Thang 05-2026'!$A$3:$A$102)*($G13='Thang 05-2026'!$C$3:$C$102),0),14)=1,$B13="Triều Lên",INDEX('Thang 05-2026'!$A$3:$Q$102,MATCH(1,($A13='Thang 05-2026'!$A$3:$A$102)*($G13='Thang 05-2026'!$C$3:$C$102),0),15)=0),1,0))} -> 0 | F13: =D13+E13 -> 0 | G13: =INDEX('Thang 05-2026'!$A$3:$C$102,MATCH(A13,'Thang 05-2026'!$A$3:$A$102,0),3) -> 4
... A145: Cần Giuộc | B145: Triều Xuống | C145: 1 | D145: {=IF(AND(INDEX('Thang 05-2026'!$A$3:$Q$102,MATCH(1,($A145='Thang 05-2026'!$A$3:$A$102)*($G145='Thang 05-2026'!$C$3:$C$102),0),11)=1,$B145="Triều Xuống"),1,IF(AND(INDEX('Thang 05-2026'!$A$3:$Q$102,MATCH(1,($A145='Thang 05-2026'!$A$3:$A$102)*($G145='Thang 05-2026'!$C$3:$C$102),0),10)=1,$B145="Triều Lên",INDEX('Thang 05-2026'!$A$3:$Q$102,MATCH(1,($A145='Thang 05-2026'!$A$3:$A$102)*($G145='Thang 05-2026'!$C$3:$C$102),0),11)=0),1,0))} -> 0 | E145: {=IF(AND(INDEX('Thang 05-2026'!$A$3:$Q$102,MATCH(1,($A145='Thang 05-2026'!$A$3:$A$102)*($G145='Thang 05-2026'!$C$3:$C$102),0),15)=1,$B145="Triều Xuống"),1,IF(AND(INDEX('Thang 05-2026'!$A$3:$Q$102,MATCH(1,($A145='Thang 05-2026'!$A$3:$A$102)*($G145='Thang 05-2026'!$C$3:$C$102),0),14)=1,$B145="Triều Lên",INDEX('Thang 05-2026'!$A$3:$Q$102,MATCH(1,($A145='Thang 05-2026'!$A$3:$A$102)*($G145='Thang 05-2026'!$C$3:$C$102),0),15)=0),1,0))} -> 0 | F145: =D145+E145 -> 0 | G145: =INDEX('Thang 05-2026'!$A$3:$C$102,MATCH(A145,'Thang 05-2026'!$A$3:$A$102,0),3) -> 21
A146: ĐPNM1 | B146: Triều Lên | C146: 1 | D146: {=IF(AND(INDEX('Thang 05-2026'!$A$3:$Q$102,MATCH(1,($A146='Thang 05-2026'!$A$3:$A$102)*($G146='Thang 05-2026'!$C$3:$C$102),0),11)=1,$B146="Triều Xuống"),1,IF(AND(INDEX('Thang 05-2026'!$A$3:$Q$102,MATCH(1,($A146='Thang 05-2026'!$A$3:$A$102)*($G146='Thang 05-2026'!$C$3:$C$102),0),10)=1,$B146="Triều Lên",INDEX('Thang 05-2026'!$A$3:$Q$102,MATCH(1,($A146='Thang 05-2026'!$A$3:$A$102)*($G146='Thang 05-2026'!$C$3:$C$102),0),11)=0),1,0))} -> 0 | E146: {=IF(AND(INDEX('Thang 05-2026'!$A$3:$Q$102,MATCH(1,($A146='Thang 05-2026'!$A$3:$A$102)*($G146='Thang 05-2026'!$C$3:$C$102),0),15)=1,$B146="Triều Xuống"),1,IF(AND(INDEX('Thang 05-2026'!$A$3:$Q$102,MATCH(1,($A146='Thang 05-2026'!$A$3:$A$102)*($G146='Thang 05-2026'!$C$3:$C$102),0),14)=1,$B146="Triều Lên",INDEX('Thang 05-2026'!$A$3:$Q$102,MATCH(1,($A146='Thang 05-2026'!$A$3:$A$102)*($G146='Thang 05-2026'!$C$3:$C$102),0),15)=0),1,0))} -> 0 | F146: =D146+E146 -> 0 | G146: 22
A147: ĐPNM4 | B147: Triều Lên | C147: 1 | D147: {=IF(AND(INDEX('Thang 05-2026'!$A$3:$Q$102,MATCH(1,($A147='Thang 05-2026'!$A$3:$A$102)*($G147='Thang 05-2026'!$C$3:$C$102),0),11)=1,$B147="Triều Xuống"),1,IF(AND(INDEX('Thang 05-2026'!$A$3:$Q$102,MATCH(1,($A147='Thang 05-2026'!$A$3:$A$102)*($G147='Thang 05-2026'!$C$3:$C$102),0),10)=1,$B147="Triều Lên",INDEX('Thang 05-2026'!$A$3:$Q$102,MATCH(1,($A147='Thang 05-2026'!$A$3:$A$102)*($G147='Thang 05-2026'!$C$3:$C$102),0),11)=0),1,0))} -> 0 | E147: {=IF(AND(INDEX('Thang 05-2026'!$A$3:$Q$102,MATCH(1,($A147='Thang 05-2026'!$A$3:$A$102)*($G147='Thang 05-2026'!$C$3:$C$102),0),15)=1,$B147="Triều Xuống"),1,IF(AND(INDEX('Thang 05-2026'!$A$3:$Q$102,MATCH(1,($A147='Thang 05-2026'!$A$3:$A$102)*($G147='Thang 05-2026'!$C$3:$C$102),0),14)=1,$B147="Triều Lên",INDEX('Thang 05-2026'!$A$3:$Q$102,MATCH(1,($A147='Thang 05-2026'!$A$3:$A$102)*($G147='Thang 05-2026'!$C$3:$C$102),0),15)=0),1,0))} -> 0 | F147: =D147+E147 -> 0 | G147: 22
A148: ĐPNM5 | B148: Triều Lên | C148: 1 | D148: {=IF(AND(INDEX('Thang 05-2026'!$A$3:$Q$102,MATCH(1,($A148='Thang 05-2026'!$A$3:$A$102)*($G148='Thang 05-2026'!$C$3:$C$102),0),11)=1,$B148="Triều Xuống"),1,IF(AND(INDEX('Thang 05-2026'!$A$3:$Q$102,MATCH(1,($A148='Thang 05-2026'!$A$3:$A$102)*($G148='Thang 05-2026'!$C$3:$C$102),0),10)=1,$B148="Triều Lên",INDEX('Thang 05-2026'!$A$3:$Q$102,MATCH(1,($A148='Thang 05-2026'!$A$3:$A$102)*($G148='Thang 05-2026'!$C$3:$C$102),0),11)=0),1,0))} -> 0 | E148: {=IF(AND(INDEX('Thang 05-2026'!$A$3:$Q$102,MATCH(1,($A148='Thang 05-2026'!$A$3:$A$102)*($G148='Thang 05-2026'!$C$3:$C$102),0),15)=1,$B148="Triều Xuống"),1,IF(AND(INDEX('Thang 05-2026'!$A$3:$Q$102,MATCH(1,($A148='Thang 05-2026'!$A$3:$A$102)*($G148='Thang 05-2026'!$C$3:$C$102),0),14)=1,$B148="Triều Lên",INDEX('Thang 05-2026'!$A$3:$Q$102,MATCH(1,($A148='Thang 05-2026'!$A$3:$A$102)*($G148='Thang 05-2026'!$C$3:$C$102),0),15)=0),1,0))} -> 0 | F148: =D148+E148 -> 0 | G148: 22
A149: ĐPNM8 | B149: Triều Lên | C149: 1 | D149: {=IF(AND(INDEX('Thang 05-2026'!$A$3:$Q$102,MATCH(1,($A149='Thang 05-2026'!$A$3:$A$102)*($G149='Thang 05-2026'!$C$3:$C$102),0),11)=1,$B149="Triều Xuống"),1,IF(AND(INDEX('Thang 05-2026'!$A$3:$Q$102,MATCH(1,($A149='Thang 05-2026'!$A$3:$A$102)*($G149='Thang 05-2026'!$C$3:$C$102),0),10)=1,$B149="Triều Lên",INDEX('Thang 05-2026'!$A$3:$Q$102,MATCH(1,($A149='Thang 05-2026'!$A$3:$A$102)*($G149='Thang 05-2026'!$C$3:$C$102),0),11)=0),1,0))} -> 0 | E149: {=IF(AND(INDEX('Thang 05-2026'!$A$3:$Q$102,MATCH(1,($A149='Thang 05-2026'!$A$3:$A$102)*($G149='Thang 05-2026'!$C$3:$C$102),0),15)=1,$B149="Triều Xuống"),1,IF(AND(INDEX('Thang 05-2026'!$A$3:$Q$102,MATCH(1,($A149='Thang 05-2026'!$A$3:$A$102)*($G149='Thang 05-2026'!$C$3:$C$102),0),14)=1,$B149="Triều Lên",INDEX('Thang 05-2026'!$A$3:$Q$102,MATCH(1,($A149='Thang 05-2026'!$A$3:$A$102)*($G149='Thang 05-2026'!$C$3:$C$102),0),15)=0),1,0))} -> 0 | F149: =D149+E149 -> 0 | G149: 22
A150: ĐPNM1 | B150: Triều Xuống | C150: 1 | D150: {=IF(AND(INDEX('Thang 05-2026'!$A$3:$Q$102,MATCH(1,($A150='Thang 05-2026'!$A$3:$A$102)*($G150='Thang 05-2026'!$C$3:$C$102),0),11)=1,$B150="Triều Xuống"),1,IF(AND(INDEX('Thang 05-2026'!$A$3:$Q$102,MATCH(1,($A150='Thang 05-2026'!$A$3:$A$102)*($G150='Thang 05-2026'!$C$3:$C$102),0),10)=1,$B150="Triều Lên",INDEX('Thang 05-2026'!$A$3:$Q$102,MATCH(1,($A150='Thang 05-2026'!$A$3:$A$102)*($G150='Thang 05-2026'!$C$3:$C$102),0),11)=0),1,0))} -> 0 | E150: {=IF(AND(INDEX('Thang 05-2026'!$A$3:$Q$102,MATCH(1,($A150='Thang 05-2026'!$A$3:$A$102)*($G150='Thang 05-2026'!$C$3:$C$102),0),15)=1,$B150="Triều Xuống"),1,IF(AND(INDEX('Thang 05-2026'!$A$3:$Q$102,MATCH(1,($A150='Thang 05-2026'!$A$3:$A$102)*($G150='Thang 05-2026'!$C$3:$C$102),0),14)=1,$B150="Triều Lên",INDEX('Thang 05-2026'!$A$3:$Q$102,MATCH(1,($A150='Thang 05-2026'!$A$3:$A$102)*($G150='Thang 05-2026'!$C$3:$C$102),0),15)=0),1,0))} -> 0 | F150: =D150+E150 -> 0 | G150: 22
A151: ĐPNM4 | B151: Triều Xuống | C151: 1 | D151: {=IF(AND(INDEX('Thang 05-2026'!$A$3:$Q$102,MATCH(1,($A151='Thang 05-2026'!$A$3:$A$102)*($G151='Thang 05-2026'!$C$3:$C$102),0),11)=1,$B151="Triều Xuống"),1,IF(AND(INDEX('Thang 05-2026'!$A$3:$Q$102,MATCH(1,($A151='Thang 05-2026'!$A$3:$A$102)*($G151='Thang 05-2026'!$C$3:$C$102),0),10)=1,$B151="Triều Lên",INDEX('Thang 05-2026'!$A$3:$Q$102,MATCH(1,($A151='Thang 05-2026'!$A$3:$A$102)*($G151='Thang 05-2026'!$C$3:$C$102),0),11)=0),1,0))} -> 0 | E151: {=IF(AND(INDEX('Thang 05-2026'!$A$3:$Q$102,MATCH(1,($A151='Thang 05-2026'!$A$3:$A$102)*($G151='Thang 05-2026'!$C$3:$C$102),0),15)=1,$B151="Triều Xuống"),1,IF(AND(INDEX('Thang 05-2026'!$A$3:$Q$102,MATCH(1,($A151='Thang 05-2026'!$A$3:$A$102)*($G151='Thang 05-2026'!$C$3:$C$102),0),14)=1,$B151="Triều Lên",INDEX('Thang 05-2026'!$A$3:$Q$102,MATCH(1,($A151='Thang 05-2026'!$A$3:$A$102)*($G151='Thang 05-2026'!$C$3:$C$102),0),15)=0),1,0))} -> 0 | F151: =D151+E151 -> 0 | G151: 22
A152: ĐPNM5 | B152: Triều Xuống | C152: 1 | D152: {=IF(AND(INDEX('Thang 05-2026'!$A$3:$Q$102,MATCH(1,($A152='Thang 05-2026'!$A$3:$A$102)*($G152='Thang 05-2026'!$C$3:$C$102),0),11)=1,$B152="Triều Xuống"),1,IF(AND(INDEX('Thang 05-2026'!$A$3:$Q$102,MATCH(1,($A152='Thang 05-2026'!$A$3:$A$102)*($G152='Thang 05-2026'!$C$3:$C$102),0),10)=1,$B152="Triều Lên",INDEX('Thang 05-2026'!$A$3:$Q$102,MATCH(1,($A152='Thang 05-2026'!$A$3:$A$102)*($G152='Thang 05-2026'!$C$3:$C$102),0),11)=0),1,0))} -> 0 | E152: {=IF(AND(INDEX('Thang 05-2026'!$A$3:$Q$102,MATCH(1,($A152='Thang 05-2026'!$A$3:$A$102)*($G152='Thang 05-2026'!$C$3:$C$102),0),15)=1,$B152="Triều Xuống"),1,IF(AND(INDEX('Thang 05-2026'!$A$3:$Q$102,MATCH(1,($A152='Thang 05-2026'!$A$3:$A$102)*($G152='Thang 05-2026'!$C$3:$C$102),0),14)=1,$B152="Triều Lên",INDEX('Thang 05-2026'!$A$3:$Q$102,MATCH(1,($A152='Thang 05-2026'!$A$3:$A$102)*($G152='Thang 05-2026'!$C$3:$C$102),0),15)=0),1,0))} -> 0 | F152: =D152+E152 -> 0 | G152: 22
A153: ĐPNM8 | B153: Triều Xuống | C153: 1 | D153: {=IF(AND(INDEX('Thang 05-2026'!$A$3:$Q$102,MATCH(1,($A153='Thang 05-2026'!$A$3:$A$102)*($G153='Thang 05-2026'!$C$3:$C$102),0),11)=1,$B153="Triều Xuống"),1,IF(AND(INDEX('Thang 05-2026'!$A$3:$Q$102,MATCH(1,($A153='Thang 05-2026'!$A$3:$A$102)*($G153='Thang 05-2026'!$C$3:$C$102),0),10)=1,$B153="Triều Lên",INDEX('Thang 05-2026'!$A$3:$Q$102,MATCH(1,($A153='Thang 05-2026'!$A$3:$A$102)*($G153='Thang 05-2026'!$C$3:$C$102),0),11)=0),1,0))} -> 0 | E153: {=IF(AND(INDEX('Thang 05-2026'!$A$3:$Q$102,MATCH(1,($A153='Thang 05-2026'!$A$3:$A$102)*($G153='Thang 05-2026'!$C$3:$C$102),0),15)=1,$B153="Triều Xuống"),1,IF(AND(INDEX('Thang 05-2026'!$A$3:$Q$102,MATCH(1,($A153='Thang 05-2026'!$A$3:$A$102)*($G153='Thang 05-2026'!$C$3:$C$102),0),14)=1,$B153="Triều Lên",INDEX('Thang 05-2026'!$A$3:$Q$102,MATCH(1,($A153='Thang 05-2026'!$A$3:$A$102)*($G153='Thang 05-2026'!$C$3:$C$102),0),15)=0),1,0))} -> 0 | F153: =D153+E153 -> 0 | G153: 22
A154: Cầu Gò Công | B154: Triều Lên | C154: 1 | D154: {=IF(AND(INDEX('Thang 05-2026'!$A$3:$Q$102,MATCH(1,($A154='Thang 05-2026'!$A$3:$A$102)*($G154='Thang 05-2026'!$C$3:$C$102),0),11)=1,$B154="Triều Xuống"),1,IF(AND(INDEX('Thang 05-2026'!$A$3:$Q$102,MATCH(1,($A154='Thang 05-2026'!$A$3:$A$102)*($G154='Thang 05-2026'!$C$3:$C$102),0),10)=1,$B154="Triều Lên",INDEX('Thang 05-2026'!$A$3:$Q$102,MATCH(1,($A154='Thang 05-2026'!$A$3:$A$102)*($G154='Thang 05-2026'!$C$3:$C$102),0),11)=0),1,0))} -> 0 | E154: {=IF(AND(INDEX('Thang 05-2026'!$A$3:$Q$102,MATCH(1,($A154='Thang 05-2026'!$A$3:$A$102)*($G154='Thang 05-2026'!$C$3:$C$102),0),15)=1,$B154="Triều Xuống"),1,IF(AND(INDEX('Thang 05-2026'!$A$3:$Q$102,MATCH(1,($A154='Thang 05-2026'!$A$3:$A$102)*($G154='Thang 05-2026'!$C$3:$C$102),0),14)=1,$B154="Triều Lên",INDEX('Thang 05-2026'!$A$3:$Q$102,MATCH(1,($A154='Thang 05-2026'!$A$3:$A$102)*($G154='Thang 05-2026'!$C$3:$C$102),0),15)=0),1,0))} -> 0 | F154: =D154+E154 -> 0 | G154: =INDEX('Thang 05-2026'!$A$3:$C$102,MATCH(A154,'Thang 05-2026'!$A$3:$A$102,0),3) -> 26
A155: Cầu Gò Công | B155: Triều Xuống | C155: 1 | D155: {=IF(AND(INDEX('Thang 05-2026'!$A$3:$Q$102,MATCH(1,($A155='Thang 05-2026'!$A$3:$A$102)*($G155='Thang 05-2026'!$C$3:$C$102),0),11)=1,$B155="Triều Xuống"),1,IF(AND(INDEX('Thang 05-2026'!$A$3:$Q$102,MATCH(1,($A155='Thang 05-2026'!$A$3:$A$102)*($G155='Thang 05-2026'!$C$3:$C$102),0),10)=1,$B155="Triều Lên",INDEX('Thang 05-2026'!$A$3:$Q$102,MATCH(1,($A155='Thang 05-2026'!$A$3:$A$102)*($G155='Thang 05-2026'!$C$3:$C$102),0),11)=0),1,0))} -> 0 | E155: {=IF(AND(INDEX('Thang 05-2026'!$A$3:$Q$102,MATCH(1,($A155='Thang 05-2026'!$A$3:$A$102)*($G155='Thang 05-2026'!$C$3:$C$102),0),15)=1,$B155="Triều Xuống"),1,IF(AND(INDEX('Thang 05-2026'!$A$3:$Q$102,MATCH(1,($A155='Thang 05-2026'!$A$3:$A$102)*($G155='Thang 05-2026'!$C$3:$C$102),0),14)=1,$B155="Triều Lên",INDEX('Thang 05-2026'!$A$3:$Q$102,MATCH(1,($A155='Thang 05-2026'!$A$3:$A$102)*($G155='Thang 05-2026'!$C$3:$C$102),0),15)=0),1,0))} -> 0 | F155: =D155+E155 -> 0 | G155: =INDEX('Thang 05-2026'!$A$3:$C$102,MATCH(A155,'Thang 05-2026'!$A$3:$A$102,0),3) -> 26
A156: Hồ Ngọc Lãm | B156: Triều Lên | C156: 1 | D156: {=IF(AND(INDEX('Thang 05-2026'!$A$3:$Q$102,MATCH(1,($A156='Thang 05-2026'!$A$3:$A$102)*($G156='Thang 05-2026'!$C$3:$C$102),0),11)=1,$B156="Triều Xuống"),1,IF(AND(INDEX('Thang 05-2026'!$A$3:$Q$102,MATCH(1,($A156='Thang 05-2026'!$A$3:$A$102)*($G156='Thang 05-2026'!$C$3:$C$102),0),10)=1,$B156="Triều Lên",INDEX('Thang 05-2026'!$A$3:$Q$102,MATCH(1,($A156='Thang 05-2026'!$A$3:$A$102)*($G156='Thang 05-2026'!$C$3:$C$102),0),11)=0),1,0))} -> 0 | E156: {=IF(AND(INDEX('Thang 05-2026'!$A$3:$Q$102,MATCH(1,($A156='Thang 05-2026'!$A$3:$A$102)*($G156='Thang 05-2026'!$C$3:$C$102),0),15)=1,$B156="Triều Xuống"),1,IF(AND(INDEX('Thang 05-2026'!$A$3:$Q$102,MATCH(1,($A156='Thang 05-2026'!$A$3:$A$102)*($G156='Thang 05-2026'!$C$3:$C$102),0),14)=1,$B156="Triều Lên",INDEX('Thang 05-2026'!$A$3:$Q$102,MATCH(1,($A156='Thang 05-2026'!$A$3:$A$102)*($G156='Thang 05-2026'!$C$3:$C$102),0),15)=0),1,0))} -> 0 | F156: =D156+E156 -> 0 | G156: =INDEX('Thang 05-2026'!$A$3:$C$102,MATCH(A156,'Thang 05-2026'!$A$3:$A$102,0),3) -> 27
A157: Bình Ðiền | B157: Triều Lên | C157: 1 | D157: {=IF(AND(INDEX('Thang 05-2026'!$A$3:$Q$102,MATCH(1,($A157='Thang 05-2026'!$A$3:$A$102)*($G157='Thang 05-2026'!$C$3:$C$102),0),11)=1,$B157="Triều Xuống"),1,IF(AND(INDEX('Thang 05-2026'!$A$3:$Q$102,MATCH(1,($A157='Thang 05-2026'!$A$3:$A$102)*($G157='Thang 05-2026'!$C$3:$C$102),0),10)=1,$B157="Triều Lên",INDEX('Thang 05-2026'!$A$3:$Q$102,MATCH(1,($A157='Thang 05-2026'!$A$3:$A$102)*($G157='Thang 05-2026'!$C$3:$C$102),0),11)=0),1,0))} -> 0 | E157: {=IF(AND(INDEX('Thang 05-2026'!$A$3:$Q$102,MATCH(1,($A157='Thang 05-2026'!$A$3:$A$102)*($G157='Thang 05-2026'!$C$3:$C$102),0),15)=1,$B157="Triều Xuống"),1,IF(AND(INDEX('Thang 05-2026'!$A$3:$Q$102,MATCH(1,($A157='Thang 05-2026'!$A$3:$A$102)*($G157='Thang 05-2026'!$C$3:$C$102),0),14)=1,$B157="Triều Lên",INDEX('Thang 05-2026'!$A$3:$Q$102,MATCH(1,($A157='Thang 05-2026'!$A$3:$A$102)*($G157='Thang 05-2026'!$C$3:$C$102),0),15)=0),1,0))} -> 0 | F157: =D157+E157 -> 0 | G157: =INDEX('Thang 05-2026'!$A$3:$C$102,MATCH(A157,'Thang 05-2026'!$A$3:$A$102,0),3) -> 27
A158: Chợ Đệm | B158: Triều Lên | C158: 1 | D158: {=IF(AND(INDEX('Thang 05-2026'!$A$3:$Q$102,MATCH(1,($A158='Thang 05-2026'!$A$3:$A$102)*($G158='Thang 05-2026'!$C$3:$C$102),0),11)=1,$B158="Triều Xuống"),1,IF(AND(INDEX('Thang 05-2026'!$A$3:$Q$102,MATCH(1,($A158='Thang 05-2026'!$A$3:$A$102)*($G158='Thang 05-2026'!$C$3:$C$102),0),10)=1,$B158="Triều Lên",INDEX('Thang 05-2026'!$A$3:$Q$102,MATCH(1,($A158='Thang 05-2026'!$A$3:$A$102)*($G158='Thang 05-2026'!$C$3:$C$102),0),11)=0),1,0))} -> 0 | E158: {=IF(AND(INDEX('Thang 05-2026'!$A$3:$Q$102,MATCH(1,($A158='Thang 05-2026'!$A$3:$A$102)*($G158='Thang 05-2026'!$C$3:$C$102),0),15)=1,$B158="Triều Xuống"),1,IF(AND(INDEX('Thang 05-2026'!$A$3:$Q$102,MATCH(1,($A158='Thang 05-2026'!$A$3:$A$102)*($G158='Thang 05-2026'!$C$3:$C$102),0),14)=1,$B158="Triều Lên",INDEX('Thang 05-2026'!$A$3:$Q$102,MATCH(1,($A158='Thang 05-2026'!$A$3:$A$102)*($G158='Thang 05-2026'!$C$3:$C$102),0),15)=0),1,0))} -> 0 | F158: =D158+E158 -> 0 | G158: =INDEX('Thang 05-2026'!$A$3:$C$102,MATCH(A158,'Thang 05-2026'!$A$3:$A$102,0),3) -> 27
A159: Hồ Ngọc Lãm | B159: Triều Xuống | C159: 1 | D159: {=IF(AND(INDEX('Thang 05-2026'!$A$3:$Q$102,MATCH(1,($A159='Thang 05-2026'!$A$3:$A$102)*($G159='Thang 05-2026'!$C$3:$C$102),0),11)=1,$B159="Triều Xuống"),1,IF(AND(INDEX('Thang 05-2026'!$A$3:$Q$102,MATCH(1,($A159='Thang 05-2026'!$A$3:$A$102)*($G159='Thang 05-2026'!$C$3:$C$102),0),10)=1,$B159="Triều Lên",INDEX('Thang 05-2026'!$A$3:$Q$102,MATCH(1,($A159='Thang 05-2026'!$A$3:$A$102)*($G159='Thang 05-2026'!$C$3:$C$102),0),11)=0),1,0))} -> 0 | E159: {=IF(AND(INDEX('Thang 05-2026'!$A$3:$Q$102,MATCH(1,($A159='Thang 05-2026'!$A$3:$A$102)*($G159='Thang 05-2026'!$C$3:$C$102),0),15)=1,$B159="Triều Xuống"),1,IF(AND(INDEX('Thang 05-2026'!$A$3:$Q$102,MATCH(1,($A159='Thang 05-2026'!$A$3:$A$102)*($G159='Thang 05-2026'!$C$3:$C$102),0),14)=1,$B159="Triều Lên",INDEX('Thang 05-2026'!$A$3:$Q$102,MATCH(1,($A159='Thang 05-2026'!$A$3:$A$102)*($G159='Thang 05-2026'!$C$3:$C$102),0),15)=0),1,0))} -> 0 | F159: =D159+E159 -> 0 | G159: =INDEX('Thang 05-2026'!$A$3:$C$102,MATCH(A159,'Thang 05-2026'!$A$3:$A$102,0),3) -> 27
A160: Bình Ðiền | B160: Triều Xuống | C160: 1 | D160: {=IF(AND(INDEX('Thang 05-2026'!$A$3:$Q$102,MATCH(1,($A160='Thang 05-2026'!$A$3:$A$102)*($G160='Thang 05-2026'!$C$3:$C$102),0),11)=1,$B160="Triều Xuống"),1,IF(AND(INDEX('Thang 05-2026'!$A$3:$Q$102,MATCH(1,($A160='Thang 05-2026'!$A$3:$A$102)*($G160='Thang 05-2026'!$C$3:$C$102),0),10)=1,$B160="Triều Lên",INDEX('Thang 05-2026'!$A$3:$Q$102,MATCH(1,($A160='Thang 05-2026'!$A$3:$A$102)*($G160='Thang 05-2026'!$C$3:$C$102),0),11)=0),1,0))} -> 0 | E160: {=IF(AND(INDEX('Thang 05-2026'!$A$3:$Q$102,MATCH(1,($A160='Thang 05-2026'!$A$3:$A$102)*($G160='Thang 05-2026'!$C$3:$C$102),0),15)=1,$B160="Triều Xuống"),1,IF(AND(INDEX('Thang 05-2026'!$A$3:$Q$102,MATCH(1,($A160='Thang 05-2026'!$A$3:$A$102)*($G160='Thang 05-2026'!$C$3:$C$102),0),14)=1,$B160="Triều Lên",INDEX('Thang 05-2026'!$A$3:$Q$102,MATCH(1,($A160='Thang 05-2026'!$A$3:$A$102)*($G160='Thang 05-2026'!$C$3:$C$102),0),15)=0),1,0))} -> 0 | F160: =D160+E160 -> 0 | G160: =INDEX('Thang 05-2026'!$A$3:$C$102,MATCH(A160,'Thang 05-2026'!$A$3:$A$102,0),3) -> 27
A161: Chợ Đệm | B161: Triều Xuống | C161: 1 | D161: {=IF(AND(INDEX('Thang 05-2026'!$A$3:$Q$102,MATCH(1,($A161='Thang 05-2026'!$A$3:$A$102)*($G161='Thang 05-2026'!$C$3:$C$102),0),11)=1,$B161="Triều Xuống"),1,IF(AND(INDEX('Thang 05-2026'!$A$3:$Q$102,MATCH(1,($A161='Thang 05-2026'!$A$3:$A$102)*($G161='Thang 05-2026'!$C$3:$C$102),0),10)=1,$B161="Triều Lên",INDEX('Thang 05-2026'!$A$3:$Q$102,MATCH(1,($A161='Thang 05-2026'!$A$3:$A$102)*($G161='Thang 05-2026'!$C$3:$C$102),0),11)=0),1,0))} -> 0 | E161: {=IF(AND(INDEX('Thang 05-2026'!$A$3:$Q$102,MATCH(1,($A161='Thang 05-2026'!$A$3:$A$102)*($G161='Thang 05-2026'!$C$3:$C$102),0),15)=1,$B161="Triều Xuống"),1,IF(AND(INDEX('Thang 05-2026'!$A$3:$Q$102,MATCH(1,($A161='Thang 05-2026'!$A$3:$A$102)*($G161='Thang 05-2026'!$C$3:$C$102),0),14)=1,$B161="Triều Lên",INDEX('Thang 05-2026'!$A$3:$Q$102,MATCH(1,($A161='Thang 05-2026'!$A$3:$A$102)*($G161='Thang 05-2026'!$C$3:$C$102),0),15)=0),1,0))} -> 0 | F161: =D161+E161 -> 0 | G161: =INDEX('Thang 05-2026'!$A$3:$C$102,MATCH(A161,'Thang 05-2026'!$A$3:$A$102,0),3) -> 27
A162: TBNM15 | B162: Triều Lên | C162: 1 | D162: {=IF(AND(INDEX('Thang 05-2026'!$A$3:$Q$102,MATCH(1,($A162='Thang 05-2026'!$A$3:$A$102)*($G162='Thang 05-2026'!$C$3:$C$102),0),11)=1,$B162="Triều Xuống"),1,IF(AND(INDEX('Thang 05-2026'!$A$3:$Q$102,MATCH(1,($A162='Thang 05-2026'!$A$3:$A$102)*($G162='Thang 05-2026'!$C$3:$C$102),0),10)=1,$B162="Triều Lên",INDEX('Thang 05-2026'!$A$3:$Q$102,MATCH(1,($A162='Thang 05-2026'!$A$3:$A$102)*($G162='Thang 05-2026'!$C$3:$C$102),0),11)=0),1,0))} -> 0 | E162: {=IF(AND(INDEX('Thang 05-2026'!$A$3:$Q$102,MATCH(1,($A162='Thang 05-2026'!$A$3:$A$102)*($G162='Thang 05-2026'!$C$3:$C$102),0),15)=1,$B162="Triều Xuống"),1,IF(AND(INDEX('Thang 05-2026'!$A$3:$Q$102,MATCH(1,($A162='Thang 05-2026'!$A$3:$A$102)*($G162='Thang 05-2026'!$C$3:$C$102),0),14)=1,$B162="Triều Lên",INDEX('Thang 05-2026'!$A$3:$Q$102,MATCH(1,($A162='Thang 05-2026'!$A$3:$A$102)*($G162='Thang 05-2026'!$C$3:$C$102),0),15)=0),1,0))} -> 0 | F162: =D162+E162 -> 0 | G162: 28
A163: TBNM5 | B163: Triều Lên | C163: 1 | D163: {=IF(AND(INDEX('Thang 05-2026'!$A$3:$Q$102,MATCH(1,($A163='Thang 05-2026'!$A$3:$A$102)*($G163='Thang 05-2026'!$C$3:$C$102),0),11)=1,$B163="Triều Xuống"),1,IF(AND(INDEX('Thang 05-2026'!$A$3:$Q$102,MATCH(1,($A163='Thang 05-2026'!$A$3:$A$102)*($G163='Thang 05-2026'!$C$3:$C$102),0),10)=1,$B163="Triều Lên",INDEX('Thang 05-2026'!$A$3:$Q$102,MATCH(1,($A163='Thang 05-2026'!$A$3:$A$102)*($G163='Thang 05-2026'!$C$3:$C$102),0),11)=0),1,0))} -> 0 | E163: {=IF(AND(INDEX('Thang 05-2026'!$A$3:$Q$102,MATCH(1,($A163='Thang 05-2026'!$A$3:$A$102)*($G163='Thang 05-2026'!$C$3:$C$102),0),15)=1,$B163="Triều Xuống"),1,IF(AND(INDEX('Thang 05-2026'!$A$3:$Q$102,MATCH(1,($A163='Thang 05-2026'!$A$3:$A$102)*($G163='Thang 05-2026'!$C$3:$C$102),0),14)=1,$B163="Triều Lên",INDEX('Thang 05-2026'!$A$3:$Q$102,MATCH(1,($A163='Thang 05-2026'!$A$3:$A$102)*($G163='Thang 05-2026'!$C$3:$C$102),0),15)=0),1,0))} -> 0 | F163: =D163+E163 -> 0 | G163: 28
A164: TBNM14 | B164: Triều Lên | C164: 1 | D164: {=IF(AND(INDEX('Thang 05-2026'!$A$3:$Q$102,MATCH(1,($A164='Thang 05-2026'!$A$3:$A$102)*($G164='Thang 05-2026'!$C$3:$C$102),0),11)=1,$B164="Triều Xuống"),1,IF(AND(INDEX('Thang 05-2026'!$A$3:$Q$102,MATCH(1,($A164='Thang 05-2026'!$A$3:$A$102)*($G164='Thang 05-2026'!$C$3:$C$102),0),10)=1,$B164="Triều Lên",INDEX('Thang 05-2026'!$A$3:$Q$102,MATCH(1,($A164='Thang 05-2026'!$A$3:$A$102)*($G164='Thang 05-2026'!$C$3:$C$102),0),11)=0),1,0))} -> 0 | E164: {=IF(AND(INDEX('Thang 05-2026'!$A$3:$Q$102,MATCH(1,($A164='Thang 05-2026'!$A$3:$A$102)*($G164='Thang 05-2026'!$C$3:$C$102),0),15)=1,$B164="Triều Xuống"),1,IF(AND(INDEX('Thang 05-2026'!$A$3:$Q$102,MATCH(1,($A164='Thang 05-2026'!$A$3:$A$102)*($G164='Thang 05-2026'!$C$3:$C$102),0),14)=1,$B164="Triều Lên",INDEX('Thang 05-2026'!$A$3:$Q$102,MATCH(1,($A164='Thang 05-2026'!$A$3:$A$102)*($G164='Thang 05-2026'!$C$3:$C$102),0),15)=0),1,0))} -> 0 | F164: =D164+E164 -> 0 | G164: 28
A165: TBNM9 | B165: Triều Lên | C165: 1 | D165: {=IF(AND(INDEX('Thang 05-2026'!$A$3:$Q$102,MATCH(1,($A165='Thang 05-2026'!$A$3:$A$102)*($G165='Thang 05-2026'!$C$3:$C$102),0),11)=1,$B165="Triều Xuống"),1,IF(AND(INDEX('Thang 05-2026'!$A$3:$Q$102,MATCH(1,($A165='Thang 05-2026'!$A$3:$A$102)*($G165='Thang 05-2026'!$C$3:$C$102),0),10)=1,$B165="Triều Lên",INDEX('Thang 05-2026'!$A$3:$Q$102,MATCH(1,($A165='Thang 05-2026'!$A$3:$A$102)*($G165='Thang 05-2026'!$C$3:$C$102),0),11)=0),1,0))} -> 1 | E165: {=IF(AND(INDEX('Thang 05-2026'!$A$3:$Q$102,MATCH(1,($A165='Thang 05-2026'!$A$3:$A$102)*($G165='Thang 05-2026'!$C$3:$C$102),0),15)=1,$B165="Triều Xuống"),1,IF(AND(INDEX('Thang 05-2026'!$A$3:$Q$102,MATCH(1,($A165='Thang 05-2026'!$A$3:$A$102)*($G165='Thang 05-2026'!$C$3:$C$102),0),14)=1,$B165="Triều Lên",INDEX('Thang 05-2026'!$A$3:$Q$102,MATCH(1,($A165='Thang 05-2026'!$A$3:$A$102)*($G165='Thang 05-2026'!$C$3:$C$102),0),15)=0),1,0))} -> 0 | F165: =D165+E165 -> 1 | G165: 28
A166: TBNM11 | B166: Triều Lên | C166: 1 | D166: {=IF(AND(INDEX('Thang 05-2026'!$A$3:$Q$102,MATCH(1,($A166='Thang 05-2026'!$A$3:$A$102)*($G166='Thang 05-2026'!$C$3:$C$102),0),11)=1,$B166="Triều Xuống"),1,IF(AND(INDEX('Thang 05-2026'!$A$3:$Q$102,MATCH(1,($A166='Thang 05-2026'!$A$3:$A$102)*($G166='Thang 05-2026'!$C$3:$C$102),0),10)=1,$B166="Triều Lên",INDEX('Thang 05-2026'!$A$3:$Q$102,MATCH(1,($A166='Thang 05-2026'!$A$3:$A$102)*($G166='Thang 05-2026'!$C$3:$C$102),0),11)=0),1,0))} -> 0 | E166: {=IF(AND(INDEX('Thang 05-2026'!$A$3:$Q$102,MATCH(1,($A166='Thang 05-2026'!$A$3:$A$102)*($G166='Thang 05-2026'!$C$3:$C$102),0),15)=1,$B166="Triều Xuống"),1,IF(AND(INDEX('Thang 05-2026'!$A$3:$Q$102,MATCH(1,($A166='Thang 05-2026'!$A$3:$A$102)*($G166='Thang 05-2026'!$C$3:$C$102),0),14)=1,$B166="Triều Lên",INDEX('Thang 05-2026'!$A$3:$Q$102,MATCH(1,($A166='Thang 05-2026'!$A$3:$A$102)*($G166='Thang 05-2026'!$C$3:$C$102),0),15)=0),1,0))} -> 0 | F166: =D166+E166 -> 0 | G166: 28
A167: TBNM1 | B167: Triều Lên | C167: 1 | D167: {=IF(AND(INDEX('Thang 05-2026'!$A$3:$Q$102,MATCH(1,($A167='Thang 05-2026'!$A$3:$A$102)*($G167='Thang 05-2026'!$C$3:$C$102),0),11)=1,$B167="Triều Xuống"),1,IF(AND(INDEX('Thang 05-2026'!$A$3:$Q$102,MATCH(1,($A167='Thang 05-2026'!$A$3:$A$102)*($G167='Thang 05-2026'!$C$3:$C$102),0),10)=1,$B167="Triều Lên",INDEX('Thang 05-2026'!$A$3:$Q$102,MATCH(1,($A167='Thang 05-2026'!$A$3:$A$102)*($G167='Thang 05-2026'!$C$3:$C$102),0),11)=0),1,0))} -> 0 | E167: {=IF(AND(INDEX('Thang 05-2026'!$A$3:$Q$102,MATCH(1,($A167='Thang 05-2026'!$A$3:$A$102)*($G167='Thang 05-2026'!$C$3:$C$102),0),15)=1,$B167="Triều Xuống"),1,IF(AND(INDEX('Thang 05-2026'!$A$3:$Q$102,MATCH(1,($A167='Thang 05-2026'!$A$3:$A$102)*($G167='Thang 05-2026'!$C$3:$C$102),0),14)=1,$B167="Triều Lên",INDEX('Thang 05-2026'!$A$3:$Q$102,MATCH(1,($A167='Thang 05-2026'!$A$3:$A$102)*($G167='Thang 05-2026'!$C$3:$C$102),0),15)=0),1,0))} -> 0 | F167: =D167+E167 -> 0 | G167: 28
A168: TBNM15 | B168: Triều Xuống | C168: 1 | D168: {=IF(AND(INDEX('Thang 05-2026'!$A$3:$Q$102,MATCH(1,($A168='Thang 05-2026'!$A$3:$A$102)*($G168='Thang 05-2026'!$C$3:$C$102),0),11)=1,$B168="Triều Xuống"),1,IF(AND(INDEX('Thang 05-2026'!$A$3:$Q$102,MATCH(1,($A168='Thang 05-2026'!$A$3:$A$102)*($G168='Thang 05-2026'!$C$3:$C$102),0),10)=1,$B168="Triều Lên",INDEX('Thang 05-2026'!$A$3:$Q$102,MATCH(1,($A168='Thang 05-2026'!$A$3:$A$102)*($G168='Thang 05-2026'!$C$3:$C$102),0),11)=0),1,0))} -> 0 | E168: {=IF(AND(INDEX('Thang 05-2026'!$A$3:$Q$102,MATCH(1,($A168='Thang 05-2026'!$A$3:$A$102)*($G168='Thang 05-2026'!$C$3:$C$102),0),15)=1,$B168="Triều Xuống"),1,IF(AND(INDEX('Thang 05-2026'!$A$3:$Q$102,MATCH(1,($A168='Thang 05-2026'!$A$3:$A$102)*($G168='Thang 05-2026'!$C$3:$C$102),0),14)=1,$B168="Triều Lên",INDEX('Thang 05-2026'!$A$3:$Q$102,MATCH(1,($A168='Thang 05-2026'!$A$3:$A$102)*($G168='Thang 05-2026'!$C$3:$C$102),0),15)=0),1,0))} -> 1 | F168: =D168+E168 -> 1 | G168: 28
A169: TBNM5 | B169: Triều Xuống | C169: 1 | D169: {=IF(AND(INDEX('Thang 05-2026'!$A$3:$Q$102,MATCH(1,($A169='Thang 05-2026'!$A$3:$A$102)*($G169='Thang 05-2026'!$C$3:$C$102),0),11)=1,$B169="Triều Xuống"),1,IF(AND(INDEX('Thang 05-2026'!$A$3:$Q$102,MATCH(1,($A169='Thang 05-2026'!$A$3:$A$102)*($G169='Thang 05-2026'!$C$3:$C$102),0),10)=1,$B169="Triều Lên",INDEX('Thang 05-2026'!$A$3:$Q$102,MATCH(1,($A169='Thang 05-2026'!$A$3:$A$102)*($G169='Thang 05-2026'!$C$3:$C$102),0),11)=0),1,0))} -> 0 | E169: {=IF(AND(INDEX('Thang 05-2026'!$A$3:$Q$102,MATCH(1,($A169='Thang 05-2026'!$A$3:$A$102)*($G169='Thang 05-2026'!$C$3:$C$102),0),15)=1,$B169="Triều Xuống"),1,IF(AND(INDEX('Thang 05-2026'!$A$3:$Q$102,MATCH(1,($A169='Thang 05-2026'!$A$3:$A$102)*($G169='Thang 05-2026'!$C$3:$C$102),0),14)=1,$B169="Triều Lên",INDEX('Thang 05-2026'!$A$3:$Q$102,MATCH(1,($A169='Thang 05-2026'!$A$3:$A$102)*($G169='Thang 05-2026'!$C$3:$C$102),0),15)=0),1,0))} -> 0 | F169: =D169+E169 -> 0 | G169: 28
A170: TBNM14 | B170: Triều Xuống | C170: 1 | D170: {=IF(AND(INDEX('Thang 05-2026'!$A$3:$Q$102,MATCH(1,($A170='Thang 05-2026'!$A$3:$A$102)*($G170='Thang 05-2026'!$C$3:$C$102),0),11)=1,$B170="Triều Xuống"),1,IF(AND(INDEX('Thang 05-2026'!$A$3:$Q$102,MATCH(1,($A170='Thang 05-2026'!$A$3:$A$102)*($G170='Thang 05-2026'!$C$3:$C$102),0),10)=1,$B170="Triều Lên",INDEX('Thang 05-2026'!$A$3:$Q$102,MATCH(1,($A170='Thang 05-2026'!$A$3:$A$102)*($G170='Thang 05-2026'!$C$3:$C$102),0),11)=0),1,0))} -> 0 | E170: {=IF(AND(INDEX('Thang 05-2026'!$A$3:$Q$102,MATCH(1,($A170='Thang 05-2026'!$A$3:$A$102)*($G170='Thang 05-2026'!$C$3:$C$102),0),15)=1,$B170="Triều Xuống"),1,IF(AND(INDEX('Thang 05-2026'!$A$3:$Q$102,MATCH(1,($A170='Thang 05-2026'!$A$3:$A$102)*($G170='Thang 05-2026'!$C$3:$C$102),0),14)=1,$B170="Triều Lên",INDEX('Thang 05-2026'!$A$3:$Q$102,MATCH(1,($A170='Thang 05-2026'!$A$3:$A$102)*($G170='Thang 05-2026'!$C$3:$C$102),0),15)=0),1,0))} -> 0 | F170: =D170+E170 -> 0 | G170: 28
A171: TBNM9 | B171: Triều Xuống | C171: 1 | D171: {=IF(AND(INDEX('Thang 05-2026'!$A$3:$Q$102,MATCH(1,($A171='Thang 05-2026'!$A$3:$A$102)*($G171='Thang 05-2026'!$C$3:$C$102),0),11)=1,$B171="Triều Xuống"),1,IF(AND(INDEX('Thang 05-2026'!$A$3:$Q$102,MATCH(1,($A171='Thang 05-2026'!$A$3:$A$102)*($G171='Thang 05-2026'!$C$3:$C$102),0),10)=1,$B171="Triều Lên",INDEX('Thang 05-2026'!$A$3:$Q$102,MATCH(1,($A171='Thang 05-2026'!$A$3:$A$102)*($G171='Thang 05-2026'!$C$3:$C$102),0),11)=0),1,0))} -> 0 | E171: {=IF(AND(INDEX('Thang 05-2026'!$A$3:$Q$102,MATCH(1,($A171='Thang 05-2026'!$A$3:$A$102)*($G171='Thang 05-2026'!$C$3:$C$102),0),15)=1,$B171="Triều Xuống"),1,IF(AND(INDEX('Thang 05-2026'!$A$3:$Q$102,MATCH(1,($A171='Thang 05-2026'!$A$3:$A$102)*($G171='Thang 05-2026'!$C$3:$C$102),0),14)=1,$B171="Triều Lên",INDEX('Thang 05-2026'!$A$3:$Q$102,MATCH(1,($A171='Thang 05-2026'!$A$3:$A$102)*($G171='Thang 05-2026'!$C$3:$C$102),0),15)=0),1,0))} -> 0 | F171: =D171+E171 -> 0 | G171: 28
A172: TBNM11 | B172: Triều Xuống | C172: 1 | D172: {=IF(AND(INDEX('Thang 05-2026'!$A$3:$Q$102,MATCH(1,($A172='Thang 05-2026'!$A$3:$A$102)*($G172='Thang 05-2026'!$C$3:$C$102),0),11)=1,$B172="Triều Xuống"),1,IF(AND(INDEX('Thang 05-2026'!$A$3:$Q$102,MATCH(1,($A172='Thang 05-2026'!$A$3:$A$102)*($G172='Thang 05-2026'!$C$3:$C$102),0),10)=1,$B172="Triều Lên",INDEX('Thang 05-2026'!$A$3:$Q$102,MATCH(1,($A172='Thang 05-2026'!$A$3:$A$102)*($G172='Thang 05-2026'!$C$3:$C$102),0),11)=0),1,0))} -> 0 | E172: {=IF(AND(INDEX('Thang 05-2026'!$A$3:$Q$102,MATCH(1,($A172='Thang 05-2026'!$A$3:$A$102)*($G172='Thang 05-2026'!$C$3:$C$102),0),15)=1,$B172="Triều Xuống"),1,IF(AND(INDEX('Thang 05-2026'!$A$3:$Q$102,MATCH(1,($A172='Thang 05-2026'!$A$3:$A$102)*($G172='Thang 05-2026'!$C$3:$C$102),0),14)=1,$B172="Triều Lên",INDEX('Thang 05-2026'!$A$3:$Q$102,MATCH(1,($A172='Thang 05-2026'!$A$3:$A$102)*($G172='Thang 05-2026'!$C$3:$C$102),0),15)=0),1,0))} -> 0 | F172: =D172+E172 -> 0 | G172: 28
A173: TBNM1 | B173: Triều Xuống | C173: 1 | D173: {=IF(AND(INDEX('Thang 05-2026'!$A$3:$Q$102,MATCH(1,($A173='Thang 05-2026'!$A$3:$A$102)*($G173='Thang 05-2026'!$C$3:$C$102),0),11)=1,$B173="Triều Xuống"),1,IF(AND(INDEX('Thang 05-2026'!$A$3:$Q$102,MATCH(1,($A173='Thang 05-2026'!$A$3:$A$102)*($G173='Thang 05-2026'!$C$3:$C$102),0),10)=1,$B173="Triều Lên",INDEX('Thang 05-2026'!$A$3:$Q$102,MATCH(1,($A173='Thang 05-2026'!$A$3:$A$102)*($G173='Thang 05-2026'!$C$3:$C$102),0),11)=0),1,0))} -> 0 | E173: {=IF(AND(INDEX('Thang 05-2026'!$A$3:$Q$102,MATCH(1,($A173='Thang 05-2026'!$A$3:$A$102)*($G173='Thang 05-2026'!$C$3:$C$102),0),15)=1,$B173="Triều Xuống"),1,IF(AND(INDEX('Thang 05-2026'!$A$3:$Q$102,MATCH(1,($A173='Thang 05-2026'!$A$3:$A$102)*($G173='Thang 05-2026'!$C$3:$C$102),0),14)=1,$B173="Triều Lên",INDEX('Thang 05-2026'!$A$3:$Q$102,MATCH(1,($A173='Thang 05-2026'!$A$3:$A$102)*($G173='Thang 05-2026'!$C$3:$C$102),0),15)=0),1,0))} -> 0 | F173: =D173+E173 -> 0 | G173: 28

Sheet CS3_OLD
A1: Nơi thực hiện | B1: Vị trí quan trắc | C1: Số lượng mẫu | D1: Số lượng mẫu QC lặp | E1: Số lượng mẫu QC trắng | F1: Số lượng mẫu QC | G1: Ngày
A2: Lòng Tàu 1 | B2: Triều Lên | C2: 1 | D2: {=IF(AND(INDEX('Thang 05-2026'!$A$3:$Q$102,MATCH(1,($A2='Thang 05-2026'!$A$3:$A$102)*($G2='Thang 05-2026'!$C$3:$C$102),0),11)=1,$B2="Triều Xuống"),1,IF(AND(INDEX('Thang 05-2026'!$A$3:$Q$102,MATCH(1,($A2='Thang 05-2026'!$A$3:$A$102)*($G2='Thang 05-2026'!$C$3:$C$102),0),10)=1,$B2="Triều Lên",INDEX('Thang 05-2026'!$A$3:$Q$102,MATCH(1,($A2='Thang 05-2026'!$A$3:$A$102)*($G2='Thang 05-2026'!$C$3:$C$102),0),11)=0),1,0))} -> 0 | E2: {=IF(AND(INDEX('Thang 05-2026'!$A$3:$Q$102,MATCH(1,($A2='Thang 05-2026'!$A$3:$A$102)*($G2='Thang 05-2026'!$C$3:$C$102),0),15)=1,$B2="Triều Xuống"),1,IF(AND(INDEX('Thang 05-2026'!$A$3:$Q$102,MATCH(1,($A2='Thang 05-2026'!$A$3:$A$102)*($G2='Thang 05-2026'!$C$3:$C$102),0),14)=1,$B2="Triều Lên",INDEX('Thang 05-2026'!$A$3:$Q$102,MATCH(1,($A2='Thang 05-2026'!$A$3:$A$102)*($G2='Thang 05-2026'!$C$3:$C$102),0),15)=0),1,0))} -> 0 | F2: =D2+E2 -> 0 | G2: =INDEX('Thang 05-2026'!$A$3:$C$102,MATCH(A2,'Thang 05-2026'!$A$3:$A$102,0),3) -> 25
A3: Lòng Tàu | B3: Triều Lên | C3: 1 | D3: {=IF(AND(INDEX('Thang 05-2026'!$A$3:$Q$102,MATCH(1,($A3='Thang 05-2026'!$A$3:$A$102)*($G3='Thang 05-2026'!$C$3:$C$102),0),11)=1,$B3="Triều Xuống"),1,IF(AND(INDEX('Thang 05-2026'!$A$3:$Q$102,MATCH(1,($A3='Thang 05-2026'!$A$3:$A$102)*($G3='Thang 05-2026'!$C$3:$C$102),0),10)=1,$B3="Triều Lên",INDEX('Thang 05-2026'!$A$3:$Q$102,MATCH(1,($A3='Thang 05-2026'!$A$3:$A$102)*($G3='Thang 05-2026'!$C$3:$C$102),0),11)=0),1,0))} -> 0 | E3: {=IF(AND(INDEX('Thang 05-2026'!$A$3:$Q$102,MATCH(1,($A3='Thang 05-2026'!$A$3:$A$102)*($G3='Thang 05-2026'!$C$3:$C$102),0),15)=1,$B3="Triều Xuống"),1,IF(AND(INDEX('Thang 05-2026'!$A$3:$Q$102,MATCH(1,($A3='Thang 05-2026'!$A$3:$A$102)*($G3='Thang 05-2026'!$C$3:$C$102),0),14)=1,$B3="Triều Lên",INDEX('Thang 05-2026'!$A$3:$Q$102,MATCH(1,($A3='Thang 05-2026'!$A$3:$A$102)*($G3='Thang 05-2026'!$C$3:$C$102),0),15)=0),1,0))} -> 0 | F3: =D3+E3 -> 0 | G3: =INDEX('Thang 05-2026'!$A$3:$C$102,MATCH(A3,'Thang 05-2026'!$A$3:$A$102,0),3) -> 25
A4: Tam Thôn Hiệp | B4: Triều Lên | C4: 1 | D4: {=IF(AND(INDEX('Thang 05-2026'!$A$3:$Q$102,MATCH(1,($A4='Thang 05-2026'!$A$3:$A$102)*($G4='Thang 05-2026'!$C$3:$C$102),0),11)=1,$B4="Triều Xuống"),1,IF(AND(INDEX('Thang 05-2026'!$A$3:$Q$102,MATCH(1,($A4='Thang 05-2026'!$A$3:$A$102)*($G4='Thang 05-2026'!$C$3:$C$102),0),10)=1,$B4="Triều Lên",INDEX('Thang 05-2026'!$A$3:$Q$102,MATCH(1,($A4='Thang 05-2026'!$A$3:$A$102)*($G4='Thang 05-2026'!$C$3:$C$102),0),11)=0),1,0))} -> 0 | E4: {=IF(AND(INDEX('Thang 05-2026'!$A$3:$Q$102,MATCH(1,($A4='Thang 05-2026'!$A$3:$A$102)*($G4='Thang 05-2026'!$C$3:$C$102),0),15)=1,$B4="Triều Xuống"),1,IF(AND(INDEX('Thang 05-2026'!$A$3:$Q$102,MATCH(1,($A4='Thang 05-2026'!$A$3:$A$102)*($G4='Thang 05-2026'!$C$3:$C$102),0),14)=1,$B4="Triều Lên",INDEX('Thang 05-2026'!$A$3:$Q$102,MATCH(1,($A4='Thang 05-2026'!$A$3:$A$102)*($G4='Thang 05-2026'!$C$3:$C$102),0),15)=0),1,0))} -> 0 | F4: =D4+E4 -> 0 | G4: =INDEX('Thang 05-2026'!$A$3:$C$102,MATCH(A4,'Thang 05-2026'!$A$3:$A$102,0),3) -> 25
A5: Đồng Tranh 1 | B5: Triều Lên | C5: 1 | D5: {=IF(AND(INDEX('Thang 05-2026'!$A$3:$Q$102,MATCH(1,($A5='Thang 05-2026'!$A$3:$A$102)*($G5='Thang 05-2026'!$C$3:$C$102),0),11)=1,$B5="Triều Xuống"),1,IF(AND(INDEX('Thang 05-2026'!$A$3:$Q$102,MATCH(1,($A5='Thang 05-2026'!$A$3:$A$102)*($G5='Thang 05-2026'!$C$3:$C$102),0),10)=1,$B5="Triều Lên",INDEX('Thang 05-2026'!$A$3:$Q$102,MATCH(1,($A5='Thang 05-2026'!$A$3:$A$102)*($G5='Thang 05-2026'!$C$3:$C$102),0),11)=0),1,0))} -> 0 | E5: {=IF(AND(INDEX('Thang 05-2026'!$A$3:$Q$102,MATCH(1,($A5='Thang 05-2026'!$A$3:$A$102)*($G5='Thang 05-2026'!$C$3:$C$102),0),15)=1,$B5="Triều Xuống"),1,IF(AND(INDEX('Thang 05-2026'!$A$3:$Q$102,MATCH(1,($A5='Thang 05-2026'!$A$3:$A$102)*($G5='Thang 05-2026'!$C$3:$C$102),0),14)=1,$B5="Triều Lên",INDEX('Thang 05-2026'!$A$3:$Q$102,MATCH(1,($A5='Thang 05-2026'!$A$3:$A$102)*($G5='Thang 05-2026'!$C$3:$C$102),0),15)=0),1,0))} -> 0 | F5: =D5+E5 -> 0 | G5: =INDEX('Thang 05-2026'!$A$3:$C$102,MATCH(A5,'Thang 05-2026'!$A$3:$A$102,0),3) -> 25
A6: Lòng Tàu 1 | B6: Triều Xuống | C6: 1 | D6: {=IF(AND(INDEX('Thang 05-2026'!$A$3:$Q$102,MATCH(1,($A6='Thang 05-2026'!$A$3:$A$102)*($G6='Thang 05-2026'!$C$3:$C$102),0),11)=1,$B6="Triều Xuống"),1,IF(AND(INDEX('Thang 05-2026'!$A$3:$Q$102,MATCH(1,($A6='Thang 05-2026'!$A$3:$A$102)*($G6='Thang 05-2026'!$C$3:$C$102),0),10)=1,$B6="Triều Lên",INDEX('Thang 05-2026'!$A$3:$Q$102,MATCH(1,($A6='Thang 05-2026'!$A$3:$A$102)*($G6='Thang 05-2026'!$C$3:$C$102),0),11)=0),1,0))} -> 0 | E6: {=IF(AND(INDEX('Thang 05-2026'!$A$3:$Q$102,MATCH(1,($A6='Thang 05-2026'!$A$3:$A$102)*($G6='Thang 05-2026'!$C$3:$C$102),0),15)=1,$B6="Triều Xuống"),1,IF(AND(INDEX('Thang 05-2026'!$A$3:$Q$102,MATCH(1,($A6='Thang 05-2026'!$A$3:$A$102)*($G6='Thang 05-2026'!$C$3:$C$102),0),14)=1,$B6="Triều Lên",INDEX('Thang 05-2026'!$A$3:$Q$102,MATCH(1,($A6='Thang 05-2026'!$A$3:$A$102)*($G6='Thang 05-2026'!$C$3:$C$102),0),15)=0),1,0))} -> 0 | F6: =D6+E6 -> 0 | G6: =INDEX('Thang 05-2026'!$A$3:$C$102,MATCH(A6,'Thang 05-2026'!$A$3:$A$102,0),3) -> 25
A7: Lòng Tàu | B7: Triều Xuống | C7: 1 | D7: {=IF(AND(INDEX('Thang 05-2026'!$A$3:$Q$102,MATCH(1,($A7='Thang 05-2026'!$A$3:$A$102)*($G7='Thang 05-2026'!$C$3:$C$102),0),11)=1,$B7="Triều Xuống"),1,IF(AND(INDEX('Thang 05-2026'!$A$3:$Q$102,MATCH(1,($A7='Thang 05-2026'!$A$3:$A$102)*($G7='Thang 05-2026'!$C$3:$C$102),0),10)=1,$B7="Triều Lên",INDEX('Thang 05-2026'!$A$3:$Q$102,MATCH(1,($A7='Thang 05-2026'!$A$3:$A$102)*($G7='Thang 05-2026'!$C$3:$C$102),0),11)=0),1,0))} -> 0 | E7: {=IF(AND(INDEX('Thang 05-2026'!$A$3:$Q$102,MATCH(1,($A7='Thang 05-2026'!$A$3:$A$102)*($G7='Thang 05-2026'!$C$3:$C$102),0),15)=1,$B7="Triều Xuống"),1,IF(AND(INDEX('Thang 05-2026'!$A$3:$Q$102,MATCH(1,($A7='Thang 05-2026'!$A$3:$A$102)*($G7='Thang 05-2026'!$C$3:$C$102),0),14)=1,$B7="Triều Lên",INDEX('Thang 05-2026'!$A$3:$Q$102,MATCH(1,($A7='Thang 05-2026'!$A$3:$A$102)*($G7='Thang 05-2026'!$C$3:$C$102),0),15)=0),1,0))} -> 0 | F7: =D7+E7 -> 0 | G7: =INDEX('Thang 05-2026'!$A$3:$C$102,MATCH(A7,'Thang 05-2026'!$A$3:$A$102,0),3) -> 25
A8: Tam Thôn Hiệp | B8: Triều Xuống | C8: 1 | D8: {=IF(AND(INDEX('Thang 05-2026'!$A$3:$Q$102,MATCH(1,($A8='Thang 05-2026'!$A$3:$A$102)*($G8='Thang 05-2026'!$C$3:$C$102),0),11)=1,$B8="Triều Xuống"),1,IF(AND(INDEX('Thang 05-2026'!$A$3:$Q$102,MATCH(1,($A8='Thang 05-2026'!$A$3:$A$102)*($G8='Thang 05-2026'!$C$3:$C$102),0),10)=1,$B8="Triều Lên",INDEX('Thang 05-2026'!$A$3:$Q$102,MATCH(1,($A8='Thang 05-2026'!$A$3:$A$102)*($G8='Thang 05-2026'!$C$3:$C$102),0),11)=0),1,0))} -> 0 | E8: {=IF(AND(INDEX('Thang 05-2026'!$A$3:$Q$102,MATCH(1,($A8='Thang 05-2026'!$A$3:$A$102)*($G8='Thang 05-2026'!$C$3:$C$102),0),15)=1,$B8="Triều Xuống"),1,IF(AND(INDEX('Thang 05-2026'!$A$3:$Q$102,MATCH(1,($A8='Thang 05-2026'!$A$3:$A$102)*($G8='Thang 05-2026'!$C$3:$C$102),0),14)=1,$B8="Triều Lên",INDEX('Thang 05-2026'!$A$3:$Q$102,MATCH(1,($A8='Thang 05-2026'!$A$3:$A$102)*($G8='Thang 05-2026'!$C$3:$C$102),0),15)=0),1,0))} -> 0 | F8: =D8+E8 -> 0 | G8: =INDEX('Thang 05-2026'!$A$3:$C$102,MATCH(A8,'Thang 05-2026'!$A$3:$A$102,0),3) -> 25
A9: Đồng Tranh 1 | B9: Triều Xuống | C9: 1 | D9: {=IF(AND(INDEX('Thang 05-2026'!$A$3:$Q$102,MATCH(1,($A9='Thang 05-2026'!$A$3:$A$102)*($G9='Thang 05-2026'!$C$3:$C$102),0),11)=1,$B9="Triều Xuống"),1,IF(AND(INDEX('Thang 05-2026'!$A$3:$Q$102,MATCH(1,($A9='Thang 05-2026'!$A$3:$A$102)*($G9='Thang 05-2026'!$C$3:$C$102),0),10)=1,$B9="Triều Lên",INDEX('Thang 05-2026'!$A$3:$Q$102,MATCH(1,($A9='Thang 05-2026'!$A$3:$A$102)*($G9='Thang 05-2026'!$C$3:$C$102),0),11)=0),1,0))} -> 0 | E9: {=IF(AND(INDEX('Thang 05-2026'!$A$3:$Q$102,MATCH(1,($A9='Thang 05-2026'!$A$3:$A$102)*($G9='Thang 05-2026'!$C$3:$C$102),0),15)=1,$B9="Triều Xuống"),1,IF(AND(INDEX('Thang 05-2026'!$A$3:$Q$102,MATCH(1,($A9='Thang 05-2026'!$A$3:$A$102)*($G9='Thang 05-2026'!$C$3:$C$102),0),14)=1,$B9="Triều Lên",INDEX('Thang 05-2026'!$A$3:$Q$102,MATCH(1,($A9='Thang 05-2026'!$A$3:$A$102)*($G9='Thang 05-2026'!$C$3:$C$102),0),15)=0),1,0))} -> 0 | F9: =D9+E9 -> 0 | G9: =INDEX('Thang 05-2026'!$A$3:$C$102,MATCH(A9,'Thang 05-2026'!$A$3:$A$102,0),3) -> 25
A10: Bình Lợi | B10: Triều Lên | C10: 1 | D10: {=IF(AND(INDEX('Thang 05-2026'!$A$3:$Q$102,MATCH(1,($A10='Thang 05-2026'!$A$3:$A$102)*($G10='Thang 05-2026'!$C$3:$C$102),0),11)=1,$B10="Triều Xuống"),1,IF(AND(INDEX('Thang 05-2026'!$A$3:$Q$102,MATCH(1,($A10='Thang 05-2026'!$A$3:$A$102)*($G10='Thang 05-2026'!$C$3:$C$102),0),10)=1,$B10="Triều Lên",INDEX('Thang 05-2026'!$A$3:$Q$102,MATCH(1,($A10='Thang 05-2026'!$A$3:$A$102)*($G10='Thang 05-2026'!$C$3:$C$102),0),11)=0),1,0))} -> 0 | E10: {=IF(AND(INDEX('Thang 05-2026'!$A$3:$Q$102,MATCH(1,($A10='Thang 05-2026'!$A$3:$A$102)*($G10='Thang 05-2026'!$C$3:$C$102),0),15)=1,$B10="Triều Xuống"),1,IF(AND(INDEX('Thang 05-2026'!$A$3:$Q$102,MATCH(1,($A10='Thang 05-2026'!$A$3:$A$102)*($G10='Thang 05-2026'!$C$3:$C$102),0),14)=1,$B10="Triều Lên",INDEX('Thang 05-2026'!$A$3:$Q$102,MATCH(1,($A10='Thang 05-2026'!$A$3:$A$102)*($G10='Thang 05-2026'!$C$3:$C$102),0),15)=0),1,0))} -> 0 | F10: =D10+E10 -> 0 | G10: =INDEX('Thang 05-2026'!$A$3:$C$102,MATCH(A10,'Thang 05-2026'!$A$3:$A$102,0),3) -> 25
A11: Sài Gòn | B11: Triều Lên | C11: 1 | D11: {=IF(AND(INDEX('Thang 05-2026'!$A$3:$Q$102,MATCH(1,($A11='Thang 05-2026'!$A$3:$A$102)*($G11='Thang 05-2026'!$C$3:$C$102),0),11)=1,$B11="Triều Xuống"),1,IF(AND(INDEX('Thang 05-2026'!$A$3:$Q$102,MATCH(1,($A11='Thang 05-2026'!$A$3:$A$102)*($G11='Thang 05-2026'!$C$3:$C$102),0),10)=1,$B11="Triều Lên",INDEX('Thang 05-2026'!$A$3:$Q$102,MATCH(1,($A11='Thang 05-2026'!$A$3:$A$102)*($G11='Thang 05-2026'!$C$3:$C$102),0),11)=0),1,0))} -> 0 | E11: {=IF(AND(INDEX('Thang 05-2026'!$A$3:$Q$102,MATCH(1,($A11='Thang 05-2026'!$A$3:$A$102)*($G11='Thang 05-2026'!$C$3:$C$102),0),15)=1,$B11="Triều Xuống"),1,IF(AND(INDEX('Thang 05-2026'!$A$3:$Q$102,MATCH(1,($A11='Thang 05-2026'!$A$3:$A$102)*($G11='Thang 05-2026'!$C$3:$C$102),0),14)=1,$B11="Triều Lên",INDEX('Thang 05-2026'!$A$3:$Q$102,MATCH(1,($A11='Thang 05-2026'!$A$3:$A$102)*($G11='Thang 05-2026'!$C$3:$C$102),0),15)=0),1,0))} -> 0 | F11: =D11+E11 -> 0 | G11: =INDEX('Thang 05-2026'!$A$3:$C$102,MATCH(A11,'Thang 05-2026'!$A$3:$A$102,0),3) -> 25
A12: Bình Lợi | B12: Triều Xuống | C12: 1 | D12: {=IF(AND(INDEX('Thang 05-2026'!$A$3:$Q$102,MATCH(1,($A12='Thang 05-2026'!$A$3:$A$102)*($G12='Thang 05-2026'!$C$3:$C$102),0),11)=1,$B12="Triều Xuống"),1,IF(AND(INDEX('Thang 05-2026'!$A$3:$Q$102,MATCH(1,($A12='Thang 05-2026'!$A$3:$A$102)*($G12='Thang 05-2026'!$C$3:$C$102),0),10)=1,$B12="Triều Lên",INDEX('Thang 05-2026'!$A$3:$Q$102,MATCH(1,($A12='Thang 05-2026'!$A$3:$A$102)*($G12='Thang 05-2026'!$C$3:$C$102),0),11)=0),1,0))} -> 0 | E12: {=IF(AND(INDEX('Thang 05-2026'!$A$3:$Q$102,MATCH(1,($A12='Thang 05-2026'!$A$3:$A$102)*($G12='Thang 05-2026'!$C$3:$C$102),0),15)=1,$B12="Triều Xuống"),1,IF(AND(INDEX('Thang 05-2026'!$A$3:$Q$102,MATCH(1,($A12='Thang 05-2026'!$A$3:$A$102)*($G12='Thang 05-2026'!$C$3:$C$102),0),14)=1,$B12="Triều Lên",INDEX('Thang 05-2026'!$A$3:$Q$102,MATCH(1,($A12='Thang 05-2026'!$A$3:$A$102)*($G12='Thang 05-2026'!$C$3:$C$102),0),15)=0),1,0))} -> 0 | F12: =D12+E12 -> 0 | G12: =INDEX('Thang 05-2026'!$A$3:$C$102,MATCH(A12,'Thang 05-2026'!$A$3:$A$102,0),3) -> 25
A13: Sài Gòn | B13: Triều Xuống | C13: 1 | D13: {=IF(AND(INDEX('Thang 05-2026'!$A$3:$Q$102,MATCH(1,($A13='Thang 05-2026'!$A$3:$A$102)*($G13='Thang 05-2026'!$C$3:$C$102),0),11)=1,$B13="Triều Xuống"),1,IF(AND(INDEX('Thang 05-2026'!$A$3:$Q$102,MATCH(1,($A13='Thang 05-2026'!$A$3:$A$102)*($G13='Thang 05-2026'!$C$3:$C$102),0),10)=1,$B13="Triều Lên",INDEX('Thang 05-2026'!$A$3:$Q$102,MATCH(1,($A13='Thang 05-2026'!$A$3:$A$102)*($G13='Thang 05-2026'!$C$3:$C$102),0),11)=0),1,0))} -> 0 | E13: {=IF(AND(INDEX('Thang 05-2026'!$A$3:$Q$102,MATCH(1,($A13='Thang 05-2026'!$A$3:$A$102)*($G13='Thang 05-2026'!$C$3:$C$102),0),15)=1,$B13="Triều Xuống"),1,IF(AND(INDEX('Thang 05-2026'!$A$3:$Q$102,MATCH(1,($A13='Thang 05-2026'!$A$3:$A$102)*($G13='Thang 05-2026'!$C$3:$C$102),0),14)=1,$B13="Triều Lên",INDEX('Thang 05-2026'!$A$3:$Q$102,MATCH(1,($A13='Thang 05-2026'!$A$3:$A$102)*($G13='Thang 05-2026'!$C$3:$C$102),0),15)=0),1,0))} -> 1 | F13: =D13+E13 -> 1 | G13: =INDEX('Thang 05-2026'!$A$3:$C$102,MATCH(A13,'Thang 05-2026'!$A$3:$A$102,0),3) -> 25
... A29: Phú Mỹ | B29: Triều Xuống | C29: 1 | D29: {=IF(AND(INDEX('Thang 05-2026'!$A$3:$Q$102,MATCH(1,($A29='Thang 05-2026'!$A$3:$A$102)*($G29='Thang 05-2026'!$C$3:$C$102),0),11)=1,$B29="Triều Xuống"),1,IF(AND(INDEX('Thang 05-2026'!$A$3:$Q$102,MATCH(1,($A29='Thang 05-2026'!$A$3:$A$102)*($G29='Thang 05-2026'!$C$3:$C$102),0),10)=1,$B29="Triều Lên",INDEX('Thang 05-2026'!$A$3:$Q$102,MATCH(1,($A29='Thang 05-2026'!$A$3:$A$102)*($G29='Thang 05-2026'!$C$3:$C$102),0),11)=0),1,0))} -> 0 | E29: {=IF(AND(INDEX('Thang 05-2026'!$A$3:$Q$102,MATCH(1,($A29='Thang 05-2026'!$A$3:$A$102)*($G29='Thang 05-2026'!$C$3:$C$102),0),15)=1,$B29="Triều Xuống"),1,IF(AND(INDEX('Thang 05-2026'!$A$3:$Q$102,MATCH(1,($A29='Thang 05-2026'!$A$3:$A$102)*($G29='Thang 05-2026'!$C$3:$C$102),0),14)=1,$B29="Triều Lên",INDEX('Thang 05-2026'!$A$3:$Q$102,MATCH(1,($A29='Thang 05-2026'!$A$3:$A$102)*($G29='Thang 05-2026'!$C$3:$C$102),0),15)=0),1,0))} -> 0 | F29: =D29+E29 -> 0 | G29: =INDEX('Thang 05-2026'!$A$3:$C$102,MATCH(A29,'Thang 05-2026'!$A$3:$A$102,0),3) -> 27

Sheet TONG HOP DIA DIEM
A1: Địa điểm quan trắc | B1: Triều | C1: Ký hiệu | D1: Tên viết tắt | E1: Địa chỉ | F1: Tên nơi lấy mẫu | G1: Tên vị trí | H1: Tên vị trí mẫu lặp | I1: Tên vị trí mẫu trắng hiện trường | J1: Tên vị trí mẫu trắng vận chuyển | K1: Tên vị trí mẫu trắng thiết bị
A2: Cầu số 1 | B2: Triều Lên | C2: HCM_NM_CS1 | D2: HCM_NM_CS1_L | E2: Khu vực Cầu số 1, đầu tuyến kênh Nhiêu Lộc – Thị Nghè | F2: Cầu số 1 - HCM_NM_CS1 - Triều Lên | G2: Cầu số 1 - Triều Lên | H2: Cầu số 1 - Triều Lên (QC - Mẫu lặp hiện trường) | I2: Cầu số 1 - Triều Lên (QC - Mẫu trắng hiện trường) | J2: Cầu số 1 - Triều Lên (QC - Mẫu trắng vận chuyển) | K2: Cầu số 1 - Triều Lên (QC - Mẫu trắng thiết bị)
A3: Lê Văn Sỹ | B3: Triều Lên | C3: HCM_NM_LVS | D3: HCM_NM_LVS_L | E3: Khu vực cầu Lê Văn Sỹ, nối đường Lê Văn Sỹ và đường Trần Quốc Thảo | F3: Lê Văn Sỹ - HCM_NM_LVS - Triều Lên | G3: Lê Văn Sỹ - Triều Lên | H3: Lê Văn Sỹ - Triều Lên (QC - Mẫu lặp hiện trường) | I3: Lê Văn Sỹ - Triều Lên (QC - Mẫu trắng hiện trường) | J3: Lê Văn Sỹ - Triều Lên (QC - Mẫu trắng vận chuyển) | K3: Lê Văn Sỹ - Triều Lên (QC - Mẫu trắng thiết bị)
A4: Hải Đức | B4: Triều Lên | C4: HCM_NM_HĐ | D4: HCM_NM_HĐ_L | E4: Đoạn kênh khu vực gần Chùa Hải Đức, phường Cầu Kiệu | F4: Hải Đức - HCM_NM_HĐ - Triều Lên | G4: Hải Đức - Triều Lên | H4: Hải Đức - Triều Lên (QC - Mẫu lặp hiện trường) | I4: Hải Đức - Triều Lên (QC - Mẫu trắng hiện trường) | J4: Hải Đức - Triều Lên (QC - Mẫu trắng vận chuyển) | K4: Hải Đức - Triều Lên (QC - Mẫu trắng thiết bị)
A5: Điện Biên Phủ | B5: Triều Lên | C5: HCM_NM_ĐBP | D5: HCM_NM_ĐBP_L | E5: Khu vực cầu Điện Biên Phủ, gần Vòng xoay Điện Biên Phủ | F5: Điện Biên Phủ - HCM_NM_ĐBP - Triều Lên | G5: Điện Biên Phủ - Triều Lên | H5: Điện Biên Phủ - Triều Lên (QC - Mẫu lặp hiện trường) | I5: Điện Biên Phủ - Triều Lên (QC - Mẫu trắng hiện trường) | J5: Điện Biên Phủ - Triều Lên (QC - Mẫu trắng vận chuyển) | K5: Điện Biên Phủ - Triều Lên (QC - Mẫu trắng thiết bị)
A6: Bùi Đình Túy | B6: Triều Lên | C6: HCM_NM_BĐT | D6: HCM_NM_BĐT_L | E6: Khu vực gần công viên đường số 4, giáp bờ sông, gần đường Chu Văn An, phường Bình Thạnh | F6: Bùi Đình Túy - HCM_NM_BĐT - Triều Lên | G6: Bùi Đình Túy - Triều Lên | H6: Bùi Đình Túy - Triều Lên (QC - Mẫu lặp hiện trường) | I6: Bùi Đình Túy - Triều Lên (QC - Mẫu trắng hiện trường) | J6: Bùi Đình Túy - Triều Lên (QC - Mẫu trắng vận chuyển) | K6: Bùi Đình Túy - Triều Lên (QC - Mẫu trắng thiết bị)
A7: Cầu Đỏ | B7: Triều Lên | C7: HCM_NM_CĐ | D7: HCM_NM_CĐ_L | E7: Khu vực Cầu Đỏ trên đường Nguyễn Xí, đoạn qua rạch Cầu Sơn | F7: Cầu Đỏ - HCM_NM_CĐ - Triều Lên | G7: Cầu Đỏ - Triều Lên | H7: Cầu Đỏ - Triều Lên (QC - Mẫu lặp hiện trường) | I7: Cầu Đỏ - Triều Lên (QC - Mẫu trắng hiện trường) | J7: Cầu Đỏ - Triều Lên (QC - Mẫu trắng vận chuyển) | K7: Cầu Đỏ - Triều Lên (QC - Mẫu trắng thiết bị)
A8: Thị Nghè 2 | B8: Triều Lên | C8: HCM_NM_TN2 | D8: HCM_NM_TN2_L | E8: Khu vực cầu Thị Nghè 2 trên đường Nguyễn Hữu Cảnh, gần Thảo Cầm Viên | F8: Thị Nghè 2 - HCM_NM_TN2 - Triều Lên | G8: Thị Nghè 2 - Triều Lên | H8: Thị Nghè 2 - Triều Lên (QC - Mẫu lặp hiện trường) | I8: Thị Nghè 2 - Triều Lên (QC - Mẫu trắng hiện trường) | J8: Thị Nghè 2 - Triều Lên (QC - Mẫu trắng vận chuyển) | K8: Thị Nghè 2 - Triều Lên (QC - Mẫu trắng thiết bị)
A9: Bùi Hữu Nghĩa | B9: Triều Lên | C9: HCM_NM_BHN | D9: HCM_NM_BHN_L | E9: Khu vực cầu Bùi Hữu Nghĩa, đoạn rạch Cầu Bông đổ ra kênh Nhiêu Lộc – Thị Nghè | F9: Bùi Hữu Nghĩa - HCM_NM_BHN - Triều Lên | G9: Bùi Hữu Nghĩa - Triều Lên | H9: Bùi Hữu Nghĩa - Triều Lên (QC - Mẫu lặp hiện trường) | I9: Bùi Hữu Nghĩa - Triều Lên (QC - Mẫu trắng hiện trường) | J9: Bùi Hữu Nghĩa - Triều Lên (QC - Mẫu trắng vận chuyển) | K9: Bùi Hữu Nghĩa - Triều Lên (QC - Mẫu trắng thiết bị)
A10: Cầu Văn Thánh | B10: Triều Lên | C10: HCM_NM_RVT | D10: HCM_NM_RVT_L | E10: Khu vực cầu Văn Thánh trên đường Điện Biên Phủ | F10: Cầu Văn Thánh - HCM_NM_RVT - Triều Lên | G10: Cầu Văn Thánh - Triều Lên | H10: Cầu Văn Thánh - Triều Lên (QC - Mẫu lặp hiện trường) | I10: Cầu Văn Thánh - Triều Lên (QC - Mẫu trắng hiện trường) | J10: Cầu Văn Thánh - Triều Lên (QC - Mẫu trắng vận chuyển) | K10: Cầu Văn Thánh - Triều Lên (QC - Mẫu trắng thiết bị)
A11: Cầu Văn Thánh 2 | B11: Triều Lên | C11: HCM_NM_RVT2 | D11: HCM_NM_RVT2_L | E11: Khu vực cầu Văn Thánh 2 trên đường Nguyễn Hữu Cảnh, đoạn qua rạch Văn Thánh | F11: Cầu Văn Thánh 2 - HCM_NM_RVT2 - Triều Lên | G11: Cầu Văn Thánh 2 - Triều Lên | H11: Cầu Văn Thánh 2 - Triều Lên (QC - Mẫu lặp hiện trường) | I11: Cầu Văn Thánh 2 - Triều Lên (QC - Mẫu trắng hiện trường) | J11: Cầu Văn Thánh 2 - Triều Lên (QC - Mẫu trắng vận chuyển) | K11: Cầu Văn Thánh 2 - Triều Lên (QC - Mẫu trắng thiết bị)
A12: Cầu số 1 | B12: Triều Xuống | C12: HCM_NM_CS1 | D12: HCM_NM_CS1_X | E12: Khu vực Cầu số 1, đầu tuyến kênh Nhiêu Lộc – Thị Nghè | F12: Cầu số 1 - HCM_NM_CS1 - Triều Xuống | G12: Cầu số 1 - Triều Xuống | H12: Cầu số 1 - Triều Xuống (QC - Mẫu lặp hiện trường) | I12: Cầu số 1 - Triều Xuống (QC - Mẫu trắng hiện trường) | J12: Cầu số 1 - Triều Xuống (QC - Mẫu trắng vận chuyển) | K12: Cầu số 1 - Triều Xuống (QC - Mẫu trắng thiết bị)
... A181: Đồng Tranh | B181: Triều Xuống | C181: HCM_NM_ĐT | D181: HCM_NM_ĐT_X | E181: Xã Cần Giờ - Gần cửa sông Đồng Tranh 2 km. | F181: Đồng Tranh - HCM_NM_ĐT - Triều Xuống | G181: Đồng Tranh - Triều Xuống | H181: Đồng Tranh - Triều Xuống (QC - Mẫu lặp hiện trường) | I181: Đồng Tranh - Triều Xuống (QC - Mẫu trắng hiện trường) | J181: Đồng Tranh - Triều Xuống (QC - Mẫu trắng vận chuyển) | K181: Đồng Tranh - Triều Xuống (QC - Mẫu trắng thiết bị)

Sheet CS2_NEW
A1: Nơi thực hiện | B1: Vị trí quan trắc | C1: Số lượng mẫu | D1: Số lượng mẫu QC lặp | E1: Số lượng mẫu QC trắng | F1: Số lượng mẫu QC | G1: Ngày | H1: Nơi thực hiện | I1: Vị trí quan trắc | J1: Số lượng mẫu | K1: Số lượng mẫu QC lặp | L1: Số lượng mẫu QC trắng | M1: Số lượng mẫu QC | N1: Ngày | O1: Vị trí quan trắc mẫu QC lặp | P1: Vị trí quan trắc mẫu QC trắng | Q1: Vị trí quan trắc mẫu QC lặp (pH, DO)
A2: ĐPNM1 | B2: 01 | C2: 1 | D2: {=IF(AND(INDEX('Thang 05-2026'!$A$3:$Q$102,MATCH(1,($A2='Thang 05-2026'!$A$3:$A$102)*($G2='Thang 05-2026'!$C$3:$C$102),0),11)=1,$B2="Triều Xuống"),1,IF(AND(INDEX('Thang 05-2026'!$A$3:$Q$102,MATCH(1,($A2='Thang 05-2026'!$A$3:$A$102)*($G2='Thang 05-2026'!$C$3:$C$102),0),10)=1,$B2="Triều Lên",INDEX('Thang 05-2026'!$A$3:$Q$102,MATCH(1,($A2='Thang 05-2026'!$A$3:$A$102)*($G2='Thang 05-2026'!$C$3:$C$102),0),11)=0),1,0))} -> 0 | E2: {=IF(AND(INDEX('Thang 05-2026'!$A$3:$Q$102,MATCH(1,($A2='Thang 05-2026'!$A$3:$A$102)*($G2='Thang 05-2026'!$C$3:$C$102),0),15)=1,$B2="Triều Xuống"),1,IF(AND(INDEX('Thang 05-2026'!$A$3:$Q$102,MATCH(1,($A2='Thang 05-2026'!$A$3:$A$102)*($G2='Thang 05-2026'!$C$3:$C$102),0),14)=1,$B2="Triều Lên",INDEX('Thang 05-2026'!$A$3:$Q$102,MATCH(1,($A2='Thang 05-2026'!$A$3:$A$102)*($G2='Thang 05-2026'!$C$3:$C$102),0),15)=0),1,0))} -> 0 | F2: =D2+E2+IF(E2>0,1,0) -> 0 | G2: =INDEX('Thang 05-2026'!$A$3:$C$102,MATCH(A2,'Thang 05-2026'!$A$3:$A$102,0),3) -> 11 | H2: {=INDEX('TONG HOP DIA DIEM'!$A$2:$K$181,MATCH(1,($A2='TONG HOP DIA DIEM'!$A$2:$A$181)*($B2='TONG HOP DIA DIEM'!$B$2:$B$181),0),6)} -> ĐPNM1 - HCM_NM_ĐPNM1 - 01 | I2: {=INDEX('TONG HOP DIA DIEM'!$A$2:$K$181,MATCH(1,($A2='TONG HOP DIA DIEM'!$A$2:$A$181)*($B2='TONG HOP DIA DIEM'!$B$2:$B$181),0),7)} -> ĐPNM1 - 01 | J2: =C2 -> 1 | K2: =D2 -> 0 | L2: =E2 -> 0 | M2: =F2 -> 0 | N2: =G2 -> 11 | O2: =IF(K2=1,I2&" (QC - Mẫu lặp)","") | P2: =IF(L2=1,I2&" (QC - Mẫu trắng)","") | Q2: =IF(L2=1,I2&" (QC - Mẫu lặp)","")
A3: ĐPNM4 | B3: 01 | C3: 1 | D3: {=IF(AND(INDEX('Thang 05-2026'!$A$3:$Q$102,MATCH(1,($A3='Thang 05-2026'!$A$3:$A$102)*($G3='Thang 05-2026'!$C$3:$C$102),0),11)=1,$B3="Triều Xuống"),1,IF(AND(INDEX('Thang 05-2026'!$A$3:$Q$102,MATCH(1,($A3='Thang 05-2026'!$A$3:$A$102)*($G3='Thang 05-2026'!$C$3:$C$102),0),10)=1,$B3="Triều Lên",INDEX('Thang 05-2026'!$A$3:$Q$102,MATCH(1,($A3='Thang 05-2026'!$A$3:$A$102)*($G3='Thang 05-2026'!$C$3:$C$102),0),11)=0),1,0))} -> 0 | E3: {=IF(AND(INDEX('Thang 05-2026'!$A$3:$Q$102,MATCH(1,($A3='Thang 05-2026'!$A$3:$A$102)*($G3='Thang 05-2026'!$C$3:$C$102),0),15)=1,$B3="Triều Xuống"),1,IF(AND(INDEX('Thang 05-2026'!$A$3:$Q$102,MATCH(1,($A3='Thang 05-2026'!$A$3:$A$102)*($G3='Thang 05-2026'!$C$3:$C$102),0),14)=1,$B3="Triều Lên",INDEX('Thang 05-2026'!$A$3:$Q$102,MATCH(1,($A3='Thang 05-2026'!$A$3:$A$102)*($G3='Thang 05-2026'!$C$3:$C$102),0),15)=0),1,0))} -> 0 | F3: =D3+E3+IF(E3>0,1,0) -> 0 | G3: =INDEX('Thang 05-2026'!$A$3:$C$102,MATCH(A3,'Thang 05-2026'!$A$3:$A$102,0),3) -> 11 | H3: {=INDEX('TONG HOP DIA DIEM'!$A$2:$K$181,MATCH(1,($A3='TONG HOP DIA DIEM'!$A$2:$A$181)*($B3='TONG HOP DIA DIEM'!$B$2:$B$181),0),6)} -> ĐPNM4 - HCM_NM_ĐPNM4 - 01 | I3: {=INDEX('TONG HOP DIA DIEM'!$A$2:$K$181,MATCH(1,($A3='TONG HOP DIA DIEM'!$A$2:$A$181)*($B3='TONG HOP DIA DIEM'!$B$2:$B$181),0),7)} -> ĐPNM4 - 01 | J3: =C3 -> 1 | K3: =D3 -> 0 | L3: =E3 -> 0 | M3: =F3 -> 0 | N3: =G3 -> 11 | O3: =IF(K3=1,I3&" (QC - Mẫu lặp)","") | P3: =IF(L3=1,I3&" (QC - Mẫu trắng)","") | Q3: =IF(L3=1,I3&" (QC - Mẫu lặp)","")
A4: ĐPNM5 | B4: 01 | C4: 1 | D4: {=IF(AND(INDEX('Thang 05-2026'!$A$3:$Q$102,MATCH(1,($A4='Thang 05-2026'!$A$3:$A$102)*($G4='Thang 05-2026'!$C$3:$C$102),0),11)=1,$B4="Triều Xuống"),1,IF(AND(INDEX('Thang 05-2026'!$A$3:$Q$102,MATCH(1,($A4='Thang 05-2026'!$A$3:$A$102)*($G4='Thang 05-2026'!$C$3:$C$102),0),10)=1,$B4="Triều Lên",INDEX('Thang 05-2026'!$A$3:$Q$102,MATCH(1,($A4='Thang 05-2026'!$A$3:$A$102)*($G4='Thang 05-2026'!$C$3:$C$102),0),11)=0),1,0))} -> 0 | E4: {=IF(AND(INDEX('Thang 05-2026'!$A$3:$Q$102,MATCH(1,($A4='Thang 05-2026'!$A$3:$A$102)*($G4='Thang 05-2026'!$C$3:$C$102),0),15)=1,$B4="Triều Xuống"),1,IF(AND(INDEX('Thang 05-2026'!$A$3:$Q$102,MATCH(1,($A4='Thang 05-2026'!$A$3:$A$102)*($G4='Thang 05-2026'!$C$3:$C$102),0),14)=1,$B4="Triều Lên",INDEX('Thang 05-2026'!$A$3:$Q$102,MATCH(1,($A4='Thang 05-2026'!$A$3:$A$102)*($G4='Thang 05-2026'!$C$3:$C$102),0),15)=0),1,0))} -> 0 | F4: =D4+E4+IF(E4>0,1,0) -> 0 | G4: =INDEX('Thang 05-2026'!$A$3:$C$102,MATCH(A4,'Thang 05-2026'!$A$3:$A$102,0),3) -> 11 | H4: {=INDEX('TONG HOP DIA DIEM'!$A$2:$K$181,MATCH(1,($A4='TONG HOP DIA DIEM'!$A$2:$A$181)*($B4='TONG HOP DIA DIEM'!$B$2:$B$181),0),6)} -> ĐPNM5 - HCM_NM_ĐPNM5 - 01 | I4: {=INDEX('TONG HOP DIA DIEM'!$A$2:$K$181,MATCH(1,($A4='TONG HOP DIA DIEM'!$A$2:$A$181)*($B4='TONG HOP DIA DIEM'!$B$2:$B$181),0),7)} -> ĐPNM5 - 01 | J4: =C4 -> 1 | K4: =D4 -> 0 | L4: =E4 -> 0 | M4: =F4 -> 0 | N4: =G4 -> 11 | O4: =IF(K4=1,I4&" (QC - Mẫu lặp)","") | P4: =IF(L4=1,I4&" (QC - Mẫu trắng)","") | Q4: =IF(L4=1,I4&" (QC - Mẫu lặp)","")
A5: ĐPNM8 | B5: 01 | C5: 1 | D5: {=IF(AND(INDEX('Thang 05-2026'!$A$3:$Q$102,MATCH(1,($A5='Thang 05-2026'!$A$3:$A$102)*($G5='Thang 05-2026'!$C$3:$C$102),0),11)=1,$B5="Triều Xuống"),1,IF(AND(INDEX('Thang 05-2026'!$A$3:$Q$102,MATCH(1,($A5='Thang 05-2026'!$A$3:$A$102)*($G5='Thang 05-2026'!$C$3:$C$102),0),10)=1,$B5="Triều Lên",INDEX('Thang 05-2026'!$A$3:$Q$102,MATCH(1,($A5='Thang 05-2026'!$A$3:$A$102)*($G5='Thang 05-2026'!$C$3:$C$102),0),11)=0),1,0))} -> 0 | E5: {=IF(AND(INDEX('Thang 05-2026'!$A$3:$Q$102,MATCH(1,($A5='Thang 05-2026'!$A$3:$A$102)*($G5='Thang 05-2026'!$C$3:$C$102),0),15)=1,$B5="Triều Xuống"),1,IF(AND(INDEX('Thang 05-2026'!$A$3:$Q$102,MATCH(1,($A5='Thang 05-2026'!$A$3:$A$102)*($G5='Thang 05-2026'!$C$3:$C$102),0),14)=1,$B5="Triều Lên",INDEX('Thang 05-2026'!$A$3:$Q$102,MATCH(1,($A5='Thang 05-2026'!$A$3:$A$102)*($G5='Thang 05-2026'!$C$3:$C$102),0),15)=0),1,0))} -> 0 | F5: =D5+E5+IF(E5>0,1,0) -> 0 | G5: =INDEX('Thang 05-2026'!$A$3:$C$102,MATCH(A5,'Thang 05-2026'!$A$3:$A$102,0),3) -> 11 | H5: {=INDEX('TONG HOP DIA DIEM'!$A$2:$K$181,MATCH(1,($A5='TONG HOP DIA DIEM'!$A$2:$A$181)*($B5='TONG HOP DIA DIEM'!$B$2:$B$181),0),6)} -> ĐPNM8 - HCM_NM_ĐPNM8 - 01 | I5: {=INDEX('TONG HOP DIA DIEM'!$A$2:$K$181,MATCH(1,($A5='TONG HOP DIA DIEM'!$A$2:$A$181)*($B5='TONG HOP DIA DIEM'!$B$2:$B$181),0),7)} -> ĐPNM8 - 01 | J5: =C5 -> 1 | K5: =D5 -> 0 | L5: =E5 -> 0 | M5: =F5 -> 0 | N5: =G5 -> 11 | O5: =IF(K5=1,I5&" (QC - Mẫu lặp)","") | P5: =IF(L5=1,I5&" (QC - Mẫu trắng)","") | Q5: =IF(L5=1,I5&" (QC - Mẫu lặp)","")
A6: ĐPNM1 | B6: 02 | C6: 1 | D6: {=IF(AND(INDEX('Thang 05-2026'!$A$3:$Q$102,MATCH(1,($A6='Thang 05-2026'!$A$3:$A$102)*($G6='Thang 05-2026'!$C$3:$C$102),0),11)=1,$B6="Triều Xuống"),1,IF(AND(INDEX('Thang 05-2026'!$A$3:$Q$102,MATCH(1,($A6='Thang 05-2026'!$A$3:$A$102)*($G6='Thang 05-2026'!$C$3:$C$102),0),10)=1,$B6="Triều Lên",INDEX('Thang 05-2026'!$A$3:$Q$102,MATCH(1,($A6='Thang 05-2026'!$A$3:$A$102)*($G6='Thang 05-2026'!$C$3:$C$102),0),11)=0),1,0))} -> 0 | E6: {=IF(AND(INDEX('Thang 05-2026'!$A$3:$Q$102,MATCH(1,($A6='Thang 05-2026'!$A$3:$A$102)*($G6='Thang 05-2026'!$C$3:$C$102),0),15)=1,$B6="Triều Xuống"),1,IF(AND(INDEX('Thang 05-2026'!$A$3:$Q$102,MATCH(1,($A6='Thang 05-2026'!$A$3:$A$102)*($G6='Thang 05-2026'!$C$3:$C$102),0),14)=1,$B6="Triều Lên",INDEX('Thang 05-2026'!$A$3:$Q$102,MATCH(1,($A6='Thang 05-2026'!$A$3:$A$102)*($G6='Thang 05-2026'!$C$3:$C$102),0),15)=0),1,0))} -> 0 | F6: =D6+E6+IF(E6>0,1,0) -> 0 | G6: =INDEX('Thang 05-2026'!$A$3:$C$102,MATCH(A6,'Thang 05-2026'!$A$3:$A$102,0),3) -> 11 | H6: {=INDEX('TONG HOP DIA DIEM'!$A$2:$K$181,MATCH(1,($A6='TONG HOP DIA DIEM'!$A$2:$A$181)*($B6='TONG HOP DIA DIEM'!$B$2:$B$181),0),6)} -> ĐPNM1 - HCM_NM_ĐPNM1 - 02 | I6: {=INDEX('TONG HOP DIA DIEM'!$A$2:$K$181,MATCH(1,($A6='TONG HOP DIA DIEM'!$A$2:$A$181)*($B6='TONG HOP DIA DIEM'!$B$2:$B$181),0),7)} -> ĐPNM1 - 02 | J6: =C6 -> 1 | K6: =D6 -> 0 | L6: =E6 -> 0 | M6: =F6 -> 0 | N6: =G6 -> 11 | O6: =IF(K6=1,I6&" (QC - Mẫu lặp)","") | P6: =IF(L6=1,I6&" (QC - Mẫu trắng)","") | Q6: =IF(L6=1,I6&" (QC - Mẫu lặp)","")
A7: ĐPNM4 | B7: 02 | C7: 1 | D7: {=IF(AND(INDEX('Thang 05-2026'!$A$3:$Q$102,MATCH(1,($A7='Thang 05-2026'!$A$3:$A$102)*($G7='Thang 05-2026'!$C$3:$C$102),0),11)=1,$B7="Triều Xuống"),1,IF(AND(INDEX('Thang 05-2026'!$A$3:$Q$102,MATCH(1,($A7='Thang 05-2026'!$A$3:$A$102)*($G7='Thang 05-2026'!$C$3:$C$102),0),10)=1,$B7="Triều Lên",INDEX('Thang 05-2026'!$A$3:$Q$102,MATCH(1,($A7='Thang 05-2026'!$A$3:$A$102)*($G7='Thang 05-2026'!$C$3:$C$102),0),11)=0),1,0))} -> 0 | E7: {=IF(AND(INDEX('Thang 05-2026'!$A$3:$Q$102,MATCH(1,($A7='Thang 05-2026'!$A$3:$A$102)*($G7='Thang 05-2026'!$C$3:$C$102),0),15)=1,$B7="Triều Xuống"),1,IF(AND(INDEX('Thang 05-2026'!$A$3:$Q$102,MATCH(1,($A7='Thang 05-2026'!$A$3:$A$102)*($G7='Thang 05-2026'!$C$3:$C$102),0),14)=1,$B7="Triều Lên",INDEX('Thang 05-2026'!$A$3:$Q$102,MATCH(1,($A7='Thang 05-2026'!$A$3:$A$102)*($G7='Thang 05-2026'!$C$3:$C$102),0),15)=0),1,0))} -> 0 | F7: =D7+E7+IF(E7>0,1,0) -> 0 | G7: =INDEX('Thang 05-2026'!$A$3:$C$102,MATCH(A7,'Thang 05-2026'!$A$3:$A$102,0),3) -> 11 | H7: {=INDEX('TONG HOP DIA DIEM'!$A$2:$K$181,MATCH(1,($A7='TONG HOP DIA DIEM'!$A$2:$A$181)*($B7='TONG HOP DIA DIEM'!$B$2:$B$181),0),6)} -> ĐPNM4 - HCM_NM_ĐPNM4 - 02 | I7: {=INDEX('TONG HOP DIA DIEM'!$A$2:$K$181,MATCH(1,($A7='TONG HOP DIA DIEM'!$A$2:$A$181)*($B7='TONG HOP DIA DIEM'!$B$2:$B$181),0),7)} -> ĐPNM4 - 02 | J7: =C7 -> 1 | K7: =D7 -> 0 | L7: =E7 -> 0 | M7: =F7 -> 0 | N7: =G7 -> 11 | O7: =IF(K7=1,I7&" (QC - Mẫu lặp)","") | P7: =IF(L7=1,I7&" (QC - Mẫu trắng)","") | Q7: =IF(L7=1,I7&" (QC - Mẫu lặp)","")
A8: ĐPNM5 | B8: 02 | C8: 1 | D8: {=IF(AND(INDEX('Thang 05-2026'!$A$3:$Q$102,MATCH(1,($A8='Thang 05-2026'!$A$3:$A$102)*($G8='Thang 05-2026'!$C$3:$C$102),0),11)=1,$B8="Triều Xuống"),1,IF(AND(INDEX('Thang 05-2026'!$A$3:$Q$102,MATCH(1,($A8='Thang 05-2026'!$A$3:$A$102)*($G8='Thang 05-2026'!$C$3:$C$102),0),10)=1,$B8="Triều Lên",INDEX('Thang 05-2026'!$A$3:$Q$102,MATCH(1,($A8='Thang 05-2026'!$A$3:$A$102)*($G8='Thang 05-2026'!$C$3:$C$102),0),11)=0),1,0))} -> 0 | E8: {=IF(AND(INDEX('Thang 05-2026'!$A$3:$Q$102,MATCH(1,($A8='Thang 05-2026'!$A$3:$A$102)*($G8='Thang 05-2026'!$C$3:$C$102),0),15)=1,$B8="Triều Xuống"),1,IF(AND(INDEX('Thang 05-2026'!$A$3:$Q$102,MATCH(1,($A8='Thang 05-2026'!$A$3:$A$102)*($G8='Thang 05-2026'!$C$3:$C$102),0),14)=1,$B8="Triều Lên",INDEX('Thang 05-2026'!$A$3:$Q$102,MATCH(1,($A8='Thang 05-2026'!$A$3:$A$102)*($G8='Thang 05-2026'!$C$3:$C$102),0),15)=0),1,0))} -> 0 | F8: =D8+E8+IF(E8>0,1,0) -> 0 | G8: =INDEX('Thang 05-2026'!$A$3:$C$102,MATCH(A8,'Thang 05-2026'!$A$3:$A$102,0),3) -> 11 | H8: {=INDEX('TONG HOP DIA DIEM'!$A$2:$K$181,MATCH(1,($A8='TONG HOP DIA DIEM'!$A$2:$A$181)*($B8='TONG HOP DIA DIEM'!$B$2:$B$181),0),6)} -> ĐPNM5 - HCM_NM_ĐPNM5 - 02 | I8: {=INDEX('TONG HOP DIA DIEM'!$A$2:$K$181,MATCH(1,($A8='TONG HOP DIA DIEM'!$A$2:$A$181)*($B8='TONG HOP DIA DIEM'!$B$2:$B$181),0),7)} -> ĐPNM5 - 02 | J8: =C8 -> 1 | K8: =D8 -> 0 | L8: =E8 -> 0 | M8: =F8 -> 0 | N8: =G8 -> 11 | O8: =IF(K8=1,I8&" (QC - Mẫu lặp)","") | P8: =IF(L8=1,I8&" (QC - Mẫu trắng)","") | Q8: =IF(L8=1,I8&" (QC - Mẫu lặp)","")
A9: ĐPNM8 | B9: 02 | C9: 1 | D9: {=IF(AND(INDEX('Thang 05-2026'!$A$3:$Q$102,MATCH(1,($A9='Thang 05-2026'!$A$3:$A$102)*($G9='Thang 05-2026'!$C$3:$C$102),0),11)=1,$B9="Triều Xuống"),1,IF(AND(INDEX('Thang 05-2026'!$A$3:$Q$102,MATCH(1,($A9='Thang 05-2026'!$A$3:$A$102)*($G9='Thang 05-2026'!$C$3:$C$102),0),10)=1,$B9="Triều Lên",INDEX('Thang 05-2026'!$A$3:$Q$102,MATCH(1,($A9='Thang 05-2026'!$A$3:$A$102)*($G9='Thang 05-2026'!$C$3:$C$102),0),11)=0),1,0))} -> 0 | E9: {=IF(AND(INDEX('Thang 05-2026'!$A$3:$Q$102,MATCH(1,($A9='Thang 05-2026'!$A$3:$A$102)*($G9='Thang 05-2026'!$C$3:$C$102),0),15)=1,$B9="Triều Xuống"),1,IF(AND(INDEX('Thang 05-2026'!$A$3:$Q$102,MATCH(1,($A9='Thang 05-2026'!$A$3:$A$102)*($G9='Thang 05-2026'!$C$3:$C$102),0),14)=1,$B9="Triều Lên",INDEX('Thang 05-2026'!$A$3:$Q$102,MATCH(1,($A9='Thang 05-2026'!$A$3:$A$102)*($G9='Thang 05-2026'!$C$3:$C$102),0),15)=0),1,0))} -> 0 | F9: =D9+E9+IF(E9>0,1,0) -> 0 | G9: =INDEX('Thang 05-2026'!$A$3:$C$102,MATCH(A9,'Thang 05-2026'!$A$3:$A$102,0),3) -> 11 | H9: {=INDEX('TONG HOP DIA DIEM'!$A$2:$K$181,MATCH(1,($A9='TONG HOP DIA DIEM'!$A$2:$A$181)*($B9='TONG HOP DIA DIEM'!$B$2:$B$181),0),6)} -> ĐPNM8 - HCM_NM_ĐPNM8 - 02 | I9: {=INDEX('TONG HOP DIA DIEM'!$A$2:$K$181,MATCH(1,($A9='TONG HOP DIA DIEM'!$A$2:$A$181)*($B9='TONG HOP DIA DIEM'!$B$2:$B$181),0),7)} -> ĐPNM8 - 02 | J9: =C9 -> 1 | K9: =D9 -> 0 | L9: =E9 -> 0 | M9: =F9 -> 0 | N9: =G9 -> 11 | O9: =IF(K9=1,I9&" (QC - Mẫu lặp)","") | P9: =IF(L9=1,I9&" (QC - Mẫu trắng)","") | Q9: =IF(L9=1,I9&" (QC - Mẫu lặp)","")
A10: Bà Lào | B10: Triều Lên | C10: 1 | D10: {=IF(AND(INDEX('Thang 05-2026'!$A$3:$Q$102,MATCH(1,($A10='Thang 05-2026'!$A$3:$A$102)*($G10='Thang 05-2026'!$C$3:$C$102),0),11)=1,$B10="Triều Xuống"),1,IF(AND(INDEX('Thang 05-2026'!$A$3:$Q$102,MATCH(1,($A10='Thang 05-2026'!$A$3:$A$102)*($G10='Thang 05-2026'!$C$3:$C$102),0),10)=1,$B10="Triều Lên",INDEX('Thang 05-2026'!$A$3:$Q$102,MATCH(1,($A10='Thang 05-2026'!$A$3:$A$102)*($G10='Thang 05-2026'!$C$3:$C$102),0),11)=0),1,0))} -> 1 | E10: {=IF(AND(INDEX('Thang 05-2026'!$A$3:$Q$102,MATCH(1,($A10='Thang 05-2026'!$A$3:$A$102)*($G10='Thang 05-2026'!$C$3:$C$102),0),15)=1,$B10="Triều Xuống"),1,IF(AND(INDEX('Thang 05-2026'!$A$3:$Q$102,MATCH(1,($A10='Thang 05-2026'!$A$3:$A$102)*($G10='Thang 05-2026'!$C$3:$C$102),0),14)=1,$B10="Triều Lên",INDEX('Thang 05-2026'!$A$3:$Q$102,MATCH(1,($A10='Thang 05-2026'!$A$3:$A$102)*($G10='Thang 05-2026'!$C$3:$C$102),0),15)=0),1,0))} -> 0 | F10: =D10+E10+IF(E10>0,1,0) -> 1 | G10: =INDEX('Thang 05-2026'!$A$3:$C$102,MATCH(A10,'Thang 05-2026'!$A$3:$A$102,0),3) -> 11 | H10: {=INDEX('TONG HOP DIA DIEM'!$A$2:$K$181,MATCH(1,($A10='TONG HOP DIA DIEM'!$A$2:$A$181)*($B10='TONG HOP DIA DIEM'!$B$2:$B$181),0),6)} -> Bà Lào - HCM_NM_BLa - Triều Lên | I10: {=INDEX('TONG HOP DIA DIEM'!$A$2:$K$181,MATCH(1,($A10='TONG HOP DIA DIEM'!$A$2:$A$181)*($B10='TONG HOP DIA DIEM'!$B$2:$B$181),0),7)} -> Bà Lào - Triều Lên | J10: =C10 -> 1 | K10: =D10 -> 1 | L10: =E10 -> 0 | M10: =F10 -> 1 | N10: =G10 -> 11 | O10: =IF(K10=1,I10&" (QC - Mẫu lặp)","") -> Bà Lào - Triều Lên (QC - Mẫu lặp) | P10: =IF(L10=1,I10&" (QC - Mẫu trắng)","") | Q10: =IF(L10=1,I10&" (QC - Mẫu lặp)","")
A11: Long Hậu Tân Kim | B11: Triều Lên | C11: 1 | D11: {=IF(AND(INDEX('Thang 05-2026'!$A$3:$Q$102,MATCH(1,($A11='Thang 05-2026'!$A$3:$A$102)*($G11='Thang 05-2026'!$C$3:$C$102),0),11)=1,$B11="Triều Xuống"),1,IF(AND(INDEX('Thang 05-2026'!$A$3:$Q$102,MATCH(1,($A11='Thang 05-2026'!$A$3:$A$102)*($G11='Thang 05-2026'!$C$3:$C$102),0),10)=1,$B11="Triều Lên",INDEX('Thang 05-2026'!$A$3:$Q$102,MATCH(1,($A11='Thang 05-2026'!$A$3:$A$102)*($G11='Thang 05-2026'!$C$3:$C$102),0),11)=0),1,0))} -> 0 | E11: {=IF(AND(INDEX('Thang 05-2026'!$A$3:$Q$102,MATCH(1,($A11='Thang 05-2026'!$A$3:$A$102)*($G11='Thang 05-2026'!$C$3:$C$102),0),15)=1,$B11="Triều Xuống"),1,IF(AND(INDEX('Thang 05-2026'!$A$3:$Q$102,MATCH(1,($A11='Thang 05-2026'!$A$3:$A$102)*($G11='Thang 05-2026'!$C$3:$C$102),0),14)=1,$B11="Triều Lên",INDEX('Thang 05-2026'!$A$3:$Q$102,MATCH(1,($A11='Thang 05-2026'!$A$3:$A$102)*($G11='Thang 05-2026'!$C$3:$C$102),0),15)=0),1,0))} -> 0 | F11: =D11+E11+IF(E11>0,1,0) -> 0 | G11: =INDEX('Thang 05-2026'!$A$3:$C$102,MATCH(A11,'Thang 05-2026'!$A$3:$A$102,0),3) -> 11 | H11: {=INDEX('TONG HOP DIA DIEM'!$A$2:$K$181,MATCH(1,($A11='TONG HOP DIA DIEM'!$A$2:$A$181)*($B11='TONG HOP DIA DIEM'!$B$2:$B$181),0),6)} -> Long Hậu Tân Kim - HCM_NM_LHTK - Triều Lên | I11: {=INDEX('TONG HOP DIA DIEM'!$A$2:$K$181,MATCH(1,($A11='TONG HOP DIA DIEM'!$A$2:$A$181)*($B11='TONG HOP DIA DIEM'!$B$2:$B$181),0),7)} -> Long Hậu Tân Kim - Triều Lên | J11: =C11 -> 1 | K11: =D11 -> 0 | L11: =E11 -> 0 | M11: =F11 -> 0 | N11: =G11 -> 11 | O11: =IF(K11=1,I11&" (QC - Mẫu lặp)","") | P11: =IF(L11=1,I11&" (QC - Mẫu trắng)","") | Q11: =IF(L11=1,I11&" (QC - Mẫu lặp)","")
A12: Phú Xuân | B12: Triều Lên | C12: 1 | D12: {=IF(AND(INDEX('Thang 05-2026'!$A$3:$Q$102,MATCH(1,($A12='Thang 05-2026'!$A$3:$A$102)*($G12='Thang 05-2026'!$C$3:$C$102),0),11)=1,$B12="Triều Xuống"),1,IF(AND(INDEX('Thang 05-2026'!$A$3:$Q$102,MATCH(1,($A12='Thang 05-2026'!$A$3:$A$102)*($G12='Thang 05-2026'!$C$3:$C$102),0),10)=1,$B12="Triều Lên",INDEX('Thang 05-2026'!$A$3:$Q$102,MATCH(1,($A12='Thang 05-2026'!$A$3:$A$102)*($G12='Thang 05-2026'!$C$3:$C$102),0),11)=0),1,0))} -> 0 | E12: {=IF(AND(INDEX('Thang 05-2026'!$A$3:$Q$102,MATCH(1,($A12='Thang 05-2026'!$A$3:$A$102)*($G12='Thang 05-2026'!$C$3:$C$102),0),15)=1,$B12="Triều Xuống"),1,IF(AND(INDEX('Thang 05-2026'!$A$3:$Q$102,MATCH(1,($A12='Thang 05-2026'!$A$3:$A$102)*($G12='Thang 05-2026'!$C$3:$C$102),0),14)=1,$B12="Triều Lên",INDEX('Thang 05-2026'!$A$3:$Q$102,MATCH(1,($A12='Thang 05-2026'!$A$3:$A$102)*($G12='Thang 05-2026'!$C$3:$C$102),0),15)=0),1,0))} -> 0 | F12: =D12+E12+IF(E12>0,1,0) -> 0 | G12: =INDEX('Thang 05-2026'!$A$3:$C$102,MATCH(A12,'Thang 05-2026'!$A$3:$A$102,0),3) -> 11 | H12: {=INDEX('TONG HOP DIA DIEM'!$A$2:$K$181,MATCH(1,($A12='TONG HOP DIA DIEM'!$A$2:$A$181)*($B12='TONG HOP DIA DIEM'!$B$2:$B$181),0),6)} -> Phú Xuân - HCM_NM_PX - Triều Lên | I12: {=INDEX('TONG HOP DIA DIEM'!$A$2:$K$181,MATCH(1,($A12='TONG HOP DIA DIEM'!$A$2:$A$181)*($B12='TONG HOP DIA DIEM'!$B$2:$B$181),0),7)} -> Phú Xuân - Triều Lên | J12: =C12 -> 1 | K12: =D12 -> 0 | L12: =E12 -> 0 | M12: =F12 -> 0 | N12: =G12 -> 11 | O12: =IF(K12=1,I12&" (QC - Mẫu lặp)","") | P12: =IF(L12=1,I12&" (QC - Mẫu trắng)","") | Q12: =IF(L12=1,I12&" (QC - Mẫu lặp)","")
A13: Hiệp Phước | B13: Triều Lên | C13: 1 | D13: {=IF(AND(INDEX('Thang 05-2026'!$A$3:$Q$102,MATCH(1,($A13='Thang 05-2026'!$A$3:$A$102)*($G13='Thang 05-2026'!$C$3:$C$102),0),11)=1,$B13="Triều Xuống"),1,IF(AND(INDEX('Thang 05-2026'!$A$3:$Q$102,MATCH(1,($A13='Thang 05-2026'!$A$3:$A$102)*($G13='Thang 05-2026'!$C$3:$C$102),0),10)=1,$B13="Triều Lên",INDEX('Thang 05-2026'!$A$3:$Q$102,MATCH(1,($A13='Thang 05-2026'!$A$3:$A$102)*($G13='Thang 05-2026'!$C$3:$C$102),0),11)=0),1,0))} -> 0 | E13: {=IF(AND(INDEX('Thang 05-2026'!$A$3:$Q$102,MATCH(1,($A13='Thang 05-2026'!$A$3:$A$102)*($G13='Thang 05-2026'!$C$3:$C$102),0),15)=1,$B13="Triều Xuống"),1,IF(AND(INDEX('Thang 05-2026'!$A$3:$Q$102,MATCH(1,($A13='Thang 05-2026'!$A$3:$A$102)*($G13='Thang 05-2026'!$C$3:$C$102),0),14)=1,$B13="Triều Lên",INDEX('Thang 05-2026'!$A$3:$Q$102,MATCH(1,($A13='Thang 05-2026'!$A$3:$A$102)*($G13='Thang 05-2026'!$C$3:$C$102),0),15)=0),1,0))} -> 0 | F13: =D13+E13+IF(E13>0,1,0) -> 0 | G13: =INDEX('Thang 05-2026'!$A$3:$C$102,MATCH(A13,'Thang 05-2026'!$A$3:$A$102,0),3) -> 11 | H13: {=INDEX('TONG HOP DIA DIEM'!$A$2:$K$181,MATCH(1,($A13='TONG HOP DIA DIEM'!$A$2:$A$181)*($B13='TONG HOP DIA DIEM'!$B$2:$B$181),0),6)} -> Hiệp Phước - HCM_NM_HPh - Triều Lên | I13: {=INDEX('TONG HOP DIA DIEM'!$A$2:$K$181,MATCH(1,($A13='TONG HOP DIA DIEM'!$A$2:$A$181)*($B13='TONG HOP DIA DIEM'!$B$2:$B$181),0),7)} -> Hiệp Phước - Triều Lên | J13: =C13 -> 1 | K13: =D13 -> 0 | L13: =E13 -> 0 | M13: =F13 -> 0 | N13: =G13 -> 11 | O13: =IF(K13=1,I13&" (QC - Mẫu lặp)","") | P13: =IF(L13=1,I13&" (QC - Mẫu trắng)","") | Q13: =IF(L13=1,I13&" (QC - Mẫu lặp)","")
... A91: Cần Giuộc | B91: Triều Xuống | C91: 1 | D91: {=IF(AND(INDEX('Thang 05-2026'!$A$3:$Q$102,MATCH(1,($A91='Thang 05-2026'!$A$3:$A$102)*($G91='Thang 05-2026'!$C$3:$C$102),0),11)=1,$B91="Triều Xuống"),1,IF(AND(INDEX('Thang 05-2026'!$A$3:$Q$102,MATCH(1,($A91='Thang 05-2026'!$A$3:$A$102)*($G91='Thang 05-2026'!$C$3:$C$102),0),10)=1,$B91="Triều Lên",INDEX('Thang 05-2026'!$A$3:$Q$102,MATCH(1,($A91='Thang 05-2026'!$A$3:$A$102)*($G91='Thang 05-2026'!$C$3:$C$102),0),11)=0),1,0))} -> 0 | E91: {=IF(AND(INDEX('Thang 05-2026'!$A$3:$Q$102,MATCH(1,($A91='Thang 05-2026'!$A$3:$A$102)*($G91='Thang 05-2026'!$C$3:$C$102),0),15)=1,$B91="Triều Xuống"),1,IF(AND(INDEX('Thang 05-2026'!$A$3:$Q$102,MATCH(1,($A91='Thang 05-2026'!$A$3:$A$102)*($G91='Thang 05-2026'!$C$3:$C$102),0),14)=1,$B91="Triều Lên",INDEX('Thang 05-2026'!$A$3:$Q$102,MATCH(1,($A91='Thang 05-2026'!$A$3:$A$102)*($G91='Thang 05-2026'!$C$3:$C$102),0),15)=0),1,0))} -> 0 | F91: =D91+E91+IF(E91>0,1,0) -> 0 | G91: =INDEX('Thang 05-2026'!$A$3:$C$102,MATCH(A91,'Thang 05-2026'!$A$3:$A$102,0),3) -> 21 | H91: {=INDEX('TONG HOP DIA DIEM'!$A$2:$K$181,MATCH(1,($A91='TONG HOP DIA DIEM'!$A$2:$A$181)*($B91='TONG HOP DIA DIEM'!$B$2:$B$181),0),6)} -> Cần Giuộc - HCM_NM_CG - Triều Xuống | I91: {=INDEX('TONG HOP DIA DIEM'!$A$2:$K$181,MATCH(1,($A91='TONG HOP DIA DIEM'!$A$2:$A$181)*($B91='TONG HOP DIA DIEM'!$B$2:$B$181),0),7)} -> Cần Giuộc - Triều Xuống | J91: =C91 -> 1 | K91: =D91 -> 0 | L91: =E91 -> 0 | M91: =F91 -> 0 | N91: =G91 -> 21 | O91: =IF(K91=1,I91&" (QC - Mẫu lặp)","") | P91: =IF(L91=1,I91&" (QC - Mẫu trắng)","") | Q91: =IF(L91=1,I91&" (QC - Mẫu lặp)","")
A92: ĐPNM1 | B92: 01 | C92: 1 | D92: {=IF(AND(INDEX('Thang 05-2026'!$A$3:$Q$102,MATCH(1,($A92='Thang 05-2026'!$A$3:$A$102)*($G92='Thang 05-2026'!$C$3:$C$102),0),11)=1,$B92="Triều Xuống"),1,IF(AND(INDEX('Thang 05-2026'!$A$3:$Q$102,MATCH(1,($A92='Thang 05-2026'!$A$3:$A$102)*($G92='Thang 05-2026'!$C$3:$C$102),0),10)=1,$B92="Triều Lên",INDEX('Thang 05-2026'!$A$3:$Q$102,MATCH(1,($A92='Thang 05-2026'!$A$3:$A$102)*($G92='Thang 05-2026'!$C$3:$C$102),0),11)=0),1,0))} -> 0 | E92: {=IF(AND(INDEX('Thang 05-2026'!$A$3:$Q$102,MATCH(1,($A92='Thang 05-2026'!$A$3:$A$102)*($G92='Thang 05-2026'!$C$3:$C$102),0),15)=1,$B92="Triều Xuống"),1,IF(AND(INDEX('Thang 05-2026'!$A$3:$Q$102,MATCH(1,($A92='Thang 05-2026'!$A$3:$A$102)*($G92='Thang 05-2026'!$C$3:$C$102),0),14)=1,$B92="Triều Lên",INDEX('Thang 05-2026'!$A$3:$Q$102,MATCH(1,($A92='Thang 05-2026'!$A$3:$A$102)*($G92='Thang 05-2026'!$C$3:$C$102),0),15)=0),1,0))} -> 0 | F92: =D92+E92+IF(E92>0,1,0) -> 0 | G92: 22 | H92: {=INDEX('TONG HOP DIA DIEM'!$A$2:$K$181,MATCH(1,($A92='TONG HOP DIA DIEM'!$A$2:$A$181)*($B92='TONG HOP DIA DIEM'!$B$2:$B$181),0),6)} -> ĐPNM1 - HCM_NM_ĐPNM1 - 01 | I92: {=INDEX('TONG HOP DIA DIEM'!$A$2:$K$181,MATCH(1,($A92='TONG HOP DIA DIEM'!$A$2:$A$181)*($B92='TONG HOP DIA DIEM'!$B$2:$B$181),0),7)} -> ĐPNM1 - 01 | J92: =C92 -> 1 | K92: =D92 -> 0 | L92: =E92 -> 0 | M92: =F92 -> 0 | N92: =G92 -> 22 | O92: =IF(K92=1,I92&" (QC - Mẫu lặp)","") | P92: =IF(L92=1,I92&" (QC - Mẫu trắng)","") | Q92: =IF(L92=1,I92&" (QC - Mẫu lặp)","")
A93: ĐPNM4 | B93: 01 | C93: 1 | D93: {=IF(AND(INDEX('Thang 05-2026'!$A$3:$Q$102,MATCH(1,($A93='Thang 05-2026'!$A$3:$A$102)*($G93='Thang 05-2026'!$C$3:$C$102),0),11)=1,$B93="Triều Xuống"),1,IF(AND(INDEX('Thang 05-2026'!$A$3:$Q$102,MATCH(1,($A93='Thang 05-2026'!$A$3:$A$102)*($G93='Thang 05-2026'!$C$3:$C$102),0),10)=1,$B93="Triều Lên",INDEX('Thang 05-2026'!$A$3:$Q$102,MATCH(1,($A93='Thang 05-2026'!$A$3:$A$102)*($G93='Thang 05-2026'!$C$3:$C$102),0),11)=0),1,0))} -> 0 | E93: {=IF(AND(INDEX('Thang 05-2026'!$A$3:$Q$102,MATCH(1,($A93='Thang 05-2026'!$A$3:$A$102)*($G93='Thang 05-2026'!$C$3:$C$102),0),15)=1,$B93="Triều Xuống"),1,IF(AND(INDEX('Thang 05-2026'!$A$3:$Q$102,MATCH(1,($A93='Thang 05-2026'!$A$3:$A$102)*($G93='Thang 05-2026'!$C$3:$C$102),0),14)=1,$B93="Triều Lên",INDEX('Thang 05-2026'!$A$3:$Q$102,MATCH(1,($A93='Thang 05-2026'!$A$3:$A$102)*($G93='Thang 05-2026'!$C$3:$C$102),0),15)=0),1,0))} -> 0 | F93: =D93+E93+IF(E93>0,1,0) -> 0 | G93: 22 | H93: {=INDEX('TONG HOP DIA DIEM'!$A$2:$K$181,MATCH(1,($A93='TONG HOP DIA DIEM'!$A$2:$A$181)*($B93='TONG HOP DIA DIEM'!$B$2:$B$181),0),6)} -> ĐPNM4 - HCM_NM_ĐPNM4 - 01 | I93: {=INDEX('TONG HOP DIA DIEM'!$A$2:$K$181,MATCH(1,($A93='TONG HOP DIA DIEM'!$A$2:$A$181)*($B93='TONG HOP DIA DIEM'!$B$2:$B$181),0),7)} -> ĐPNM4 - 01 | J93: =C93 -> 1 | K93: =D93 -> 0 | L93: =E93 -> 0 | M93: =F93 -> 0 | N93: =G93 -> 22 | O93: =IF(K93=1,I93&" (QC - Mẫu lặp)","") | P93: =IF(L93=1,I93&" (QC - Mẫu trắng)","") | Q93: =IF(L93=1,I93&" (QC - Mẫu lặp)","")
A94: ĐPNM5 | B94: 01 | C94: 1 | D94: {=IF(AND(INDEX('Thang 05-2026'!$A$3:$Q$102,MATCH(1,($A94='Thang 05-2026'!$A$3:$A$102)*($G94='Thang 05-2026'!$C$3:$C$102),0),11)=1,$B94="Triều Xuống"),1,IF(AND(INDEX('Thang 05-2026'!$A$3:$Q$102,MATCH(1,($A94='Thang 05-2026'!$A$3:$A$102)*($G94='Thang 05-2026'!$C$3:$C$102),0),10)=1,$B94="Triều Lên",INDEX('Thang 05-2026'!$A$3:$Q$102,MATCH(1,($A94='Thang 05-2026'!$A$3:$A$102)*($G94='Thang 05-2026'!$C$3:$C$102),0),11)=0),1,0))} -> 0 | E94: {=IF(AND(INDEX('Thang 05-2026'!$A$3:$Q$102,MATCH(1,($A94='Thang 05-2026'!$A$3:$A$102)*($G94='Thang 05-2026'!$C$3:$C$102),0),15)=1,$B94="Triều Xuống"),1,IF(AND(INDEX('Thang 05-2026'!$A$3:$Q$102,MATCH(1,($A94='Thang 05-2026'!$A$3:$A$102)*($G94='Thang 05-2026'!$C$3:$C$102),0),14)=1,$B94="Triều Lên",INDEX('Thang 05-2026'!$A$3:$Q$102,MATCH(1,($A94='Thang 05-2026'!$A$3:$A$102)*($G94='Thang 05-2026'!$C$3:$C$102),0),15)=0),1,0))} -> 0 | F94: =D94+E94+IF(E94>0,1,0) -> 0 | G94: 22 | H94: {=INDEX('TONG HOP DIA DIEM'!$A$2:$K$181,MATCH(1,($A94='TONG HOP DIA DIEM'!$A$2:$A$181)*($B94='TONG HOP DIA DIEM'!$B$2:$B$181),0),6)} -> ĐPNM5 - HCM_NM_ĐPNM5 - 01 | I94: {=INDEX('TONG HOP DIA DIEM'!$A$2:$K$181,MATCH(1,($A94='TONG HOP DIA DIEM'!$A$2:$A$181)*($B94='TONG HOP DIA DIEM'!$B$2:$B$181),0),7)} -> ĐPNM5 - 01 | J94: =C94 -> 1 | K94: =D94 -> 0 | L94: =E94 -> 0 | M94: =F94 -> 0 | N94: =G94 -> 22 | O94: =IF(K94=1,I94&" (QC - Mẫu lặp)","") | P94: =IF(L94=1,I94&" (QC - Mẫu trắng)","") | Q94: =IF(L94=1,I94&" (QC - Mẫu lặp)","")
A95: ĐPNM8 | B95: 01 | C95: 1 | D95: {=IF(AND(INDEX('Thang 05-2026'!$A$3:$Q$102,MATCH(1,($A95='Thang 05-2026'!$A$3:$A$102)*($G95='Thang 05-2026'!$C$3:$C$102),0),11)=1,$B95="Triều Xuống"),1,IF(AND(INDEX('Thang 05-2026'!$A$3:$Q$102,MATCH(1,($A95='Thang 05-2026'!$A$3:$A$102)*($G95='Thang 05-2026'!$C$3:$C$102),0),10)=1,$B95="Triều Lên",INDEX('Thang 05-2026'!$A$3:$Q$102,MATCH(1,($A95='Thang 05-2026'!$A$3:$A$102)*($G95='Thang 05-2026'!$C$3:$C$102),0),11)=0),1,0))} -> 0 | E95: {=IF(AND(INDEX('Thang 05-2026'!$A$3:$Q$102,MATCH(1,($A95='Thang 05-2026'!$A$3:$A$102)*($G95='Thang 05-2026'!$C$3:$C$102),0),15)=1,$B95="Triều Xuống"),1,IF(AND(INDEX('Thang 05-2026'!$A$3:$Q$102,MATCH(1,($A95='Thang 05-2026'!$A$3:$A$102)*($G95='Thang 05-2026'!$C$3:$C$102),0),14)=1,$B95="Triều Lên",INDEX('Thang 05-2026'!$A$3:$Q$102,MATCH(1,($A95='Thang 05-2026'!$A$3:$A$102)*($G95='Thang 05-2026'!$C$3:$C$102),0),15)=0),1,0))} -> 0 | F95: =D95+E95+IF(E95>0,1,0) -> 0 | G95: 22 | H95: {=INDEX('TONG HOP DIA DIEM'!$A$2:$K$181,MATCH(1,($A95='TONG HOP DIA DIEM'!$A$2:$A$181)*($B95='TONG HOP DIA DIEM'!$B$2:$B$181),0),6)} -> ĐPNM8 - HCM_NM_ĐPNM8 - 01 | I95: {=INDEX('TONG HOP DIA DIEM'!$A$2:$K$181,MATCH(1,($A95='TONG HOP DIA DIEM'!$A$2:$A$181)*($B95='TONG HOP DIA DIEM'!$B$2:$B$181),0),7)} -> ĐPNM8 - 01 | J95: =C95 -> 1 | K95: =D95 -> 0 | L95: =E95 -> 0 | M95: =F95 -> 0 | N95: =G95 -> 22 | O95: =IF(K95=1,I95&" (QC - Mẫu lặp)","") | P95: =IF(L95=1,I95&" (QC - Mẫu trắng)","") | Q95: =IF(L95=1,I95&" (QC - Mẫu lặp)","")
A96: ĐPNM1 | B96: 02 | C96: 1 | D96: {=IF(AND(INDEX('Thang 05-2026'!$A$3:$Q$102,MATCH(1,($A96='Thang 05-2026'!$A$3:$A$102)*($G96='Thang 05-2026'!$C$3:$C$102),0),11)=1,$B96="Triều Xuống"),1,IF(AND(INDEX('Thang 05-2026'!$A$3:$Q$102,MATCH(1,($A96='Thang 05-2026'!$A$3:$A$102)*($G96='Thang 05-2026'!$C$3:$C$102),0),10)=1,$B96="Triều Lên",INDEX('Thang 05-2026'!$A$3:$Q$102,MATCH(1,($A96='Thang 05-2026'!$A$3:$A$102)*($G96='Thang 05-2026'!$C$3:$C$102),0),11)=0),1,0))} -> 0 | E96: {=IF(AND(INDEX('Thang 05-2026'!$A$3:$Q$102,MATCH(1,($A96='Thang 05-2026'!$A$3:$A$102)*($G96='Thang 05-2026'!$C$3:$C$102),0),15)=1,$B96="Triều Xuống"),1,IF(AND(INDEX('Thang 05-2026'!$A$3:$Q$102,MATCH(1,($A96='Thang 05-2026'!$A$3:$A$102)*($G96='Thang 05-2026'!$C$3:$C$102),0),14)=1,$B96="Triều Lên",INDEX('Thang 05-2026'!$A$3:$Q$102,MATCH(1,($A96='Thang 05-2026'!$A$3:$A$102)*($G96='Thang 05-2026'!$C$3:$C$102),0),15)=0),1,0))} -> 0 | F96: =D96+E96+IF(E96>0,1,0) -> 0 | G96: 22 | H96: {=INDEX('TONG HOP DIA DIEM'!$A$2:$K$181,MATCH(1,($A96='TONG HOP DIA DIEM'!$A$2:$A$181)*($B96='TONG HOP DIA DIEM'!$B$2:$B$181),0),6)} -> ĐPNM1 - HCM_NM_ĐPNM1 - 02 | I96: {=INDEX('TONG HOP DIA DIEM'!$A$2:$K$181,MATCH(1,($A96='TONG HOP DIA DIEM'!$A$2:$A$181)*($B96='TONG HOP DIA DIEM'!$B$2:$B$181),0),7)} -> ĐPNM1 - 02 | J96: =C96 -> 1 | K96: =D96 -> 0 | L96: =E96 -> 0 | M96: =F96 -> 0 | N96: =G96 -> 22 | O96: =IF(K96=1,I96&" (QC - Mẫu lặp)","") | P96: =IF(L96=1,I96&" (QC - Mẫu trắng)","") | Q96: =IF(L96=1,I96&" (QC - Mẫu lặp)","")
A97: ĐPNM4 | B97: 02 | C97: 1 | D97: {=IF(AND(INDEX('Thang 05-2026'!$A$3:$Q$102,MATCH(1,($A97='Thang 05-2026'!$A$3:$A$102)*($G97='Thang 05-2026'!$C$3:$C$102),0),11)=1,$B97="Triều Xuống"),1,IF(AND(INDEX('Thang 05-2026'!$A$3:$Q$102,MATCH(1,($A97='Thang 05-2026'!$A$3:$A$102)*($G97='Thang 05-2026'!$C$3:$C$102),0),10)=1,$B97="Triều Lên",INDEX('Thang 05-2026'!$A$3:$Q$102,MATCH(1,($A97='Thang 05-2026'!$A$3:$A$102)*($G97='Thang 05-2026'!$C$3:$C$102),0),11)=0),1,0))} -> 0 | E97: {=IF(AND(INDEX('Thang 05-2026'!$A$3:$Q$102,MATCH(1,($A97='Thang 05-2026'!$A$3:$A$102)*($G97='Thang 05-2026'!$C$3:$C$102),0),15)=1,$B97="Triều Xuống"),1,IF(AND(INDEX('Thang 05-2026'!$A$3:$Q$102,MATCH(1,($A97='Thang 05-2026'!$A$3:$A$102)*($G97='Thang 05-2026'!$C$3:$C$102),0),14)=1,$B97="Triều Lên",INDEX('Thang 05-2026'!$A$3:$Q$102,MATCH(1,($A97='Thang 05-2026'!$A$3:$A$102)*($G97='Thang 05-2026'!$C$3:$C$102),0),15)=0),1,0))} -> 0 | F97: =D97+E97+IF(E97>0,1,0) -> 0 | G97: 22 | H97: {=INDEX('TONG HOP DIA DIEM'!$A$2:$K$181,MATCH(1,($A97='TONG HOP DIA DIEM'!$A$2:$A$181)*($B97='TONG HOP DIA DIEM'!$B$2:$B$181),0),6)} -> ĐPNM4 - HCM_NM_ĐPNM4 - 02 | I97: {=INDEX('TONG HOP DIA DIEM'!$A$2:$K$181,MATCH(1,($A97='TONG HOP DIA DIEM'!$A$2:$A$181)*($B97='TONG HOP DIA DIEM'!$B$2:$B$181),0),7)} -> ĐPNM4 - 02 | J97: =C97 -> 1 | K97: =D97 -> 0 | L97: =E97 -> 0 | M97: =F97 -> 0 | N97: =G97 -> 22 | O97: =IF(K97=1,I97&" (QC - Mẫu lặp)","") | P97: =IF(L97=1,I97&" (QC - Mẫu trắng)","") | Q97: =IF(L97=1,I97&" (QC - Mẫu lặp)","")
A98: ĐPNM5 | B98: 02 | C98: 1 | D98: {=IF(AND(INDEX('Thang 05-2026'!$A$3:$Q$102,MATCH(1,($A98='Thang 05-2026'!$A$3:$A$102)*($G98='Thang 05-2026'!$C$3:$C$102),0),11)=1,$B98="Triều Xuống"),1,IF(AND(INDEX('Thang 05-2026'!$A$3:$Q$102,MATCH(1,($A98='Thang 05-2026'!$A$3:$A$102)*($G98='Thang 05-2026'!$C$3:$C$102),0),10)=1,$B98="Triều Lên",INDEX('Thang 05-2026'!$A$3:$Q$102,MATCH(1,($A98='Thang 05-2026'!$A$3:$A$102)*($G98='Thang 05-2026'!$C$3:$C$102),0),11)=0),1,0))} -> 0 | E98: {=IF(AND(INDEX('Thang 05-2026'!$A$3:$Q$102,MATCH(1,($A98='Thang 05-2026'!$A$3:$A$102)*($G98='Thang 05-2026'!$C$3:$C$102),0),15)=1,$B98="Triều Xuống"),1,IF(AND(INDEX('Thang 05-2026'!$A$3:$Q$102,MATCH(1,($A98='Thang 05-2026'!$A$3:$A$102)*($G98='Thang 05-2026'!$C$3:$C$102),0),14)=1,$B98="Triều Lên",INDEX('Thang 05-2026'!$A$3:$Q$102,MATCH(1,($A98='Thang 05-2026'!$A$3:$A$102)*($G98='Thang 05-2026'!$C$3:$C$102),0),15)=0),1,0))} -> 0 | F98: =D98+E98+IF(E98>0,1,0) -> 0 | G98: 22 | H98: {=INDEX('TONG HOP DIA DIEM'!$A$2:$K$181,MATCH(1,($A98='TONG HOP DIA DIEM'!$A$2:$A$181)*($B98='TONG HOP DIA DIEM'!$B$2:$B$181),0),6)} -> ĐPNM5 - HCM_NM_ĐPNM5 - 02 | I98: {=INDEX('TONG HOP DIA DIEM'!$A$2:$K$181,MATCH(1,($A98='TONG HOP DIA DIEM'!$A$2:$A$181)*($B98='TONG HOP DIA DIEM'!$B$2:$B$181),0),7)} -> ĐPNM5 - 02 | J98: =C98 -> 1 | K98: =D98 -> 0 | L98: =E98 -> 0 | M98: =F98 -> 0 | N98: =G98 -> 22 | O98: =IF(K98=1,I98&" (QC - Mẫu lặp)","") | P98: =IF(L98=1,I98&" (QC - Mẫu trắng)","") | Q98: =IF(L98=1,I98&" (QC - Mẫu lặp)","")
A99: ĐPNM8 | B99: 02 | C99: 1 | D99: {=IF(AND(INDEX('Thang 05-2026'!$A$3:$Q$102,MATCH(1,($A99='Thang 05-2026'!$A$3:$A$102)*($G99='Thang 05-2026'!$C$3:$C$102),0),11)=1,$B99="Triều Xuống"),1,IF(AND(INDEX('Thang 05-2026'!$A$3:$Q$102,MATCH(1,($A99='Thang 05-2026'!$A$3:$A$102)*($G99='Thang 05-2026'!$C$3:$C$102),0),10)=1,$B99="Triều Lên",INDEX('Thang 05-2026'!$A$3:$Q$102,MATCH(1,($A99='Thang 05-2026'!$A$3:$A$102)*($G99='Thang 05-2026'!$C$3:$C$102),0),11)=0),1,0))} -> 0 | E99: {=IF(AND(INDEX('Thang 05-2026'!$A$3:$Q$102,MATCH(1,($A99='Thang 05-2026'!$A$3:$A$102)*($G99='Thang 05-2026'!$C$3:$C$102),0),15)=1,$B99="Triều Xuống"),1,IF(AND(INDEX('Thang 05-2026'!$A$3:$Q$102,MATCH(1,($A99='Thang 05-2026'!$A$3:$A$102)*($G99='Thang 05-2026'!$C$3:$C$102),0),14)=1,$B99="Triều Lên",INDEX('Thang 05-2026'!$A$3:$Q$102,MATCH(1,($A99='Thang 05-2026'!$A$3:$A$102)*($G99='Thang 05-2026'!$C$3:$C$102),0),15)=0),1,0))} -> 0 | F99: =D99+E99+IF(E99>0,1,0) -> 0 | G99: 22 | H99: {=INDEX('TONG HOP DIA DIEM'!$A$2:$K$181,MATCH(1,($A99='TONG HOP DIA DIEM'!$A$2:$A$181)*($B99='TONG HOP DIA DIEM'!$B$2:$B$181),0),6)} -> ĐPNM8 - HCM_NM_ĐPNM8 - 02 | I99: {=INDEX('TONG HOP DIA DIEM'!$A$2:$K$181,MATCH(1,($A99='TONG HOP DIA DIEM'!$A$2:$A$181)*($B99='TONG HOP DIA DIEM'!$B$2:$B$181),0),7)} -> ĐPNM8 - 02 | J99: =C99 -> 1 | K99: =D99 -> 0 | L99: =E99 -> 0 | M99: =F99 -> 0 | N99: =G99 -> 22 | O99: =IF(K99=1,I99&" (QC - Mẫu lặp)","") | P99: =IF(L99=1,I99&" (QC - Mẫu trắng)","") | Q99: =IF(L99=1,I99&" (QC - Mẫu lặp)","")
A100: Cầu Gò Công | B100: Triều Lên | C100: 1 | D100: {=IF(AND(INDEX('Thang 05-2026'!$A$3:$Q$102,MATCH(1,($A100='Thang 05-2026'!$A$3:$A$102)*($G100='Thang 05-2026'!$C$3:$C$102),0),11)=1,$B100="Triều Xuống"),1,IF(AND(INDEX('Thang 05-2026'!$A$3:$Q$102,MATCH(1,($A100='Thang 05-2026'!$A$3:$A$102)*($G100='Thang 05-2026'!$C$3:$C$102),0),10)=1,$B100="Triều Lên",INDEX('Thang 05-2026'!$A$3:$Q$102,MATCH(1,($A100='Thang 05-2026'!$A$3:$A$102)*($G100='Thang 05-2026'!$C$3:$C$102),0),11)=0),1,0))} -> 0 | E100: {=IF(AND(INDEX('Thang 05-2026'!$A$3:$Q$102,MATCH(1,($A100='Thang 05-2026'!$A$3:$A$102)*($G100='Thang 05-2026'!$C$3:$C$102),0),15)=1,$B100="Triều Xuống"),1,IF(AND(INDEX('Thang 05-2026'!$A$3:$Q$102,MATCH(1,($A100='Thang 05-2026'!$A$3:$A$102)*($G100='Thang 05-2026'!$C$3:$C$102),0),14)=1,$B100="Triều Lên",INDEX('Thang 05-2026'!$A$3:$Q$102,MATCH(1,($A100='Thang 05-2026'!$A$3:$A$102)*($G100='Thang 05-2026'!$C$3:$C$102),0),15)=0),1,0))} -> 0 | F100: =D100+E100+IF(E100>0,1,0) -> 0 | G100: =INDEX('Thang 05-2026'!$A$3:$C$102,MATCH(A100,'Thang 05-2026'!$A$3:$A$102,0),3) -> 26 | H100: {=INDEX('TONG HOP DIA DIEM'!$A$2:$K$181,MATCH(1,($A100='TONG HOP DIA DIEM'!$A$2:$A$181)*($B100='TONG HOP DIA DIEM'!$B$2:$B$181),0),6)} -> Cầu Gò Công - HCM_NM_CGC - Triều Lên | I100: {=INDEX('TONG HOP DIA DIEM'!$A$2:$K$181,MATCH(1,($A100='TONG HOP DIA DIEM'!$A$2:$A$181)*($B100='TONG HOP DIA DIEM'!$B$2:$B$181),0),7)} -> Cầu Gò Công - Triều Lên | J100: =C100 -> 1 | K100: =D100 -> 0 | L100: =E100 -> 0 | M100: =F100 -> 0 | N100: =G100 -> 26 | O100: =IF(K100=1,I100&" (QC - Mẫu lặp)","") | P100: =IF(L100=1,I100&" (QC - Mẫu trắng)","") | Q100: =IF(L100=1,I100&" (QC - Mẫu lặp)","")
A101: Cầu Gò Công | B101: Triều Xuống | C101: 1 | D101: {=IF(AND(INDEX('Thang 05-2026'!$A$3:$Q$102,MATCH(1,($A101='Thang 05-2026'!$A$3:$A$102)*($G101='Thang 05-2026'!$C$3:$C$102),0),11)=1,$B101="Triều Xuống"),1,IF(AND(INDEX('Thang 05-2026'!$A$3:$Q$102,MATCH(1,($A101='Thang 05-2026'!$A$3:$A$102)*($G101='Thang 05-2026'!$C$3:$C$102),0),10)=1,$B101="Triều Lên",INDEX('Thang 05-2026'!$A$3:$Q$102,MATCH(1,($A101='Thang 05-2026'!$A$3:$A$102)*($G101='Thang 05-2026'!$C$3:$C$102),0),11)=0),1,0))} -> 0 | E101: {=IF(AND(INDEX('Thang 05-2026'!$A$3:$Q$102,MATCH(1,($A101='Thang 05-2026'!$A$3:$A$102)*($G101='Thang 05-2026'!$C$3:$C$102),0),15)=1,$B101="Triều Xuống"),1,IF(AND(INDEX('Thang 05-2026'!$A$3:$Q$102,MATCH(1,($A101='Thang 05-2026'!$A$3:$A$102)*($G101='Thang 05-2026'!$C$3:$C$102),0),14)=1,$B101="Triều Lên",INDEX('Thang 05-2026'!$A$3:$Q$102,MATCH(1,($A101='Thang 05-2026'!$A$3:$A$102)*($G101='Thang 05-2026'!$C$3:$C$102),0),15)=0),1,0))} -> 0 | F101: =D101+E101+IF(E101>0,1,0) -> 0 | G101: =INDEX('Thang 05-2026'!$A$3:$C$102,MATCH(A101,'Thang 05-2026'!$A$3:$A$102,0),3) -> 26 | H101: {=INDEX('TONG HOP DIA DIEM'!$A$2:$K$181,MATCH(1,($A101='TONG HOP DIA DIEM'!$A$2:$A$181)*($B101='TONG HOP DIA DIEM'!$B$2:$B$181),0),6)} -> Cầu Gò Công - HCM_NM_CGC - Triều Xuống | I101: {=INDEX('TONG HOP DIA DIEM'!$A$2:$K$181,MATCH(1,($A101='TONG HOP DIA DIEM'!$A$2:$A$181)*($B101='TONG HOP DIA DIEM'!$B$2:$B$181),0),7)} -> Cầu Gò Công - Triều Xuống | J101: =C101 -> 1 | K101: =D101 -> 0 | L101: =E101 -> 0 | M101: =F101 -> 0 | N101: =G101 -> 26 | O101: =IF(K101=1,I101&" (QC - Mẫu lặp)","") | P101: =IF(L101=1,I101&" (QC - Mẫu trắng)","") | Q101: =IF(L101=1,I101&" (QC - Mẫu lặp)","")
A102: Hồ Ngọc Lãm | B102: Triều Lên | C102: 1 | D102: {=IF(AND(INDEX('Thang 05-2026'!$A$3:$Q$102,MATCH(1,($A102='Thang 05-2026'!$A$3:$A$102)*($G102='Thang 05-2026'!$C$3:$C$102),0),11)=1,$B102="Triều Xuống"),1,IF(AND(INDEX('Thang 05-2026'!$A$3:$Q$102,MATCH(1,($A102='Thang 05-2026'!$A$3:$A$102)*($G102='Thang 05-2026'!$C$3:$C$102),0),10)=1,$B102="Triều Lên",INDEX('Thang 05-2026'!$A$3:$Q$102,MATCH(1,($A102='Thang 05-2026'!$A$3:$A$102)*($G102='Thang 05-2026'!$C$3:$C$102),0),11)=0),1,0))} -> 0 | E102: {=IF(AND(INDEX('Thang 05-2026'!$A$3:$Q$102,MATCH(1,($A102='Thang 05-2026'!$A$3:$A$102)*($G102='Thang 05-2026'!$C$3:$C$102),0),15)=1,$B102="Triều Xuống"),1,IF(AND(INDEX('Thang 05-2026'!$A$3:$Q$102,MATCH(1,($A102='Thang 05-2026'!$A$3:$A$102)*($G102='Thang 05-2026'!$C$3:$C$102),0),14)=1,$B102="Triều Lên",INDEX('Thang 05-2026'!$A$3:$Q$102,MATCH(1,($A102='Thang 05-2026'!$A$3:$A$102)*($G102='Thang 05-2026'!$C$3:$C$102),0),15)=0),1,0))} -> 0 | F102: =D102+E102+IF(E102>0,1,0) -> 0 | G102: =INDEX('Thang 05-2026'!$A$3:$C$102,MATCH(A102,'Thang 05-2026'!$A$3:$A$102,0),3) -> 27 | H102: {=INDEX('TONG HOP DIA DIEM'!$A$2:$K$181,MATCH(1,($A102='TONG HOP DIA DIEM'!$A$2:$A$181)*($B102='TONG HOP DIA DIEM'!$B$2:$B$181),0),6)} -> Hồ Ngọc Lãm - HCM_NM_HNL - Triều Lên | I102: {=INDEX('TONG HOP DIA DIEM'!$A$2:$K$181,MATCH(1,($A102='TONG HOP DIA DIEM'!$A$2:$A$181)*($B102='TONG HOP DIA DIEM'!$B$2:$B$181),0),7)} -> Hồ Ngọc Lãm - Triều Lên | J102: =C102 -> 1 | K102: =D102 -> 0 | L102: =E102 -> 0 | M102: =F102 -> 0 | N102: =G102 -> 27 | O102: =IF(K102=1,I102&" (QC - Mẫu lặp)","") | P102: =IF(L102=1,I102&" (QC - Mẫu trắng)","") | Q102: =IF(L102=1,I102&" (QC - Mẫu lặp)","")
A103: Bình Ðiền | B103: Triều Lên | C103: 1 | D103: {=IF(AND(INDEX('Thang 05-2026'!$A$3:$Q$102,MATCH(1,($A103='Thang 05-2026'!$A$3:$A$102)*($G103='Thang 05-2026'!$C$3:$C$102),0),11)=1,$B103="Triều Xuống"),1,IF(AND(INDEX('Thang 05-2026'!$A$3:$Q$102,MATCH(1,($A103='Thang 05-2026'!$A$3:$A$102)*($G103='Thang 05-2026'!$C$3:$C$102),0),10)=1,$B103="Triều Lên",INDEX('Thang 05-2026'!$A$3:$Q$102,MATCH(1,($A103='Thang 05-2026'!$A$3:$A$102)*($G103='Thang 05-2026'!$C$3:$C$102),0),11)=0),1,0))} -> 0 | E103: {=IF(AND(INDEX('Thang 05-2026'!$A$3:$Q$102,MATCH(1,($A103='Thang 05-2026'!$A$3:$A$102)*($G103='Thang 05-2026'!$C$3:$C$102),0),15)=1,$B103="Triều Xuống"),1,IF(AND(INDEX('Thang 05-2026'!$A$3:$Q$102,MATCH(1,($A103='Thang 05-2026'!$A$3:$A$102)*($G103='Thang 05-2026'!$C$3:$C$102),0),14)=1,$B103="Triều Lên",INDEX('Thang 05-2026'!$A$3:$Q$102,MATCH(1,($A103='Thang 05-2026'!$A$3:$A$102)*($G103='Thang 05-2026'!$C$3:$C$102),0),15)=0),1,0))} -> 0 | F103: =D103+E103+IF(E103>0,1,0) -> 0 | G103: =INDEX('Thang 05-2026'!$A$3:$C$102,MATCH(A103,'Thang 05-2026'!$A$3:$A$102,0),3) -> 27 | H103: {=INDEX('TONG HOP DIA DIEM'!$A$2:$K$181,MATCH(1,($A103='TONG HOP DIA DIEM'!$A$2:$A$181)*($B103='TONG HOP DIA DIEM'!$B$2:$B$181),0),6)} -> Bình Ðiền - HCM_NM_BĐ - Triều Lên | I103: {=INDEX('TONG HOP DIA DIEM'!$A$2:$K$181,MATCH(1,($A103='TONG HOP DIA DIEM'!$A$2:$A$181)*($B103='TONG HOP DIA DIEM'!$B$2:$B$181),0),7)} -> Bình Ðiền - Triều Lên | J103: =C103 -> 1 | K103: =D103 -> 0 | L103: =E103 -> 0 | M103: =F103 -> 0 | N103: =G103 -> 27 | O103: =IF(K103=1,I103&" (QC - Mẫu lặp)","") | P103: =IF(L103=1,I103&" (QC - Mẫu trắng)","") | Q103: =IF(L103=1,I103&" (QC - Mẫu lặp)","")
A104: Chợ Đệm | B104: Triều Lên | C104: 1 | D104: {=IF(AND(INDEX('Thang 05-2026'!$A$3:$Q$102,MATCH(1,($A104='Thang 05-2026'!$A$3:$A$102)*($G104='Thang 05-2026'!$C$3:$C$102),0),11)=1,$B104="Triều Xuống"),1,IF(AND(INDEX('Thang 05-2026'!$A$3:$Q$102,MATCH(1,($A104='Thang 05-2026'!$A$3:$A$102)*($G104='Thang 05-2026'!$C$3:$C$102),0),10)=1,$B104="Triều Lên",INDEX('Thang 05-2026'!$A$3:$Q$102,MATCH(1,($A104='Thang 05-2026'!$A$3:$A$102)*($G104='Thang 05-2026'!$C$3:$C$102),0),11)=0),1,0))} -> 0 | E104: {=IF(AND(INDEX('Thang 05-2026'!$A$3:$Q$102,MATCH(1,($A104='Thang 05-2026'!$A$3:$A$102)*($G104='Thang 05-2026'!$C$3:$C$102),0),15)=1,$B104="Triều Xuống"),1,IF(AND(INDEX('Thang 05-2026'!$A$3:$Q$102,MATCH(1,($A104='Thang 05-2026'!$A$3:$A$102)*($G104='Thang 05-2026'!$C$3:$C$102),0),14)=1,$B104="Triều Lên",INDEX('Thang 05-2026'!$A$3:$Q$102,MATCH(1,($A104='Thang 05-2026'!$A$3:$A$102)*($G104='Thang 05-2026'!$C$3:$C$102),0),15)=0),1,0))} -> 0 | F104: =D104+E104+IF(E104>0,1,0) -> 0 | G104: =INDEX('Thang 05-2026'!$A$3:$C$102,MATCH(A104,'Thang 05-2026'!$A$3:$A$102,0),3) -> 27 | H104: {=INDEX('TONG HOP DIA DIEM'!$A$2:$K$181,MATCH(1,($A104='TONG HOP DIA DIEM'!$A$2:$A$181)*($B104='TONG HOP DIA DIEM'!$B$2:$B$181),0),6)} -> Chợ Đệm - HCM_NM_CĐe - Triều Lên | I104: {=INDEX('TONG HOP DIA DIEM'!$A$2:$K$181,MATCH(1,($A104='TONG HOP DIA DIEM'!$A$2:$A$181)*($B104='TONG HOP DIA DIEM'!$B$2:$B$181),0),7)} -> Chợ Đệm - Triều Lên | J104: =C104 -> 1 | K104: =D104 -> 0 | L104: =E104 -> 0 | M104: =F104 -> 0 | N104: =G104 -> 27 | O104: =IF(K104=1,I104&" (QC - Mẫu lặp)","") | P104: =IF(L104=1,I104&" (QC - Mẫu trắng)","") | Q104: =IF(L104=1,I104&" (QC - Mẫu lặp)","")
A105: Hồ Ngọc Lãm | B105: Triều Xuống | C105: 1 | D105: {=IF(AND(INDEX('Thang 05-2026'!$A$3:$Q$102,MATCH(1,($A105='Thang 05-2026'!$A$3:$A$102)*($G105='Thang 05-2026'!$C$3:$C$102),0),11)=1,$B105="Triều Xuống"),1,IF(AND(INDEX('Thang 05-2026'!$A$3:$Q$102,MATCH(1,($A105='Thang 05-2026'!$A$3:$A$102)*($G105='Thang 05-2026'!$C$3:$C$102),0),10)=1,$B105="Triều Lên",INDEX('Thang 05-2026'!$A$3:$Q$102,MATCH(1,($A105='Thang 05-2026'!$A$3:$A$102)*($G105='Thang 05-2026'!$C$3:$C$102),0),11)=0),1,0))} -> 0 | E105: {=IF(AND(INDEX('Thang 05-2026'!$A$3:$Q$102,MATCH(1,($A105='Thang 05-2026'!$A$3:$A$102)*($G105='Thang 05-2026'!$C$3:$C$102),0),15)=1,$B105="Triều Xuống"),1,IF(AND(INDEX('Thang 05-2026'!$A$3:$Q$102,MATCH(1,($A105='Thang 05-2026'!$A$3:$A$102)*($G105='Thang 05-2026'!$C$3:$C$102),0),14)=1,$B105="Triều Lên",INDEX('Thang 05-2026'!$A$3:$Q$102,MATCH(1,($A105='Thang 05-2026'!$A$3:$A$102)*($G105='Thang 05-2026'!$C$3:$C$102),0),15)=0),1,0))} -> 0 | F105: =D105+E105+IF(E105>0,1,0) -> 0 | G105: =INDEX('Thang 05-2026'!$A$3:$C$102,MATCH(A105,'Thang 05-2026'!$A$3:$A$102,0),3) -> 27 | H105: {=INDEX('TONG HOP DIA DIEM'!$A$2:$K$181,MATCH(1,($A105='TONG HOP DIA DIEM'!$A$2:$A$181)*($B105='TONG HOP DIA DIEM'!$B$2:$B$181),0),6)} -> Hồ Ngọc Lãm - HCM_NM_HNL - Triều Xuống | I105: {=INDEX('TONG HOP DIA DIEM'!$A$2:$K$181,MATCH(1,($A105='TONG HOP DIA DIEM'!$A$2:$A$181)*($B105='TONG HOP DIA DIEM'!$B$2:$B$181),0),7)} -> Hồ Ngọc Lãm - Triều Xuống | J105: =C105 -> 1 | K105: =D105 -> 0 | L105: =E105 -> 0 | M105: =F105 -> 0 | N105: =G105 -> 27 | O105: =IF(K105=1,I105&" (QC - Mẫu lặp)","") | P105: =IF(L105=1,I105&" (QC - Mẫu trắng)","") | Q105: =IF(L105=1,I105&" (QC - Mẫu lặp)","")
A106: Bình Ðiền | B106: Triều Xuống | C106: 1 | D106: {=IF(AND(INDEX('Thang 05-2026'!$A$3:$Q$102,MATCH(1,($A106='Thang 05-2026'!$A$3:$A$102)*($G106='Thang 05-2026'!$C$3:$C$102),0),11)=1,$B106="Triều Xuống"),1,IF(AND(INDEX('Thang 05-2026'!$A$3:$Q$102,MATCH(1,($A106='Thang 05-2026'!$A$3:$A$102)*($G106='Thang 05-2026'!$C$3:$C$102),0),10)=1,$B106="Triều Lên",INDEX('Thang 05-2026'!$A$3:$Q$102,MATCH(1,($A106='Thang 05-2026'!$A$3:$A$102)*($G106='Thang 05-2026'!$C$3:$C$102),0),11)=0),1,0))} -> 0 | E106: {=IF(AND(INDEX('Thang 05-2026'!$A$3:$Q$102,MATCH(1,($A106='Thang 05-2026'!$A$3:$A$102)*($G106='Thang 05-2026'!$C$3:$C$102),0),15)=1,$B106="Triều Xuống"),1,IF(AND(INDEX('Thang 05-2026'!$A$3:$Q$102,MATCH(1,($A106='Thang 05-2026'!$A$3:$A$102)*($G106='Thang 05-2026'!$C$3:$C$102),0),14)=1,$B106="Triều Lên",INDEX('Thang 05-2026'!$A$3:$Q$102,MATCH(1,($A106='Thang 05-2026'!$A$3:$A$102)*($G106='Thang 05-2026'!$C$3:$C$102),0),15)=0),1,0))} -> 0 | F106: =D106+E106+IF(E106>0,1,0) -> 0 | G106: =INDEX('Thang 05-2026'!$A$3:$C$102,MATCH(A106,'Thang 05-2026'!$A$3:$A$102,0),3) -> 27 | H106: {=INDEX('TONG HOP DIA DIEM'!$A$2:$K$181,MATCH(1,($A106='TONG HOP DIA DIEM'!$A$2:$A$181)*($B106='TONG HOP DIA DIEM'!$B$2:$B$181),0),6)} -> Bình Ðiền - HCM_NM_BĐ - Triều Xuống | I106: {=INDEX('TONG HOP DIA DIEM'!$A$2:$K$181,MATCH(1,($A106='TONG HOP DIA DIEM'!$A$2:$A$181)*($B106='TONG HOP DIA DIEM'!$B$2:$B$181),0),7)} -> Bình Ðiền - Triều Xuống | J106: =C106 -> 1 | K106: =D106 -> 0 | L106: =E106 -> 0 | M106: =F106 -> 0 | N106: =G106 -> 27 | O106: =IF(K106=1,I106&" (QC - Mẫu lặp)","") | P106: =IF(L106=1,I106&" (QC - Mẫu trắng)","") | Q106: =IF(L106=1,I106&" (QC - Mẫu lặp)","")
A107: Chợ Đệm | B107: Triều Xuống | C107: 1 | D107: {=IF(AND(INDEX('Thang 05-2026'!$A$3:$Q$102,MATCH(1,($A107='Thang 05-2026'!$A$3:$A$102)*($G107='Thang 05-2026'!$C$3:$C$102),0),11)=1,$B107="Triều Xuống"),1,IF(AND(INDEX('Thang 05-2026'!$A$3:$Q$102,MATCH(1,($A107='Thang 05-2026'!$A$3:$A$102)*($G107='Thang 05-2026'!$C$3:$C$102),0),10)=1,$B107="Triều Lên",INDEX('Thang 05-2026'!$A$3:$Q$102,MATCH(1,($A107='Thang 05-2026'!$A$3:$A$102)*($G107='Thang 05-2026'!$C$3:$C$102),0),11)=0),1,0))} -> 0 | E107: {=IF(AND(INDEX('Thang 05-2026'!$A$3:$Q$102,MATCH(1,($A107='Thang 05-2026'!$A$3:$A$102)*($G107='Thang 05-2026'!$C$3:$C$102),0),15)=1,$B107="Triều Xuống"),1,IF(AND(INDEX('Thang 05-2026'!$A$3:$Q$102,MATCH(1,($A107='Thang 05-2026'!$A$3:$A$102)*($G107='Thang 05-2026'!$C$3:$C$102),0),14)=1,$B107="Triều Lên",INDEX('Thang 05-2026'!$A$3:$Q$102,MATCH(1,($A107='Thang 05-2026'!$A$3:$A$102)*($G107='Thang 05-2026'!$C$3:$C$102),0),15)=0),1,0))} -> 0 | F107: =D107+E107+IF(E107>0,1,0) -> 0 | G107: =INDEX('Thang 05-2026'!$A$3:$C$102,MATCH(A107,'Thang 05-2026'!$A$3:$A$102,0),3) -> 27 | H107: {=INDEX('TONG HOP DIA DIEM'!$A$2:$K$181,MATCH(1,($A107='TONG HOP DIA DIEM'!$A$2:$A$181)*($B107='TONG HOP DIA DIEM'!$B$2:$B$181),0),6)} -> Chợ Đệm - HCM_NM_CĐe - Triều Xuống | I107: {=INDEX('TONG HOP DIA DIEM'!$A$2:$K$181,MATCH(1,($A107='TONG HOP DIA DIEM'!$A$2:$A$181)*($B107='TONG HOP DIA DIEM'!$B$2:$B$181),0),7)} -> Chợ Đệm - Triều Xuống | J107: =C107 -> 1 | K107: =D107 -> 0 | L107: =E107 -> 0 | M107: =F107 -> 0 | N107: =G107 -> 27 | O107: =IF(K107=1,I107&" (QC - Mẫu lặp)","") | P107: =IF(L107=1,I107&" (QC - Mẫu trắng)","") | Q107: =IF(L107=1,I107&" (QC - Mẫu lặp)","")
A108: TBNM15 | B108: 01 | C108: 1 | D108: {=IF(AND(INDEX('Thang 05-2026'!$A$3:$Q$102,MATCH(1,($A108='Thang 05-2026'!$A$3:$A$102)*($G108='Thang 05-2026'!$C$3:$C$102),0),11)=1,$B108="Triều Xuống"),1,IF(AND(INDEX('Thang 05-2026'!$A$3:$Q$102,MATCH(1,($A108='Thang 05-2026'!$A$3:$A$102)*($G108='Thang 05-2026'!$C$3:$C$102),0),10)=1,$B108="Triều Lên",INDEX('Thang 05-2026'!$A$3:$Q$102,MATCH(1,($A108='Thang 05-2026'!$A$3:$A$102)*($G108='Thang 05-2026'!$C$3:$C$102),0),11)=0),1,0))} -> 0 | E108: {=IF(AND(INDEX('Thang 05-2026'!$A$3:$Q$102,MATCH(1,($A108='Thang 05-2026'!$A$3:$A$102)*($G108='Thang 05-2026'!$C$3:$C$102),0),15)=1,$B108="Triều Xuống"),1,IF(AND(INDEX('Thang 05-2026'!$A$3:$Q$102,MATCH(1,($A108='Thang 05-2026'!$A$3:$A$102)*($G108='Thang 05-2026'!$C$3:$C$102),0),14)=1,$B108="Triều Lên",INDEX('Thang 05-2026'!$A$3:$Q$102,MATCH(1,($A108='Thang 05-2026'!$A$3:$A$102)*($G108='Thang 05-2026'!$C$3:$C$102),0),15)=0),1,0))} -> 0 | F108: =D108+E108+IF(E108>0,1,0) -> 0 | G108: 28 | H108: {=INDEX('TONG HOP DIA DIEM'!$A$2:$K$181,MATCH(1,($A108='TONG HOP DIA DIEM'!$A$2:$A$181)*($B108='TONG HOP DIA DIEM'!$B$2:$B$181),0),6)} -> TBNM15 - HCM_NM_TBNM15 - 01 | I108: {=INDEX('TONG HOP DIA DIEM'!$A$2:$K$181,MATCH(1,($A108='TONG HOP DIA DIEM'!$A$2:$A$181)*($B108='TONG HOP DIA DIEM'!$B$2:$B$181),0),7)} -> TBNM15 - 01 | J108: =C108 -> 1 | K108: =D108 -> 0 | L108: =E108 -> 0 | M108: =F108 -> 0 | N108: =G108 -> 28 | O108: =IF(K108=1,I108&" (QC - Mẫu lặp)","") | P108: =IF(L108=1,I108&" (QC - Mẫu trắng)","") | Q108: =IF(L108=1,I108&" (QC - Mẫu lặp)","")
A109: TBNM5 | B109: 01 | C109: 1 | D109: {=IF(AND(INDEX('Thang 05-2026'!$A$3:$Q$102,MATCH(1,($A109='Thang 05-2026'!$A$3:$A$102)*($G109='Thang 05-2026'!$C$3:$C$102),0),11)=1,$B109="Triều Xuống"),1,IF(AND(INDEX('Thang 05-2026'!$A$3:$Q$102,MATCH(1,($A109='Thang 05-2026'!$A$3:$A$102)*($G109='Thang 05-2026'!$C$3:$C$102),0),10)=1,$B109="Triều Lên",INDEX('Thang 05-2026'!$A$3:$Q$102,MATCH(1,($A109='Thang 05-2026'!$A$3:$A$102)*($G109='Thang 05-2026'!$C$3:$C$102),0),11)=0),1,0))} -> 0 | E109: {=IF(AND(INDEX('Thang 05-2026'!$A$3:$Q$102,MATCH(1,($A109='Thang 05-2026'!$A$3:$A$102)*($G109='Thang 05-2026'!$C$3:$C$102),0),15)=1,$B109="Triều Xuống"),1,IF(AND(INDEX('Thang 05-2026'!$A$3:$Q$102,MATCH(1,($A109='Thang 05-2026'!$A$3:$A$102)*($G109='Thang 05-2026'!$C$3:$C$102),0),14)=1,$B109="Triều Lên",INDEX('Thang 05-2026'!$A$3:$Q$102,MATCH(1,($A109='Thang 05-2026'!$A$3:$A$102)*($G109='Thang 05-2026'!$C$3:$C$102),0),15)=0),1,0))} -> 0 | F109: =D109+E109+IF(E109>0,1,0) -> 0 | G109: 28 | H109: {=INDEX('TONG HOP DIA DIEM'!$A$2:$K$181,MATCH(1,($A109='TONG HOP DIA DIEM'!$A$2:$A$181)*($B109='TONG HOP DIA DIEM'!$B$2:$B$181),0),6)} -> TBNM5 - HCM_NM_TBNM5 - 01 | I109: {=INDEX('TONG HOP DIA DIEM'!$A$2:$K$181,MATCH(1,($A109='TONG HOP DIA DIEM'!$A$2:$A$181)*($B109='TONG HOP DIA DIEM'!$B$2:$B$181),0),7)} -> TBNM5 - 01 | J109: =C109 -> 1 | K109: =D109 -> 0 | L109: =E109 -> 0 | M109: =F109 -> 0 | N109: =G109 -> 28 | O109: =IF(K109=1,I109&" (QC - Mẫu lặp)","") | P109: =IF(L109=1,I109&" (QC - Mẫu trắng)","") | Q109: =IF(L109=1,I109&" (QC - Mẫu lặp)","")
A110: TBNM14 | B110: 01 | C110: 1 | D110: {=IF(AND(INDEX('Thang 05-2026'!$A$3:$Q$102,MATCH(1,($A110='Thang 05-2026'!$A$3:$A$102)*($G110='Thang 05-2026'!$C$3:$C$102),0),11)=1,$B110="Triều Xuống"),1,IF(AND(INDEX('Thang 05-2026'!$A$3:$Q$102,MATCH(1,($A110='Thang 05-2026'!$A$3:$A$102)*($G110='Thang 05-2026'!$C$3:$C$102),0),10)=1,$B110="Triều Lên",INDEX('Thang 05-2026'!$A$3:$Q$102,MATCH(1,($A110='Thang 05-2026'!$A$3:$A$102)*($G110='Thang 05-2026'!$C$3:$C$102),0),11)=0),1,0))} -> 0 | E110: {=IF(AND(INDEX('Thang 05-2026'!$A$3:$Q$102,MATCH(1,($A110='Thang 05-2026'!$A$3:$A$102)*($G110='Thang 05-2026'!$C$3:$C$102),0),15)=1,$B110="Triều Xuống"),1,IF(AND(INDEX('Thang 05-2026'!$A$3:$Q$102,MATCH(1,($A110='Thang 05-2026'!$A$3:$A$102)*($G110='Thang 05-2026'!$C$3:$C$102),0),14)=1,$B110="Triều Lên",INDEX('Thang 05-2026'!$A$3:$Q$102,MATCH(1,($A110='Thang 05-2026'!$A$3:$A$102)*($G110='Thang 05-2026'!$C$3:$C$102),0),15)=0),1,0))} -> 0 | F110: =D110+E110+IF(E110>0,1,0) -> 0 | G110: 28 | H110: {=INDEX('TONG HOP DIA DIEM'!$A$2:$K$181,MATCH(1,($A110='TONG HOP DIA DIEM'!$A$2:$A$181)*($B110='TONG HOP DIA DIEM'!$B$2:$B$181),0),6)} -> TBNM14 - HCM_NM_TBNM14 - 01 | I110: {=INDEX('TONG HOP DIA DIEM'!$A$2:$K$181,MATCH(1,($A110='TONG HOP DIA DIEM'!$A$2:$A$181)*($B110='TONG HOP DIA DIEM'!$B$2:$B$181),0),7)} -> TBNM14 - 01 | J110: =C110 -> 1 | K110: =D110 -> 0 | L110: =E110 -> 0 | M110: =F110 -> 0 | N110: =G110 -> 28 | O110: =IF(K110=1,I110&" (QC - Mẫu lặp)","") | P110: =IF(L110=1,I110&" (QC - Mẫu trắng)","") | Q110: =IF(L110=1,I110&" (QC - Mẫu lặp)","")
A111: TBNM9 | B111: 01 | C111: 1 | D111: {=IF(AND(INDEX('Thang 05-2026'!$A$3:$Q$102,MATCH(1,($A111='Thang 05-2026'!$A$3:$A$102)*($G111='Thang 05-2026'!$C$3:$C$102),0),11)=1,$B111="Triều Xuống"),1,IF(AND(INDEX('Thang 05-2026'!$A$3:$Q$102,MATCH(1,($A111='Thang 05-2026'!$A$3:$A$102)*($G111='Thang 05-2026'!$C$3:$C$102),0),10)=1,$B111="Triều Lên",INDEX('Thang 05-2026'!$A$3:$Q$102,MATCH(1,($A111='Thang 05-2026'!$A$3:$A$102)*($G111='Thang 05-2026'!$C$3:$C$102),0),11)=0),1,0))} -> 0 | E111: {=IF(AND(INDEX('Thang 05-2026'!$A$3:$Q$102,MATCH(1,($A111='Thang 05-2026'!$A$3:$A$102)*($G111='Thang 05-2026'!$C$3:$C$102),0),15)=1,$B111="Triều Xuống"),1,IF(AND(INDEX('Thang 05-2026'!$A$3:$Q$102,MATCH(1,($A111='Thang 05-2026'!$A$3:$A$102)*($G111='Thang 05-2026'!$C$3:$C$102),0),14)=1,$B111="Triều Lên",INDEX('Thang 05-2026'!$A$3:$Q$102,MATCH(1,($A111='Thang 05-2026'!$A$3:$A$102)*($G111='Thang 05-2026'!$C$3:$C$102),0),15)=0),1,0))} -> 0 | F111: =D111+E111+IF(E111>0,1,0) -> 0 | G111: 28 | H111: {=INDEX('TONG HOP DIA DIEM'!$A$2:$K$181,MATCH(1,($A111='TONG HOP DIA DIEM'!$A$2:$A$181)*($B111='TONG HOP DIA DIEM'!$B$2:$B$181),0),6)} -> TBNM9 - HCM_NM_TBNM9 - 01 | I111: {=INDEX('TONG HOP DIA DIEM'!$A$2:$K$181,MATCH(1,($A111='TONG HOP DIA DIEM'!$A$2:$A$181)*($B111='TONG HOP DIA DIEM'!$B$2:$B$181),0),7)} -> TBNM9 - 01 | J111: =C111 -> 1 | K111: =D111 -> 0 | L111: =E111 -> 0 | M111: =F111 -> 0 | N111: =G111 -> 28 | O111: =IF(K111=1,I111&" (QC - Mẫu lặp)","") | P111: =IF(L111=1,I111&" (QC - Mẫu trắng)","") | Q111: =IF(L111=1,I111&" (QC - Mẫu lặp)","")
A112: TBNM11 | B112: 01 | C112: 1 | D112: {=IF(AND(INDEX('Thang 05-2026'!$A$3:$Q$102,MATCH(1,($A112='Thang 05-2026'!$A$3:$A$102)*($G112='Thang 05-2026'!$C$3:$C$102),0),11)=1,$B112="Triều Xuống"),1,IF(AND(INDEX('Thang 05-2026'!$A$3:$Q$102,MATCH(1,($A112='Thang 05-2026'!$A$3:$A$102)*($G112='Thang 05-2026'!$C$3:$C$102),0),10)=1,$B112="Triều Lên",INDEX('Thang 05-2026'!$A$3:$Q$102,MATCH(1,($A112='Thang 05-2026'!$A$3:$A$102)*($G112='Thang 05-2026'!$C$3:$C$102),0),11)=0),1,0))} -> 0 | E112: {=IF(AND(INDEX('Thang 05-2026'!$A$3:$Q$102,MATCH(1,($A112='Thang 05-2026'!$A$3:$A$102)*($G112='Thang 05-2026'!$C$3:$C$102),0),15)=1,$B112="Triều Xuống"),1,IF(AND(INDEX('Thang 05-2026'!$A$3:$Q$102,MATCH(1,($A112='Thang 05-2026'!$A$3:$A$102)*($G112='Thang 05-2026'!$C$3:$C$102),0),14)=1,$B112="Triều Lên",INDEX('Thang 05-2026'!$A$3:$Q$102,MATCH(1,($A112='Thang 05-2026'!$A$3:$A$102)*($G112='Thang 05-2026'!$C$3:$C$102),0),15)=0),1,0))} -> 0 | F112: =D112+E112+IF(E112>0,1,0) -> 0 | G112: 28 | H112: {=INDEX('TONG HOP DIA DIEM'!$A$2:$K$181,MATCH(1,($A112='TONG HOP DIA DIEM'!$A$2:$A$181)*($B112='TONG HOP DIA DIEM'!$B$2:$B$181),0),6)} -> TBNM11 - HCM_NM_TBNM11 - 01 | I112: {=INDEX('TONG HOP DIA DIEM'!$A$2:$K$181,MATCH(1,($A112='TONG HOP DIA DIEM'!$A$2:$A$181)*($B112='TONG HOP DIA DIEM'!$B$2:$B$181),0),7)} -> TBNM11 - 01 | J112: =C112 -> 1 | K112: =D112 -> 0 | L112: =E112 -> 0 | M112: =F112 -> 0 | N112: =G112 -> 28 | O112: =IF(K112=1,I112&" (QC - Mẫu lặp)","") | P112: =IF(L112=1,I112&" (QC - Mẫu trắng)","") | Q112: =IF(L112=1,I112&" (QC - Mẫu lặp)","")
A113: TBNM1 | B113: 01 | C113: 1 | D113: {=IF(AND(INDEX('Thang 05-2026'!$A$3:$Q$102,MATCH(1,($A113='Thang 05-2026'!$A$3:$A$102)*($G113='Thang 05-2026'!$C$3:$C$102),0),11)=1,$B113="Triều Xuống"),1,IF(AND(INDEX('Thang 05-2026'!$A$3:$Q$102,MATCH(1,($A113='Thang 05-2026'!$A$3:$A$102)*($G113='Thang 05-2026'!$C$3:$C$102),0),10)=1,$B113="Triều Lên",INDEX('Thang 05-2026'!$A$3:$Q$102,MATCH(1,($A113='Thang 05-2026'!$A$3:$A$102)*($G113='Thang 05-2026'!$C$3:$C$102),0),11)=0),1,0))} -> 0 | E113: {=IF(AND(INDEX('Thang 05-2026'!$A$3:$Q$102,MATCH(1,($A113='Thang 05-2026'!$A$3:$A$102)*($G113='Thang 05-2026'!$C$3:$C$102),0),15)=1,$B113="Triều Xuống"),1,IF(AND(INDEX('Thang 05-2026'!$A$3:$Q$102,MATCH(1,($A113='Thang 05-2026'!$A$3:$A$102)*($G113='Thang 05-2026'!$C$3:$C$102),0),14)=1,$B113="Triều Lên",INDEX('Thang 05-2026'!$A$3:$Q$102,MATCH(1,($A113='Thang 05-2026'!$A$3:$A$102)*($G113='Thang 05-2026'!$C$3:$C$102),0),15)=0),1,0))} -> 0 | F113: =D113+E113+IF(E113>0,1,0) -> 0 | G113: 28 | H113: {=INDEX('TONG HOP DIA DIEM'!$A$2:$K$181,MATCH(1,($A113='TONG HOP DIA DIEM'!$A$2:$A$181)*($B113='TONG HOP DIA DIEM'!$B$2:$B$181),0),6)} -> TBNM1 - HCM_NM_TBNM1 - 01 | I113: {=INDEX('TONG HOP DIA DIEM'!$A$2:$K$181,MATCH(1,($A113='TONG HOP DIA DIEM'!$A$2:$A$181)*($B113='TONG HOP DIA DIEM'!$B$2:$B$181),0),7)} -> TBNM1 - 01 | J113: =C113 -> 1 | K113: =D113 -> 0 | L113: =E113 -> 0 | M113: =F113 -> 0 | N113: =G113 -> 28 | O113: =IF(K113=1,I113&" (QC - Mẫu lặp)","") | P113: =IF(L113=1,I113&" (QC - Mẫu trắng)","") | Q113: =IF(L113=1,I113&" (QC - Mẫu lặp)","")
A114: TBNM15 | B114: 02 | C114: 1 | D114: {=IF(AND(INDEX('Thang 05-2026'!$A$3:$Q$102,MATCH(1,($A114='Thang 05-2026'!$A$3:$A$102)*($G114='Thang 05-2026'!$C$3:$C$102),0),11)=1,$B114="Triều Xuống"),1,IF(AND(INDEX('Thang 05-2026'!$A$3:$Q$102,MATCH(1,($A114='Thang 05-2026'!$A$3:$A$102)*($G114='Thang 05-2026'!$C$3:$C$102),0),10)=1,$B114="Triều Lên",INDEX('Thang 05-2026'!$A$3:$Q$102,MATCH(1,($A114='Thang 05-2026'!$A$3:$A$102)*($G114='Thang 05-2026'!$C$3:$C$102),0),11)=0),1,0))} -> 0 | E114: {=IF(AND(INDEX('Thang 05-2026'!$A$3:$Q$102,MATCH(1,($A114='Thang 05-2026'!$A$3:$A$102)*($G114='Thang 05-2026'!$C$3:$C$102),0),15)=1,$B114="Triều Xuống"),1,IF(AND(INDEX('Thang 05-2026'!$A$3:$Q$102,MATCH(1,($A114='Thang 05-2026'!$A$3:$A$102)*($G114='Thang 05-2026'!$C$3:$C$102),0),14)=1,$B114="Triều Lên",INDEX('Thang 05-2026'!$A$3:$Q$102,MATCH(1,($A114='Thang 05-2026'!$A$3:$A$102)*($G114='Thang 05-2026'!$C$3:$C$102),0),15)=0),1,0))} -> 0 | F114: =D114+E114+IF(E114>0,1,0) -> 0 | G114: 28 | H114: {=INDEX('TONG HOP DIA DIEM'!$A$2:$K$181,MATCH(1,($A114='TONG HOP DIA DIEM'!$A$2:$A$181)*($B114='TONG HOP DIA DIEM'!$B$2:$B$181),0),6)} -> TBNM15 - HCM_NM_TBNM15 - 02 | I114: {=INDEX('TONG HOP DIA DIEM'!$A$2:$K$181,MATCH(1,($A114='TONG HOP DIA DIEM'!$A$2:$A$181)*($B114='TONG HOP DIA DIEM'!$B$2:$B$181),0),7)} -> TBNM15 - 02 | J114: =C114 -> 1 | K114: =D114 -> 0 | L114: =E114 -> 0 | M114: =F114 -> 0 | N114: =G114 -> 28 | O114: =IF(K114=1,I114&" (QC - Mẫu lặp)","") | P114: =IF(L114=1,I114&" (QC - Mẫu trắng)","") | Q114: =IF(L114=1,I114&" (QC - Mẫu lặp)","")
A115: TBNM5 | B115: 02 | C115: 1 | D115: {=IF(AND(INDEX('Thang 05-2026'!$A$3:$Q$102,MATCH(1,($A115='Thang 05-2026'!$A$3:$A$102)*($G115='Thang 05-2026'!$C$3:$C$102),0),11)=1,$B115="Triều Xuống"),1,IF(AND(INDEX('Thang 05-2026'!$A$3:$Q$102,MATCH(1,($A115='Thang 05-2026'!$A$3:$A$102)*($G115='Thang 05-2026'!$C$3:$C$102),0),10)=1,$B115="Triều Lên",INDEX('Thang 05-2026'!$A$3:$Q$102,MATCH(1,($A115='Thang 05-2026'!$A$3:$A$102)*($G115='Thang 05-2026'!$C$3:$C$102),0),11)=0),1,0))} -> 0 | E115: {=IF(AND(INDEX('Thang 05-2026'!$A$3:$Q$102,MATCH(1,($A115='Thang 05-2026'!$A$3:$A$102)*($G115='Thang 05-2026'!$C$3:$C$102),0),15)=1,$B115="Triều Xuống"),1,IF(AND(INDEX('Thang 05-2026'!$A$3:$Q$102,MATCH(1,($A115='Thang 05-2026'!$A$3:$A$102)*($G115='Thang 05-2026'!$C$3:$C$102),0),14)=1,$B115="Triều Lên",INDEX('Thang 05-2026'!$A$3:$Q$102,MATCH(1,($A115='Thang 05-2026'!$A$3:$A$102)*($G115='Thang 05-2026'!$C$3:$C$102),0),15)=0),1,0))} -> 0 | F115: =D115+E115+IF(E115>0,1,0) -> 0 | G115: 28 | H115: {=INDEX('TONG HOP DIA DIEM'!$A$2:$K$181,MATCH(1,($A115='TONG HOP DIA DIEM'!$A$2:$A$181)*($B115='TONG HOP DIA DIEM'!$B$2:$B$181),0),6)} -> TBNM5 - HCM_NM_TBNM5 - 02 | I115: {=INDEX('TONG HOP DIA DIEM'!$A$2:$K$181,MATCH(1,($A115='TONG HOP DIA DIEM'!$A$2:$A$181)*($B115='TONG HOP DIA DIEM'!$B$2:$B$181),0),7)} -> TBNM5 - 02 | J115: =C115 -> 1 | K115: =D115 -> 0 | L115: =E115 -> 0 | M115: =F115 -> 0 | N115: =G115 -> 28 | O115: =IF(K115=1,I115&" (QC - Mẫu lặp)","") | P115: =IF(L115=1,I115&" (QC - Mẫu trắng)","") | Q115: =IF(L115=1,I115&" (QC - Mẫu lặp)","")
A116: TBNM14 | B116: 02 | C116: 1 | D116: {=IF(AND(INDEX('Thang 05-2026'!$A$3:$Q$102,MATCH(1,($A116='Thang 05-2026'!$A$3:$A$102)*($G116='Thang 05-2026'!$C$3:$C$102),0),11)=1,$B116="Triều Xuống"),1,IF(AND(INDEX('Thang 05-2026'!$A$3:$Q$102,MATCH(1,($A116='Thang 05-2026'!$A$3:$A$102)*($G116='Thang 05-2026'!$C$3:$C$102),0),10)=1,$B116="Triều Lên",INDEX('Thang 05-2026'!$A$3:$Q$102,MATCH(1,($A116='Thang 05-2026'!$A$3:$A$102)*($G116='Thang 05-2026'!$C$3:$C$102),0),11)=0),1,0))} -> 0 | E116: {=IF(AND(INDEX('Thang 05-2026'!$A$3:$Q$102,MATCH(1,($A116='Thang 05-2026'!$A$3:$A$102)*($G116='Thang 05-2026'!$C$3:$C$102),0),15)=1,$B116="Triều Xuống"),1,IF(AND(INDEX('Thang 05-2026'!$A$3:$Q$102,MATCH(1,($A116='Thang 05-2026'!$A$3:$A$102)*($G116='Thang 05-2026'!$C$3:$C$102),0),14)=1,$B116="Triều Lên",INDEX('Thang 05-2026'!$A$3:$Q$102,MATCH(1,($A116='Thang 05-2026'!$A$3:$A$102)*($G116='Thang 05-2026'!$C$3:$C$102),0),15)=0),1,0))} -> 0 | F116: =D116+E116+IF(E116>0,1,0) -> 0 | G116: 28 | H116: {=INDEX('TONG HOP DIA DIEM'!$A$2:$K$181,MATCH(1,($A116='TONG HOP DIA DIEM'!$A$2:$A$181)*($B116='TONG HOP DIA DIEM'!$B$2:$B$181),0),6)} -> TBNM14 - HCM_NM_TBNM14 - 02 | I116: {=INDEX('TONG HOP DIA DIEM'!$A$2:$K$181,MATCH(1,($A116='TONG HOP DIA DIEM'!$A$2:$A$181)*($B116='TONG HOP DIA DIEM'!$B$2:$B$181),0),7)} -> TBNM14 - 02 | J116: =C116 -> 1 | K116: =D116 -> 0 | L116: =E116 -> 0 | M116: =F116 -> 0 | N116: =G116 -> 28 | O116: =IF(K116=1,I116&" (QC - Mẫu lặp)","") | P116: =IF(L116=1,I116&" (QC - Mẫu trắng)","") | Q116: =IF(L116=1,I116&" (QC - Mẫu lặp)","")
A117: TBNM9 | B117: 02 | C117: 1 | D117: {=IF(AND(INDEX('Thang 05-2026'!$A$3:$Q$102,MATCH(1,($A117='Thang 05-2026'!$A$3:$A$102)*($G117='Thang 05-2026'!$C$3:$C$102),0),11)=1,$B117="Triều Xuống"),1,IF(AND(INDEX('Thang 05-2026'!$A$3:$Q$102,MATCH(1,($A117='Thang 05-2026'!$A$3:$A$102)*($G117='Thang 05-2026'!$C$3:$C$102),0),10)=1,$B117="Triều Lên",INDEX('Thang 05-2026'!$A$3:$Q$102,MATCH(1,($A117='Thang 05-2026'!$A$3:$A$102)*($G117='Thang 05-2026'!$C$3:$C$102),0),11)=0),1,0))} -> 0 | E117: {=IF(AND(INDEX('Thang 05-2026'!$A$3:$Q$102,MATCH(1,($A117='Thang 05-2026'!$A$3:$A$102)*($G117='Thang 05-2026'!$C$3:$C$102),0),15)=1,$B117="Triều Xuống"),1,IF(AND(INDEX('Thang 05-2026'!$A$3:$Q$102,MATCH(1,($A117='Thang 05-2026'!$A$3:$A$102)*($G117='Thang 05-2026'!$C$3:$C$102),0),14)=1,$B117="Triều Lên",INDEX('Thang 05-2026'!$A$3:$Q$102,MATCH(1,($A117='Thang 05-2026'!$A$3:$A$102)*($G117='Thang 05-2026'!$C$3:$C$102),0),15)=0),1,0))} -> 0 | F117: =D117+E117+IF(E117>0,1,0) -> 0 | G117: 28 | H117: {=INDEX('TONG HOP DIA DIEM'!$A$2:$K$181,MATCH(1,($A117='TONG HOP DIA DIEM'!$A$2:$A$181)*($B117='TONG HOP DIA DIEM'!$B$2:$B$181),0),6)} -> TBNM9 - HCM_NM_TBNM9 - 02 | I117: {=INDEX('TONG HOP DIA DIEM'!$A$2:$K$181,MATCH(1,($A117='TONG HOP DIA DIEM'!$A$2:$A$181)*($B117='TONG HOP DIA DIEM'!$B$2:$B$181),0),7)} -> TBNM9 - 02 | J117: =C117 -> 1 | K117: =D117 -> 0 | L117: =E117 -> 0 | M117: =F117 -> 0 | N117: =G117 -> 28 | O117: =IF(K117=1,I117&" (QC - Mẫu lặp)","") | P117: =IF(L117=1,I117&" (QC - Mẫu trắng)","") | Q117: =IF(L117=1,I117&" (QC - Mẫu lặp)","")
A118: TBNM11 | B118: 02 | C118: 1 | D118: {=IF(AND(INDEX('Thang 05-2026'!$A$3:$Q$102,MATCH(1,($A118='Thang 05-2026'!$A$3:$A$102)*($G118='Thang 05-2026'!$C$3:$C$102),0),11)=1,$B118="Triều Xuống"),1,IF(AND(INDEX('Thang 05-2026'!$A$3:$Q$102,MATCH(1,($A118='Thang 05-2026'!$A$3:$A$102)*($G118='Thang 05-2026'!$C$3:$C$102),0),10)=1,$B118="Triều Lên",INDEX('Thang 05-2026'!$A$3:$Q$102,MATCH(1,($A118='Thang 05-2026'!$A$3:$A$102)*($G118='Thang 05-2026'!$C$3:$C$102),0),11)=0),1,0))} -> 0 | E118: {=IF(AND(INDEX('Thang 05-2026'!$A$3:$Q$102,MATCH(1,($A118='Thang 05-2026'!$A$3:$A$102)*($G118='Thang 05-2026'!$C$3:$C$102),0),15)=1,$B118="Triều Xuống"),1,IF(AND(INDEX('Thang 05-2026'!$A$3:$Q$102,MATCH(1,($A118='Thang 05-2026'!$A$3:$A$102)*($G118='Thang 05-2026'!$C$3:$C$102),0),14)=1,$B118="Triều Lên",INDEX('Thang 05-2026'!$A$3:$Q$102,MATCH(1,($A118='Thang 05-2026'!$A$3:$A$102)*($G118='Thang 05-2026'!$C$3:$C$102),0),15)=0),1,0))} -> 0 | F118: =D118+E118+IF(E118>0,1,0) -> 0 | G118: 28 | H118: {=INDEX('TONG HOP DIA DIEM'!$A$2:$K$181,MATCH(1,($A118='TONG HOP DIA DIEM'!$A$2:$A$181)*($B118='TONG HOP DIA DIEM'!$B$2:$B$181),0),6)} -> TBNM11 - HCM_NM_TBNM11 - 02 | I118: {=INDEX('TONG HOP DIA DIEM'!$A$2:$K$181,MATCH(1,($A118='TONG HOP DIA DIEM'!$A$2:$A$181)*($B118='TONG HOP DIA DIEM'!$B$2:$B$181),0),7)} -> TBNM11 - 02 | J118: =C118 -> 1 | K118: =D118 -> 0 | L118: =E118 -> 0 | M118: =F118 -> 0 | N118: =G118 -> 28 | O118: =IF(K118=1,I118&" (QC - Mẫu lặp)","") | P118: =IF(L118=1,I118&" (QC - Mẫu trắng)","") | Q118: =IF(L118=1,I118&" (QC - Mẫu lặp)","")
A119: TBNM1 | B119: 02 | C119: 1 | D119: {=IF(AND(INDEX('Thang 05-2026'!$A$3:$Q$102,MATCH(1,($A119='Thang 05-2026'!$A$3:$A$102)*($G119='Thang 05-2026'!$C$3:$C$102),0),11)=1,$B119="Triều Xuống"),1,IF(AND(INDEX('Thang 05-2026'!$A$3:$Q$102,MATCH(1,($A119='Thang 05-2026'!$A$3:$A$102)*($G119='Thang 05-2026'!$C$3:$C$102),0),10)=1,$B119="Triều Lên",INDEX('Thang 05-2026'!$A$3:$Q$102,MATCH(1,($A119='Thang 05-2026'!$A$3:$A$102)*($G119='Thang 05-2026'!$C$3:$C$102),0),11)=0),1,0))} -> 0 | E119: {=IF(AND(INDEX('Thang 05-2026'!$A$3:$Q$102,MATCH(1,($A119='Thang 05-2026'!$A$3:$A$102)*($G119='Thang 05-2026'!$C$3:$C$102),0),15)=1,$B119="Triều Xuống"),1,IF(AND(INDEX('Thang 05-2026'!$A$3:$Q$102,MATCH(1,($A119='Thang 05-2026'!$A$3:$A$102)*($G119='Thang 05-2026'!$C$3:$C$102),0),14)=1,$B119="Triều Lên",INDEX('Thang 05-2026'!$A$3:$Q$102,MATCH(1,($A119='Thang 05-2026'!$A$3:$A$102)*($G119='Thang 05-2026'!$C$3:$C$102),0),15)=0),1,0))} -> 0 | F119: =D119+E119+IF(E119>0,1,0) -> 0 | G119: 28 | H119: {=INDEX('TONG HOP DIA DIEM'!$A$2:$K$181,MATCH(1,($A119='TONG HOP DIA DIEM'!$A$2:$A$181)*($B119='TONG HOP DIA DIEM'!$B$2:$B$181),0),6)} -> TBNM1 - HCM_NM_TBNM1 - 02 | I119: {=INDEX('TONG HOP DIA DIEM'!$A$2:$K$181,MATCH(1,($A119='TONG HOP DIA DIEM'!$A$2:$A$181)*($B119='TONG HOP DIA DIEM'!$B$2:$B$181),0),7)} -> TBNM1 - 02 | J119: =C119 -> 1 | K119: =D119 -> 0 | L119: =E119 -> 0 | M119: =F119 -> 0 | N119: =G119 -> 28 | O119: =IF(K119=1,I119&" (QC - Mẫu lặp)","") | P119: =IF(L119=1,I119&" (QC - Mẫu trắng)","") | Q119: =IF(L119=1,I119&" (QC - Mẫu lặp)","")

Sheet REMOVE_DUPLICATES
A2: Bà Lào - Triều Lên (QC - Mẫu lặp)
A3: Hải Đức - Triều Xuống (QC - Mẫu lặp)
A4: Cầu Đỏ - Triều Xuống (QC - Mẫu lặp)
A5: Rau Răm - Triều Xuống (QC - Mẫu lặp)
A6: Cống Vàm Thuật - Triều Xuống (QC - Mẫu lặp)
A7: CN1 - Triều Lên (QC - Mẫu lặp)
A8: Kênh C8 - Triều Lên (QC - Mẫu lặp)
A9: Cầu Rạch Ngang - Triều Xuống (QC - Mẫu lặp)
A10: Cầu Rạch Ngang - Triều Xuống (QC - Mẫu trắng)
A11: Cầu số 1 - Triều Xuống (QC - Mẫu lặp)
A12: Cầu số 1 - Triều Xuống (QC - Mẫu trắng)
A13: Chợ Cầu - Triều Lên (QC - Mẫu lặp)
... A16: Cống Vàm Thuật - Triều Lên (QC - Mẫu trắng)

Sheet CS3_NEW
A1: Nơi thực hiện | B1: Vị trí quan trắc | C1: Số lượng mẫu | D1: Số lượng mẫu QC lặp | E1: Số lượng mẫu QC trắng | F1: Số lượng mẫu QC | G1: Ngày | H1: Nơi thực hiện | I1: Vị trí quan trắc | J1: Số lượng mẫu | K1: Số lượng mẫu QC lặp | L1: Số lượng mẫu QC trắng | M1: Số lượng mẫu QC | N1: Ngày | O1: Vị trí quan trắc mẫu QC lặp | P1: Vị trí quan trắc mẫu QC trắng | Q1: Vị trí quan trắc mẫu QC lặp (pH, DO)
A2: Lòng Tàu 1 | B2: Triều Lên | C2: 1 | D2: {=IF(AND(INDEX('Thang 05-2026'!$A$3:$Q$102,MATCH(1,($A2='Thang 05-2026'!$A$3:$A$102)*($G2='Thang 05-2026'!$C$3:$C$102),0),11)=1,$B2="Triều Xuống"),1,IF(AND(INDEX('Thang 05-2026'!$A$3:$Q$102,MATCH(1,($A2='Thang 05-2026'!$A$3:$A$102)*($G2='Thang 05-2026'!$C$3:$C$102),0),10)=1,$B2="Triều Lên",INDEX('Thang 05-2026'!$A$3:$Q$102,MATCH(1,($A2='Thang 05-2026'!$A$3:$A$102)*($G2='Thang 05-2026'!$C$3:$C$102),0),11)=0),1,0))} -> 0 | E2: {=IF(AND(INDEX('Thang 05-2026'!$A$3:$Q$102,MATCH(1,($A2='Thang 05-2026'!$A$3:$A$102)*($G2='Thang 05-2026'!$C$3:$C$102),0),15)=1,$B2="Triều Xuống"),1,IF(AND(INDEX('Thang 05-2026'!$A$3:$Q$102,MATCH(1,($A2='Thang 05-2026'!$A$3:$A$102)*($G2='Thang 05-2026'!$C$3:$C$102),0),14)=1,$B2="Triều Lên",INDEX('Thang 05-2026'!$A$3:$Q$102,MATCH(1,($A2='Thang 05-2026'!$A$3:$A$102)*($G2='Thang 05-2026'!$C$3:$C$102),0),15)=0),1,0))} -> 0 | F2: =D2+E2+IF(E2>0,1,0) -> 0 | G2: =INDEX('Thang 05-2026'!$A$3:$C$102,MATCH(A2,'Thang 05-2026'!$A$3:$A$102,0),3) -> 25 | H2: {=INDEX('TONG HOP DIA DIEM'!$A$2:$K$181,MATCH(1,($A2='TONG HOP DIA DIEM'!$A$2:$A$181)*($B2='TONG HOP DIA DIEM'!$B$2:$B$181),0),6)} -> Lòng Tàu 1 - HCM_NM_LT1 - Triều Lên | I2: {=INDEX('TONG HOP DIA DIEM'!$A$2:$K$181,MATCH(1,($A2='TONG HOP DIA DIEM'!$A$2:$A$181)*($B2='TONG HOP DIA DIEM'!$B$2:$B$181),0),7)} -> Lòng Tàu 1 - Triều Lên | J2: =C2 -> 1 | K2: =D2 -> 0 | L2: =E2 -> 0 | M2: =F2 -> 0 | N2: =G2 -> 25 | O2: =IF(K2=1,I2&" (QC - Mẫu lặp)","") | P2: =IF(L2=1,I2&" (QC - Mẫu trắng)","") | Q2: =IF(L2=1,I2&" (QC - Mẫu lặp)","")
A3: Lòng Tàu | B3: Triều Lên | C3: 1 | D3: {=IF(AND(INDEX('Thang 05-2026'!$A$3:$Q$102,MATCH(1,($A3='Thang 05-2026'!$A$3:$A$102)*($G3='Thang 05-2026'!$C$3:$C$102),0),11)=1,$B3="Triều Xuống"),1,IF(AND(INDEX('Thang 05-2026'!$A$3:$Q$102,MATCH(1,($A3='Thang 05-2026'!$A$3:$A$102)*($G3='Thang 05-2026'!$C$3:$C$102),0),10)=1,$B3="Triều Lên",INDEX('Thang 05-2026'!$A$3:$Q$102,MATCH(1,($A3='Thang 05-2026'!$A$3:$A$102)*($G3='Thang 05-2026'!$C$3:$C$102),0),11)=0),1,0))} -> 0 | E3: {=IF(AND(INDEX('Thang 05-2026'!$A$3:$Q$102,MATCH(1,($A3='Thang 05-2026'!$A$3:$A$102)*($G3='Thang 05-2026'!$C$3:$C$102),0),15)=1,$B3="Triều Xuống"),1,IF(AND(INDEX('Thang 05-2026'!$A$3:$Q$102,MATCH(1,($A3='Thang 05-2026'!$A$3:$A$102)*($G3='Thang 05-2026'!$C$3:$C$102),0),14)=1,$B3="Triều Lên",INDEX('Thang 05-2026'!$A$3:$Q$102,MATCH(1,($A3='Thang 05-2026'!$A$3:$A$102)*($G3='Thang 05-2026'!$C$3:$C$102),0),15)=0),1,0))} -> 0 | F3: =D3+E3+IF(E3>0,1,0) -> 0 | G3: =INDEX('Thang 05-2026'!$A$3:$C$102,MATCH(A3,'Thang 05-2026'!$A$3:$A$102,0),3) -> 25 | H3: {=INDEX('TONG HOP DIA DIEM'!$A$2:$K$181,MATCH(1,($A3='TONG HOP DIA DIEM'!$A$2:$A$181)*($B3='TONG HOP DIA DIEM'!$B$2:$B$181),0),6)} -> Lòng Tàu - HCM_NM_LT - Triều Lên | I3: {=INDEX('TONG HOP DIA DIEM'!$A$2:$K$181,MATCH(1,($A3='TONG HOP DIA DIEM'!$A$2:$A$181)*($B3='TONG HOP DIA DIEM'!$B$2:$B$181),0),7)} -> Lòng Tàu - Triều Lên | J3: =C3 -> 1 | K3: =D3 -> 0 | L3: =E3 -> 0 | M3: =F3 -> 0 | N3: =G3 -> 25 | O3: =IF(K3=1,I3&" (QC - Mẫu lặp)","") | P3: =IF(L3=1,I3&" (QC - Mẫu trắng)","") | Q3: =IF(L3=1,I3&" (QC - Mẫu lặp)","")
A4: Tam Thôn Hiệp | B4: Triều Lên | C4: 1 | D4: {=IF(AND(INDEX('Thang 05-2026'!$A$3:$Q$102,MATCH(1,($A4='Thang 05-2026'!$A$3:$A$102)*($G4='Thang 05-2026'!$C$3:$C$102),0),11)=1,$B4="Triều Xuống"),1,IF(AND(INDEX('Thang 05-2026'!$A$3:$Q$102,MATCH(1,($A4='Thang 05-2026'!$A$3:$A$102)*($G4='Thang 05-2026'!$C$3:$C$102),0),10)=1,$B4="Triều Lên",INDEX('Thang 05-2026'!$A$3:$Q$102,MATCH(1,($A4='Thang 05-2026'!$A$3:$A$102)*($G4='Thang 05-2026'!$C$3:$C$102),0),11)=0),1,0))} -> 0 | E4: {=IF(AND(INDEX('Thang 05-2026'!$A$3:$Q$102,MATCH(1,($A4='Thang 05-2026'!$A$3:$A$102)*($G4='Thang 05-2026'!$C$3:$C$102),0),15)=1,$B4="Triều Xuống"),1,IF(AND(INDEX('Thang 05-2026'!$A$3:$Q$102,MATCH(1,($A4='Thang 05-2026'!$A$3:$A$102)*($G4='Thang 05-2026'!$C$3:$C$102),0),14)=1,$B4="Triều Lên",INDEX('Thang 05-2026'!$A$3:$Q$102,MATCH(1,($A4='Thang 05-2026'!$A$3:$A$102)*($G4='Thang 05-2026'!$C$3:$C$102),0),15)=0),1,0))} -> 0 | F4: =D4+E4+IF(E4>0,1,0) -> 0 | G4: =INDEX('Thang 05-2026'!$A$3:$C$102,MATCH(A4,'Thang 05-2026'!$A$3:$A$102,0),3) -> 25 | H4: {=INDEX('TONG HOP DIA DIEM'!$A$2:$K$181,MATCH(1,($A4='TONG HOP DIA DIEM'!$A$2:$A$181)*($B4='TONG HOP DIA DIEM'!$B$2:$B$181),0),6)} -> Tam Thôn Hiệp - HCM_NM_TTH - Triều Lên | I4: {=INDEX('TONG HOP DIA DIEM'!$A$2:$K$181,MATCH(1,($A4='TONG HOP DIA DIEM'!$A$2:$A$181)*($B4='TONG HOP DIA DIEM'!$B$2:$B$181),0),7)} -> Tam Thôn Hiệp - Triều Lên | J4: =C4 -> 1 | K4: =D4 -> 0 | L4: =E4 -> 0 | M4: =F4 -> 0 | N4: =G4 -> 25 | O4: =IF(K4=1,I4&" (QC - Mẫu lặp)","") | P4: =IF(L4=1,I4&" (QC - Mẫu trắng)","") | Q4: =IF(L4=1,I4&" (QC - Mẫu lặp)","")
A5: Đồng Tranh 1 | B5: Triều Lên | C5: 1 | D5: {=IF(AND(INDEX('Thang 05-2026'!$A$3:$Q$102,MATCH(1,($A5='Thang 05-2026'!$A$3:$A$102)*($G5='Thang 05-2026'!$C$3:$C$102),0),11)=1,$B5="Triều Xuống"),1,IF(AND(INDEX('Thang 05-2026'!$A$3:$Q$102,MATCH(1,($A5='Thang 05-2026'!$A$3:$A$102)*($G5='Thang 05-2026'!$C$3:$C$102),0),10)=1,$B5="Triều Lên",INDEX('Thang 05-2026'!$A$3:$Q$102,MATCH(1,($A5='Thang 05-2026'!$A$3:$A$102)*($G5='Thang 05-2026'!$C$3:$C$102),0),11)=0),1,0))} -> 0 | E5: {=IF(AND(INDEX('Thang 05-2026'!$A$3:$Q$102,MATCH(1,($A5='Thang 05-2026'!$A$3:$A$102)*($G5='Thang 05-2026'!$C$3:$C$102),0),15)=1,$B5="Triều Xuống"),1,IF(AND(INDEX('Thang 05-2026'!$A$3:$Q$102,MATCH(1,($A5='Thang 05-2026'!$A$3:$A$102)*($G5='Thang 05-2026'!$C$3:$C$102),0),14)=1,$B5="Triều Lên",INDEX('Thang 05-2026'!$A$3:$Q$102,MATCH(1,($A5='Thang 05-2026'!$A$3:$A$102)*($G5='Thang 05-2026'!$C$3:$C$102),0),15)=0),1,0))} -> 0 | F5: =D5+E5+IF(E5>0,1,0) -> 0 | G5: =INDEX('Thang 05-2026'!$A$3:$C$102,MATCH(A5,'Thang 05-2026'!$A$3:$A$102,0),3) -> 25 | H5: {=INDEX('TONG HOP DIA DIEM'!$A$2:$K$181,MATCH(1,($A5='TONG HOP DIA DIEM'!$A$2:$A$181)*($B5='TONG HOP DIA DIEM'!$B$2:$B$181),0),6)} -> Đồng Tranh 1 - HCM_NM_ĐT1 - Triều Lên | I5: {=INDEX('TONG HOP DIA DIEM'!$A$2:$K$181,MATCH(1,($A5='TONG HOP DIA DIEM'!$A$2:$A$181)*($B5='TONG HOP DIA DIEM'!$B$2:$B$181),0),7)} -> Đồng Tranh 1 - Triều Lên | J5: =C5 -> 1 | K5: =D5 -> 0 | L5: =E5 -> 0 | M5: =F5 -> 0 | N5: =G5 -> 25 | O5: =IF(K5=1,I5&" (QC - Mẫu lặp)","") | P5: =IF(L5=1,I5&" (QC - Mẫu trắng)","") | Q5: =IF(L5=1,I5&" (QC - Mẫu lặp)","")
A6: Lòng Tàu 1 | B6: Triều Xuống | C6: 1 | D6: {=IF(AND(INDEX('Thang 05-2026'!$A$3:$Q$102,MATCH(1,($A6='Thang 05-2026'!$A$3:$A$102)*($G6='Thang 05-2026'!$C$3:$C$102),0),11)=1,$B6="Triều Xuống"),1,IF(AND(INDEX('Thang 05-2026'!$A$3:$Q$102,MATCH(1,($A6='Thang 05-2026'!$A$3:$A$102)*($G6='Thang 05-2026'!$C$3:$C$102),0),10)=1,$B6="Triều Lên",INDEX('Thang 05-2026'!$A$3:$Q$102,MATCH(1,($A6='Thang 05-2026'!$A$3:$A$102)*($G6='Thang 05-2026'!$C$3:$C$102),0),11)=0),1,0))} -> 0 | E6: {=IF(AND(INDEX('Thang 05-2026'!$A$3:$Q$102,MATCH(1,($A6='Thang 05-2026'!$A$3:$A$102)*($G6='Thang 05-2026'!$C$3:$C$102),0),15)=1,$B6="Triều Xuống"),1,IF(AND(INDEX('Thang 05-2026'!$A$3:$Q$102,MATCH(1,($A6='Thang 05-2026'!$A$3:$A$102)*($G6='Thang 05-2026'!$C$3:$C$102),0),14)=1,$B6="Triều Lên",INDEX('Thang 05-2026'!$A$3:$Q$102,MATCH(1,($A6='Thang 05-2026'!$A$3:$A$102)*($G6='Thang 05-2026'!$C$3:$C$102),0),15)=0),1,0))} -> 0 | F6: =D6+E6+IF(E6>0,1,0) -> 0 | G6: =INDEX('Thang 05-2026'!$A$3:$C$102,MATCH(A6,'Thang 05-2026'!$A$3:$A$102,0),3) -> 25 | H6: {=INDEX('TONG HOP DIA DIEM'!$A$2:$K$181,MATCH(1,($A6='TONG HOP DIA DIEM'!$A$2:$A$181)*($B6='TONG HOP DIA DIEM'!$B$2:$B$181),0),6)} -> Lòng Tàu 1 - HCM_NM_LT1 - Triều Xuống | I6: {=INDEX('TONG HOP DIA DIEM'!$A$2:$K$181,MATCH(1,($A6='TONG HOP DIA DIEM'!$A$2:$A$181)*($B6='TONG HOP DIA DIEM'!$B$2:$B$181),0),7)} -> Lòng Tàu 1 - Triều Xuống | J6: =C6 -> 1 | K6: =D6 -> 0 | L6: =E6 -> 0 | M6: =F6 -> 0 | N6: =G6 -> 25 | O6: =IF(K6=1,I6&" (QC - Mẫu lặp)","") | P6: =IF(L6=1,I6&" (QC - Mẫu trắng)","") | Q6: =IF(L6=1,I6&" (QC - Mẫu lặp)","")
A7: Lòng Tàu | B7: Triều Xuống | C7: 1 | D7: {=IF(AND(INDEX('Thang 05-2026'!$A$3:$Q$102,MATCH(1,($A7='Thang 05-2026'!$A$3:$A$102)*($G7='Thang 05-2026'!$C$3:$C$102),0),11)=1,$B7="Triều Xuống"),1,IF(AND(INDEX('Thang 05-2026'!$A$3:$Q$102,MATCH(1,($A7='Thang 05-2026'!$A$3:$A$102)*($G7='Thang 05-2026'!$C$3:$C$102),0),10)=1,$B7="Triều Lên",INDEX('Thang 05-2026'!$A$3:$Q$102,MATCH(1,($A7='Thang 05-2026'!$A$3:$A$102)*($G7='Thang 05-2026'!$C$3:$C$102),0),11)=0),1,0))} -> 0 | E7: {=IF(AND(INDEX('Thang 05-2026'!$A$3:$Q$102,MATCH(1,($A7='Thang 05-2026'!$A$3:$A$102)*($G7='Thang 05-2026'!$C$3:$C$102),0),15)=1,$B7="Triều Xuống"),1,IF(AND(INDEX('Thang 05-2026'!$A$3:$Q$102,MATCH(1,($A7='Thang 05-2026'!$A$3:$A$102)*($G7='Thang 05-2026'!$C$3:$C$102),0),14)=1,$B7="Triều Lên",INDEX('Thang 05-2026'!$A$3:$Q$102,MATCH(1,($A7='Thang 05-2026'!$A$3:$A$102)*($G7='Thang 05-2026'!$C$3:$C$102),0),15)=0),1,0))} -> 0 | F7: =D7+E7+IF(E7>0,1,0) -> 0 | G7: =INDEX('Thang 05-2026'!$A$3:$C$102,MATCH(A7,'Thang 05-2026'!$A$3:$A$102,0),3) -> 25 | H7: {=INDEX('TONG HOP DIA DIEM'!$A$2:$K$181,MATCH(1,($A7='TONG HOP DIA DIEM'!$A$2:$A$181)*($B7='TONG HOP DIA DIEM'!$B$2:$B$181),0),6)} -> Lòng Tàu - HCM_NM_LT - Triều Xuống | I7: {=INDEX('TONG HOP DIA DIEM'!$A$2:$K$181,MATCH(1,($A7='TONG HOP DIA DIEM'!$A$2:$A$181)*($B7='TONG HOP DIA DIEM'!$B$2:$B$181),0),7)} -> Lòng Tàu - Triều Xuống | J7: =C7 -> 1 | K7: =D7 -> 0 | L7: =E7 -> 0 | M7: =F7 -> 0 | N7: =G7 -> 25 | O7: =IF(K7=1,I7&" (QC - Mẫu lặp)","") | P7: =IF(L7=1,I7&" (QC - Mẫu trắng)","") | Q7: =IF(L7=1,I7&" (QC - Mẫu lặp)","")
A8: Tam Thôn Hiệp | B8: Triều Xuống | C8: 1 | D8: {=IF(AND(INDEX('Thang 05-2026'!$A$3:$Q$102,MATCH(1,($A8='Thang 05-2026'!$A$3:$A$102)*($G8='Thang 05-2026'!$C$3:$C$102),0),11)=1,$B8="Triều Xuống"),1,IF(AND(INDEX('Thang 05-2026'!$A$3:$Q$102,MATCH(1,($A8='Thang 05-2026'!$A$3:$A$102)*($G8='Thang 05-2026'!$C$3:$C$102),0),10)=1,$B8="Triều Lên",INDEX('Thang 05-2026'!$A$3:$Q$102,MATCH(1,($A8='Thang 05-2026'!$A$3:$A$102)*($G8='Thang 05-2026'!$C$3:$C$102),0),11)=0),1,0))} -> 0 | E8: {=IF(AND(INDEX('Thang 05-2026'!$A$3:$Q$102,MATCH(1,($A8='Thang 05-2026'!$A$3:$A$102)*($G8='Thang 05-2026'!$C$3:$C$102),0),15)=1,$B8="Triều Xuống"),1,IF(AND(INDEX('Thang 05-2026'!$A$3:$Q$102,MATCH(1,($A8='Thang 05-2026'!$A$3:$A$102)*($G8='Thang 05-2026'!$C$3:$C$102),0),14)=1,$B8="Triều Lên",INDEX('Thang 05-2026'!$A$3:$Q$102,MATCH(1,($A8='Thang 05-2026'!$A$3:$A$102)*($G8='Thang 05-2026'!$C$3:$C$102),0),15)=0),1,0))} -> 0 | F8: =D8+E8+IF(E8>0,1,0) -> 0 | G8: =INDEX('Thang 05-2026'!$A$3:$C$102,MATCH(A8,'Thang 05-2026'!$A$3:$A$102,0),3) -> 25 | H8: {=INDEX('TONG HOP DIA DIEM'!$A$2:$K$181,MATCH(1,($A8='TONG HOP DIA DIEM'!$A$2:$A$181)*($B8='TONG HOP DIA DIEM'!$B$2:$B$181),0),6)} -> Tam Thôn Hiệp - HCM_NM_TTH - Triều Xuống | I8: {=INDEX('TONG HOP DIA DIEM'!$A$2:$K$181,MATCH(1,($A8='TONG HOP DIA DIEM'!$A$2:$A$181)*($B8='TONG HOP DIA DIEM'!$B$2:$B$181),0),7)} -> Tam Thôn Hiệp - Triều Xuống | J8: =C8 -> 1 | K8: =D8 -> 0 | L8: =E8 -> 0 | M8: =F8 -> 0 | N8: =G8 -> 25 | O8: =IF(K8=1,I8&" (QC - Mẫu lặp)","") | P8: =IF(L8=1,I8&" (QC - Mẫu trắng)","") | Q8: =IF(L8=1,I8&" (QC - Mẫu lặp)","")
A9: Đồng Tranh 1 | B9: Triều Xuống | C9: 1 | D9: {=IF(AND(INDEX('Thang 05-2026'!$A$3:$Q$102,MATCH(1,($A9='Thang 05-2026'!$A$3:$A$102)*($G9='Thang 05-2026'!$C$3:$C$102),0),11)=1,$B9="Triều Xuống"),1,IF(AND(INDEX('Thang 05-2026'!$A$3:$Q$102,MATCH(1,($A9='Thang 05-2026'!$A$3:$A$102)*($G9='Thang 05-2026'!$C$3:$C$102),0),10)=1,$B9="Triều Lên",INDEX('Thang 05-2026'!$A$3:$Q$102,MATCH(1,($A9='Thang 05-2026'!$A$3:$A$102)*($G9='Thang 05-2026'!$C$3:$C$102),0),11)=0),1,0))} -> 0 | E9: {=IF(AND(INDEX('Thang 05-2026'!$A$3:$Q$102,MATCH(1,($A9='Thang 05-2026'!$A$3:$A$102)*($G9='Thang 05-2026'!$C$3:$C$102),0),15)=1,$B9="Triều Xuống"),1,IF(AND(INDEX('Thang 05-2026'!$A$3:$Q$102,MATCH(1,($A9='Thang 05-2026'!$A$3:$A$102)*($G9='Thang 05-2026'!$C$3:$C$102),0),14)=1,$B9="Triều Lên",INDEX('Thang 05-2026'!$A$3:$Q$102,MATCH(1,($A9='Thang 05-2026'!$A$3:$A$102)*($G9='Thang 05-2026'!$C$3:$C$102),0),15)=0),1,0))} -> 0 | F9: =D9+E9+IF(E9>0,1,0) -> 0 | G9: =INDEX('Thang 05-2026'!$A$3:$C$102,MATCH(A9,'Thang 05-2026'!$A$3:$A$102,0),3) -> 25 | H9: {=INDEX('TONG HOP DIA DIEM'!$A$2:$K$181,MATCH(1,($A9='TONG HOP DIA DIEM'!$A$2:$A$181)*($B9='TONG HOP DIA DIEM'!$B$2:$B$181),0),6)} -> Đồng Tranh 1 - HCM_NM_ĐT1 - Triều Xuống | I9: {=INDEX('TONG HOP DIA DIEM'!$A$2:$K$181,MATCH(1,($A9='TONG HOP DIA DIEM'!$A$2:$A$181)*($B9='TONG HOP DIA DIEM'!$B$2:$B$181),0),7)} -> Đồng Tranh 1 - Triều Xuống | J9: =C9 -> 1 | K9: =D9 -> 0 | L9: =E9 -> 0 | M9: =F9 -> 0 | N9: =G9 -> 25 | O9: =IF(K9=1,I9&" (QC - Mẫu lặp)","") | P9: =IF(L9=1,I9&" (QC - Mẫu trắng)","") | Q9: =IF(L9=1,I9&" (QC - Mẫu lặp)","")
A10: Bình Lợi | B10: Triều Lên | C10: 1 | D10: {=IF(AND(INDEX('Thang 05-2026'!$A$3:$Q$102,MATCH(1,($A10='Thang 05-2026'!$A$3:$A$102)*($G10='Thang 05-2026'!$C$3:$C$102),0),11)=1,$B10="Triều Xuống"),1,IF(AND(INDEX('Thang 05-2026'!$A$3:$Q$102,MATCH(1,($A10='Thang 05-2026'!$A$3:$A$102)*($G10='Thang 05-2026'!$C$3:$C$102),0),10)=1,$B10="Triều Lên",INDEX('Thang 05-2026'!$A$3:$Q$102,MATCH(1,($A10='Thang 05-2026'!$A$3:$A$102)*($G10='Thang 05-2026'!$C$3:$C$102),0),11)=0),1,0))} -> 0 | E10: {=IF(AND(INDEX('Thang 05-2026'!$A$3:$Q$102,MATCH(1,($A10='Thang 05-2026'!$A$3:$A$102)*($G10='Thang 05-2026'!$C$3:$C$102),0),15)=1,$B10="Triều Xuống"),1,IF(AND(INDEX('Thang 05-2026'!$A$3:$Q$102,MATCH(1,($A10='Thang 05-2026'!$A$3:$A$102)*($G10='Thang 05-2026'!$C$3:$C$102),0),14)=1,$B10="Triều Lên",INDEX('Thang 05-2026'!$A$3:$Q$102,MATCH(1,($A10='Thang 05-2026'!$A$3:$A$102)*($G10='Thang 05-2026'!$C$3:$C$102),0),15)=0),1,0))} -> 0 | F10: =D10+E10+IF(E10>0,1,0) -> 0 | G10: =INDEX('Thang 05-2026'!$A$3:$C$102,MATCH(A10,'Thang 05-2026'!$A$3:$A$102,0),3) -> 25 | H10: {=INDEX('TONG HOP DIA DIEM'!$A$2:$K$181,MATCH(1,($A10='TONG HOP DIA DIEM'!$A$2:$A$181)*($B10='TONG HOP DIA DIEM'!$B$2:$B$181),0),6)} -> Bình Lợi - HCM_NM_BL - Triều Lên | I10: {=INDEX('TONG HOP DIA DIEM'!$A$2:$K$181,MATCH(1,($A10='TONG HOP DIA DIEM'!$A$2:$A$181)*($B10='TONG HOP DIA DIEM'!$B$2:$B$181),0),7)} -> Bình Lợi - Triều Lên | J10: =C10 -> 1 | K10: =D10 -> 0 | L10: =E10 -> 0 | M10: =F10 -> 0 | N10: =G10 -> 25 | O10: =IF(K10=1,I10&" (QC - Mẫu lặp)","") | P10: =IF(L10=1,I10&" (QC - Mẫu trắng)","") | Q10: =IF(L10=1,I10&" (QC - Mẫu lặp)","")
A11: Sài Gòn | B11: Triều Lên | C11: 1 | D11: {=IF(AND(INDEX('Thang 05-2026'!$A$3:$Q$102,MATCH(1,($A11='Thang 05-2026'!$A$3:$A$102)*($G11='Thang 05-2026'!$C$3:$C$102),0),11)=1,$B11="Triều Xuống"),1,IF(AND(INDEX('Thang 05-2026'!$A$3:$Q$102,MATCH(1,($A11='Thang 05-2026'!$A$3:$A$102)*($G11='Thang 05-2026'!$C$3:$C$102),0),10)=1,$B11="Triều Lên",INDEX('Thang 05-2026'!$A$3:$Q$102,MATCH(1,($A11='Thang 05-2026'!$A$3:$A$102)*($G11='Thang 05-2026'!$C$3:$C$102),0),11)=0),1,0))} -> 0 | E11: {=IF(AND(INDEX('Thang 05-2026'!$A$3:$Q$102,MATCH(1,($A11='Thang 05-2026'!$A$3:$A$102)*($G11='Thang 05-2026'!$C$3:$C$102),0),15)=1,$B11="Triều Xuống"),1,IF(AND(INDEX('Thang 05-2026'!$A$3:$Q$102,MATCH(1,($A11='Thang 05-2026'!$A$3:$A$102)*($G11='Thang 05-2026'!$C$3:$C$102),0),14)=1,$B11="Triều Lên",INDEX('Thang 05-2026'!$A$3:$Q$102,MATCH(1,($A11='Thang 05-2026'!$A$3:$A$102)*($G11='Thang 05-2026'!$C$3:$C$102),0),15)=0),1,0))} -> 0 | F11: =D11+E11+IF(E11>0,1,0) -> 0 | G11: =INDEX('Thang 05-2026'!$A$3:$C$102,MATCH(A11,'Thang 05-2026'!$A$3:$A$102,0),3) -> 25 | H11: {=INDEX('TONG HOP DIA DIEM'!$A$2:$K$181,MATCH(1,($A11='TONG HOP DIA DIEM'!$A$2:$A$181)*($B11='TONG HOP DIA DIEM'!$B$2:$B$181),0),6)} -> Sài Gòn - HCM_NM_SG - Triều Lên | I11: {=INDEX('TONG HOP DIA DIEM'!$A$2:$K$181,MATCH(1,($A11='TONG HOP DIA DIEM'!$A$2:$A$181)*($B11='TONG HOP DIA DIEM'!$B$2:$B$181),0),7)} -> Sài Gòn - Triều Lên | J11: =C11 -> 1 | K11: =D11 -> 0 | L11: =E11 -> 0 | M11: =F11 -> 0 | N11: =G11 -> 25 | O11: =IF(K11=1,I11&" (QC - Mẫu lặp)","") | P11: =IF(L11=1,I11&" (QC - Mẫu trắng)","") | Q11: =IF(L11=1,I11&" (QC - Mẫu lặp)","")
A12: Bình Lợi | B12: Triều Xuống | C12: 1 | D12: {=IF(AND(INDEX('Thang 05-2026'!$A$3:$Q$102,MATCH(1,($A12='Thang 05-2026'!$A$3:$A$102)*($G12='Thang 05-2026'!$C$3:$C$102),0),11)=1,$B12="Triều Xuống"),1,IF(AND(INDEX('Thang 05-2026'!$A$3:$Q$102,MATCH(1,($A12='Thang 05-2026'!$A$3:$A$102)*($G12='Thang 05-2026'!$C$3:$C$102),0),10)=1,$B12="Triều Lên",INDEX('Thang 05-2026'!$A$3:$Q$102,MATCH(1,($A12='Thang 05-2026'!$A$3:$A$102)*($G12='Thang 05-2026'!$C$3:$C$102),0),11)=0),1,0))} -> 0 | E12: {=IF(AND(INDEX('Thang 05-2026'!$A$3:$Q$102,MATCH(1,($A12='Thang 05-2026'!$A$3:$A$102)*($G12='Thang 05-2026'!$C$3:$C$102),0),15)=1,$B12="Triều Xuống"),1,IF(AND(INDEX('Thang 05-2026'!$A$3:$Q$102,MATCH(1,($A12='Thang 05-2026'!$A$3:$A$102)*($G12='Thang 05-2026'!$C$3:$C$102),0),14)=1,$B12="Triều Lên",INDEX('Thang 05-2026'!$A$3:$Q$102,MATCH(1,($A12='Thang 05-2026'!$A$3:$A$102)*($G12='Thang 05-2026'!$C$3:$C$102),0),15)=0),1,0))} -> 0 | F12: =D12+E12+IF(E12>0,1,0) -> 0 | G12: =INDEX('Thang 05-2026'!$A$3:$C$102,MATCH(A12,'Thang 05-2026'!$A$3:$A$102,0),3) -> 25 | H12: {=INDEX('TONG HOP DIA DIEM'!$A$2:$K$181,MATCH(1,($A12='TONG HOP DIA DIEM'!$A$2:$A$181)*($B12='TONG HOP DIA DIEM'!$B$2:$B$181),0),6)} -> Bình Lợi - HCM_NM_BL - Triều Xuống | I12: {=INDEX('TONG HOP DIA DIEM'!$A$2:$K$181,MATCH(1,($A12='TONG HOP DIA DIEM'!$A$2:$A$181)*($B12='TONG HOP DIA DIEM'!$B$2:$B$181),0),7)} -> Bình Lợi - Triều Xuống | J12: =C12 -> 1 | K12: =D12 -> 0 | L12: =E12 -> 0 | M12: =F12 -> 0 | N12: =G12 -> 25 | O12: =IF(K12=1,I12&" (QC - Mẫu lặp)","") | P12: =IF(L12=1,I12&" (QC - Mẫu trắng)","") | Q12: =IF(L12=1,I12&" (QC - Mẫu lặp)","")
A13: Sài Gòn | B13: Triều Xuống | C13: 1 | D13: {=IF(AND(INDEX('Thang 05-2026'!$A$3:$Q$102,MATCH(1,($A13='Thang 05-2026'!$A$3:$A$102)*($G13='Thang 05-2026'!$C$3:$C$102),0),11)=1,$B13="Triều Xuống"),1,IF(AND(INDEX('Thang 05-2026'!$A$3:$Q$102,MATCH(1,($A13='Thang 05-2026'!$A$3:$A$102)*($G13='Thang 05-2026'!$C$3:$C$102),0),10)=1,$B13="Triều Lên",INDEX('Thang 05-2026'!$A$3:$Q$102,MATCH(1,($A13='Thang 05-2026'!$A$3:$A$102)*($G13='Thang 05-2026'!$C$3:$C$102),0),11)=0),1,0))} -> 0 | E13: {=IF(AND(INDEX('Thang 05-2026'!$A$3:$Q$102,MATCH(1,($A13='Thang 05-2026'!$A$3:$A$102)*($G13='Thang 05-2026'!$C$3:$C$102),0),15)=1,$B13="Triều Xuống"),1,IF(AND(INDEX('Thang 05-2026'!$A$3:$Q$102,MATCH(1,($A13='Thang 05-2026'!$A$3:$A$102)*($G13='Thang 05-2026'!$C$3:$C$102),0),14)=1,$B13="Triều Lên",INDEX('Thang 05-2026'!$A$3:$Q$102,MATCH(1,($A13='Thang 05-2026'!$A$3:$A$102)*($G13='Thang 05-2026'!$C$3:$C$102),0),15)=0),1,0))} -> 1 | F13: =D13+E13+IF(E13>0,1,0) -> 2 | G13: =INDEX('Thang 05-2026'!$A$3:$C$102,MATCH(A13,'Thang 05-2026'!$A$3:$A$102,0),3) -> 25 | H13: {=INDEX('TONG HOP DIA DIEM'!$A$2:$K$181,MATCH(1,($A13='TONG HOP DIA DIEM'!$A$2:$A$181)*($B13='TONG HOP DIA DIEM'!$B$2:$B$181),0),6)} -> Sài Gòn - HCM_NM_SG - Triều Xuống | I13: {=INDEX('TONG HOP DIA DIEM'!$A$2:$K$181,MATCH(1,($A13='TONG HOP DIA DIEM'!$A$2:$A$181)*($B13='TONG HOP DIA DIEM'!$B$2:$B$181),0),7)} -> Sài Gòn - Triều Xuống | J13: =C13 -> 1 | K13: =D13 -> 0 | L13: =E13 -> 1 | M13: =F13 -> 2 | N13: =G13 -> 25 | O13: =IF(K13=1,I13&" (QC - Mẫu lặp)","") | P13: =IF(L13=1,I13&" (QC - Mẫu trắng)","") -> Sài Gòn - Triều Xuống (QC - Mẫu trắng) | Q13: =IF(L13=1,I13&" (QC - Mẫu lặp)","") -> Sài Gòn - Triều Xuống (QC - Mẫu lặp)
... A29: Phú Mỹ | B29: Triều Xuống | C29: 1 | D29: {=IF(AND(INDEX('Thang 05-2026'!$A$3:$Q$102,MATCH(1,($A29='Thang 05-2026'!$A$3:$A$102)*($G29='Thang 05-2026'!$C$3:$C$102),0),11)=1,$B29="Triều Xuống"),1,IF(AND(INDEX('Thang 05-2026'!$A$3:$Q$102,MATCH(1,($A29='Thang 05-2026'!$A$3:$A$102)*($G29='Thang 05-2026'!$C$3:$C$102),0),10)=1,$B29="Triều Lên",INDEX('Thang 05-2026'!$A$3:$Q$102,MATCH(1,($A29='Thang 05-2026'!$A$3:$A$102)*($G29='Thang 05-2026'!$C$3:$C$102),0),11)=0),1,0))} -> 0 | E29: {=IF(AND(INDEX('Thang 05-2026'!$A$3:$Q$102,MATCH(1,($A29='Thang 05-2026'!$A$3:$A$102)*($G29='Thang 05-2026'!$C$3:$C$102),0),15)=1,$B29="Triều Xuống"),1,IF(AND(INDEX('Thang 05-2026'!$A$3:$Q$102,MATCH(1,($A29='Thang 05-2026'!$A$3:$A$102)*($G29='Thang 05-2026'!$C$3:$C$102),0),14)=1,$B29="Triều Lên",INDEX('Thang 05-2026'!$A$3:$Q$102,MATCH(1,($A29='Thang 05-2026'!$A$3:$A$102)*($G29='Thang 05-2026'!$C$3:$C$102),0),15)=0),1,0))} -> 0 | F29: =D29+E29+IF(E29>0,1,0) -> 0 | G29: =INDEX('Thang 05-2026'!$A$3:$C$102,MATCH(A29,'Thang 05-2026'!$A$3:$A$102,0),3) -> 27 | H29: {=INDEX('TONG HOP DIA DIEM'!$A$2:$K$181,MATCH(1,($A29='TONG HOP DIA DIEM'!$A$2:$A$181)*($B29='TONG HOP DIA DIEM'!$B$2:$B$181),0),6)} -> Phú Mỹ - HCM_NM_PM - Triều Xuống | I29: {=INDEX('TONG HOP DIA DIEM'!$A$2:$K$181,MATCH(1,($A29='TONG HOP DIA DIEM'!$A$2:$A$181)*($B29='TONG HOP DIA DIEM'!$B$2:$B$181),0),7)} -> Phú Mỹ - Triều Xuống | J29: =C29 -> 1 | K29: =D29 -> 0 | L29: =E29 -> 0 | M29: =F29 -> 0 | N29: =G29 -> 27 | O29: =IF(K29=1,I29&" (QC - Mẫu lặp)","") | P29: =IF(L29=1,I29&" (QC - Mẫu trắng)","") | Q29: =IF(L29=1,I29&" (QC - Mẫu lặp)","")
O30: =IF(K30=1,I30&" (QC - Mẫu lặp)","") | P30: =IF(L30=1,I30&" (QC - Mẫu trắng)","") | Q30: =IF(L30=1,I30&" (QC - Mẫu lặp)","")
O31: =IF(K31=1,I31&" (QC - Mẫu lặp)","") | P31: =IF(L31=1,I31&" (QC - Mẫu trắng)","") | Q31: =IF(L31=1,I31&" (QC - Mẫu lặp)","")
O32: =IF(K32=1,I32&" (QC - Mẫu lặp)","") | P32: =IF(L32=1,I32&" (QC - Mẫu trắng)","") | Q32: =IF(L32=1,I32&" (QC - Mẫu lặp)","")
O33: =IF(K33=1,I33&" (QC - Mẫu lặp)","") | P33: =IF(L33=1,I33&" (QC - Mẫu trắng)","") | Q33: =IF(L33=1,I33&" (QC - Mẫu lặp)","")
O34: =IF(K34=1,I34&" (QC - Mẫu lặp)","") | P34: =IF(L34=1,I34&" (QC - Mẫu trắng)","") | Q34: =IF(L34=1,I34&" (QC - Mẫu lặp)","")
O35: =IF(K35=1,I35&" (QC - Mẫu lặp)","") | P35: =IF(L35=1,I35&" (QC - Mẫu trắng)","") | Q35: =IF(L35=1,I35&" (QC - Mẫu lặp)","")
O36: =IF(K36=1,I36&" (QC - Mẫu lặp)","") | P36: =IF(L36=1,I36&" (QC - Mẫu trắng)","") | Q36: =IF(L36=1,I36&" (QC - Mẫu lặp)","")
O37: =IF(K37=1,I37&" (QC - Mẫu lặp)","") | P37: =IF(L37=1,I37&" (QC - Mẫu trắng)","") | Q37: =IF(L37=1,I37&" (QC - Mẫu lặp)","")
O38: =IF(K38=1,I38&" (QC - Mẫu lặp)","") | P38: =IF(L38=1,I38&" (QC - Mẫu trắng)","") | Q38: =IF(L38=1,I38&" (QC - Mẫu lặp)","")
O39: =IF(K39=1,I39&" (QC - Mẫu lặp)","") | P39: =IF(L39=1,I39&" (QC - Mẫu trắng)","") | Q39: =IF(L39=1,I39&" (QC - Mẫu lặp)","")
O40: =IF(K40=1,I40&" (QC - Mẫu lặp)","") | P40: =IF(L40=1,I40&" (QC - Mẫu trắng)","") | Q40: =IF(L40=1,I40&" (QC - Mẫu lặp)","")
O41: =IF(K41=1,I41&" (QC - Mẫu lặp)","") | P41: =IF(L41=1,I41&" (QC - Mẫu trắng)","") | Q41: =IF(L41=1,I41&" (QC - Mẫu lặp)","")
... O119: =IF(K119=1,I119&" (QC - Mẫu lặp)","") | P119: =IF(L119=1,I119&" (QC - Mẫu trắng)","") | Q119: =IF(L119=1,I119&" (QC - Mẫu lặp)","")
